iso_code,country,date,owid_avg_weekly_deaths_2015_2019
ALB,Albania,2020-01-05,532.6
ALB,Albania,2020-01-12,574.0
ALB,Albania,2020-01-19,537.2
ALB,Albania,2020-01-26,541.6
ALB,Albania,2020-02-02,511.8
ALB,Albania,2020-02-09,482.8
ALB,Albania,2020-02-16,473.8
ALB,Albania,2020-02-23,488.4
ALB,Albania,2020-03-01,500.4
ALB,Albania,2020-03-08,452.0
ALB,Albania,2020-03-15,434.4
ALB,Albania,2020-03-22,457.2
ALB,Albania,2020-03-29,419.0
ALB,Albania,2020-04-05,407.8
ALB,Albania,2020-04-12,394.4
ALB,Albania,2020-04-19,417.8
ALB,Albania,2020-04-26,413.0
ALB,Albania,2020-05-03,409.8
ALB,Albania,2020-05-10,379.4
ALB,Albania,2020-05-17,370.8
ALB,Albania,2020-05-24,381.6
ALB,Albania,2020-05-31,375.0
ALB,Albania,2020-06-07,381.4
ALB,Albania,2020-06-14,359.4
ALB,Albania,2020-06-21,401.6
ALB,Albania,2020-06-28,386.8
ALB,Albania,2020-07-05,385.6
ALB,Albania,2020-07-12,392.4
ALB,Albania,2020-07-19,389.8
ALB,Albania,2020-07-26,413.4
ALB,Albania,2020-08-02,407.6
ALB,Albania,2020-08-09,401.4
ALB,Albania,2020-08-16,402.8
ALB,Albania,2020-08-23,356.8
ALB,Albania,2020-08-30,367.0
ALB,Albania,2020-09-06,358.8
ALB,Albania,2020-09-13,347.8
ALB,Albania,2020-09-20,366.8
ALB,Albania,2020-09-27,354.6
ALB,Albania,2020-10-04,379.2
ALB,Albania,2020-10-11,356.4
ALB,Albania,2020-10-18,369.2
ALB,Albania,2020-10-25,402.6
ALB,Albania,2020-11-01,401.4
ALB,Albania,2020-11-08,406.4
ALB,Albania,2020-11-15,391.6
ALB,Albania,2020-11-22,417.6
ALB,Albania,2020-11-29,437.8
ALB,Albania,2020-12-06,442.6
ALB,Albania,2020-12-13,436.4
ALB,Albania,2020-12-20,457.8
ALB,Albania,2020-12-27,498.4
ALB,Albania,2021-01-03,498.4
ARM,Armenia,2020-01-31,2727.6
ARM,Armenia,2020-02-29,2380.2
ARM,Armenia,2020-03-31,2449.6
ARM,Armenia,2020-04-30,2220.4
ARM,Armenia,2020-05-31,2254.4
ARM,Armenia,2020-06-30,2078.2
ARM,Armenia,2020-07-31,2151.6
ARM,Armenia,2020-08-31,2083.2
ARM,Armenia,2020-09-30,1811.6
ARM,Armenia,2020-10-31,2115.2
ARM,Armenia,2020-11-30,2316.8
ARM,Armenia,2020-12-31,2458.6
AUS,Australia,2020-01-05,2483.6
AUS,Australia,2020-01-12,2496.4
AUS,Australia,2020-01-19,2453.6
AUS,Australia,2020-01-26,2441.0
AUS,Australia,2020-02-02,2454.4
AUS,Australia,2020-02-09,2464.2
AUS,Australia,2020-02-16,2445.0
AUS,Australia,2020-02-23,2504.6
AUS,Australia,2020-03-01,2494.2
AUS,Australia,2020-03-08,2510.8
AUS,Australia,2020-03-15,2464.2
AUS,Australia,2020-03-22,2510.2
AUS,Australia,2020-03-29,2525.6
AUS,Australia,2020-04-05,2519.2
AUS,Australia,2020-04-12,2578.0
AUS,Australia,2020-04-19,2594.4
AUS,Australia,2020-04-26,2567.4
AUS,Australia,2020-05-03,2595.4
AUS,Australia,2020-05-10,2720.2
AUS,Australia,2020-05-17,2754.0
AUS,Australia,2020-05-24,2785.2
AUS,Australia,2020-05-31,2796.4
AUS,Australia,2020-06-07,2906.0
AUS,Australia,2020-06-14,2811.0
AUS,Australia,2020-06-21,2843.2
AUS,Australia,2020-06-28,2896.2
AUS,Australia,2020-07-05,2968.2
AUS,Australia,2020-07-12,2941.6
AUS,Australia,2020-07-19,3042.0
AUS,Australia,2020-07-26,3024.8
AUS,Australia,2020-08-02,2998.0
AUS,Australia,2020-08-09,3064.6
AUS,Australia,2020-08-16,3040.2
AUS,Australia,2020-08-23,3084.8
AUS,Australia,2020-08-30,3085.4
AUS,Australia,2020-09-06,3047.8
AUS,Australia,2020-09-13,2969.0
AUS,Australia,2020-09-20,2883.8
AUS,Australia,2020-09-27,2820.4
AUS,Australia,2020-10-04,2799.0
AUS,Australia,2020-10-11,2765.6
AUS,Australia,2020-10-18,2707.6
AUS,Australia,2020-10-25,2627.0
AUS,Australia,2020-11-01,2646.6
AUS,Australia,2020-11-08,2596.0
AUS,Australia,2020-11-15,2582.2
AUS,Australia,2020-11-22,2563.2
AUS,Australia,2020-11-29,2546.2
AUS,Australia,2020-12-06,2518.4
AUS,Australia,2020-12-13,2565.0
AUS,Australia,2020-12-20,2502.4
AUS,Australia,2020-12-27,2467.8
AUS,Australia,2021-01-03,2467.8
AUT,Austria,2020-01-05,1809.0
AUT,Austria,2020-01-12,1857.0
AUT,Austria,2020-01-19,1786.4
AUT,Austria,2020-01-26,1747.0
AUT,Austria,2020-02-02,1818.6
AUT,Austria,2020-02-09,1836.8
AUT,Austria,2020-02-16,1812.8
AUT,Austria,2020-02-23,1822.0
AUT,Austria,2020-03-01,1815.6
AUT,Austria,2020-03-08,1753.6
AUT,Austria,2020-03-15,1711.4
AUT,Austria,2020-03-22,1598.0
AUT,Austria,2020-03-29,1645.8
AUT,Austria,2020-04-05,1585.4
AUT,Austria,2020-04-12,1546.2
AUT,Austria,2020-04-19,1523.4
AUT,Austria,2020-04-26,1470.2
AUT,Austria,2020-05-03,1464.6
AUT,Austria,2020-05-10,1439.4
AUT,Austria,2020-05-17,1463.0
AUT,Austria,2020-05-24,1421.6
AUT,Austria,2020-05-31,1414.4
AUT,Austria,2020-06-07,1412.4
AUT,Austria,2020-06-14,1443.4
AUT,Austria,2020-06-21,1407.6
AUT,Austria,2020-06-28,1399.8
AUT,Austria,2020-07-05,1435.2
AUT,Austria,2020-07-12,1377.4
AUT,Austria,2020-07-19,1469.8
AUT,Austria,2020-07-26,1488.8
AUT,Austria,2020-08-02,1504.8
AUT,Austria,2020-08-09,1426.2
AUT,Austria,2020-08-16,1460.6
AUT,Austria,2020-08-23,1433.8
AUT,Austria,2020-08-30,1426.8
AUT,Austria,2020-09-06,1377.2
AUT,Austria,2020-09-13,1424.8
AUT,Austria,2020-09-20,1423.0
AUT,Austria,2020-09-27,1471.6
AUT,Austria,2020-10-04,1510.4
AUT,Austria,2020-10-11,1519.0
AUT,Austria,2020-10-18,1505.2
AUT,Austria,2020-10-25,1509.0
AUT,Austria,2020-11-01,1513.0
AUT,Austria,2020-11-08,1509.4
AUT,Austria,2020-11-15,1552.4
AUT,Austria,2020-11-22,1538.0
AUT,Austria,2020-11-29,1546.2
AUT,Austria,2020-12-06,1603.0
AUT,Austria,2020-12-13,1606.8
AUT,Austria,2020-12-20,1653.6
AUT,Austria,2020-12-27,1735.2
AUT,Austria,2021-01-03,1735.2
AZE,Azerbaijan,2020-01-31,5436.25
AZE,Azerbaijan,2020-02-29,4998.75
AZE,Azerbaijan,2020-03-31,4705.5
AZE,Azerbaijan,2020-04-30,5095.0
AZE,Azerbaijan,2020-05-31,4738.5
AZE,Azerbaijan,2020-06-30,4123.5
AZE,Azerbaijan,2020-07-31,4953.0
AZE,Azerbaijan,2020-08-31,4609.25
AZE,Azerbaijan,2020-09-30,4137.75
AZE,Azerbaijan,2020-10-31,4515.5
AZE,Azerbaijan,2020-11-30,4654.75
AZE,Azerbaijan,2020-12-31,4895.75
BEL,Belgium,2020-01-05,2390.4
BEL,Belgium,2020-01-12,2431.6
BEL,Belgium,2020-01-19,2422.8
BEL,Belgium,2020-01-26,2422.4
BEL,Belgium,2020-02-02,2510.0
BEL,Belgium,2020-02-09,2488.4
BEL,Belgium,2020-02-16,2523.6
BEL,Belgium,2020-02-23,2487.8
BEL,Belgium,2020-03-01,2544.8
BEL,Belgium,2020-03-08,2452.8
BEL,Belgium,2020-03-15,2344.6
BEL,Belgium,2020-03-22,2322.2
BEL,Belgium,2020-03-29,2226.8
BEL,Belgium,2020-04-05,2119.6
BEL,Belgium,2020-04-12,2095.2
BEL,Belgium,2020-04-19,2051.4
BEL,Belgium,2020-04-26,2032.2
BEL,Belgium,2020-05-03,2012.2
BEL,Belgium,2020-05-10,2030.2
BEL,Belgium,2020-05-17,1981.2
BEL,Belgium,2020-05-24,1970.2
BEL,Belgium,2020-05-31,1931.4
BEL,Belgium,2020-06-07,1878.0
BEL,Belgium,2020-06-14,1860.6
BEL,Belgium,2020-06-21,1922.6
BEL,Belgium,2020-06-28,1897.0
BEL,Belgium,2020-07-05,2023.2
BEL,Belgium,2020-07-12,1861.8
BEL,Belgium,2020-07-19,1904.8
BEL,Belgium,2020-07-26,1995.8
BEL,Belgium,2020-08-02,1885.4
BEL,Belgium,2020-08-09,1875.4
BEL,Belgium,2020-08-16,1855.2
BEL,Belgium,2020-08-23,1901.8
BEL,Belgium,2020-08-30,1908.0
BEL,Belgium,2020-09-06,1848.0
BEL,Belgium,2020-09-13,1864.4
BEL,Belgium,2020-09-20,1882.8
BEL,Belgium,2020-09-27,1907.6
BEL,Belgium,2020-10-04,1969.0
BEL,Belgium,2020-10-11,2020.0
BEL,Belgium,2020-10-18,2005.0
BEL,Belgium,2020-10-25,1991.8
BEL,Belgium,2020-11-01,1983.4
BEL,Belgium,2020-11-08,2006.6
BEL,Belgium,2020-11-15,2044.0
BEL,Belgium,2020-11-22,2104.8
BEL,Belgium,2020-11-29,2104.2
BEL,Belgium,2020-12-06,2164.6
BEL,Belgium,2020-12-13,2221.0
BEL,Belgium,2020-12-20,2255.6
BEL,Belgium,2020-12-27,2240.4
BEL,Belgium,2021-01-03,2240.4
BGR,Bulgaria,2020-01-05,2584.6
BGR,Bulgaria,2020-01-12,2574.4
BGR,Bulgaria,2020-01-19,2528.6
BGR,Bulgaria,2020-01-26,2508.2
BGR,Bulgaria,2020-02-02,2460.8
BGR,Bulgaria,2020-02-09,2313.8
BGR,Bulgaria,2020-02-16,2294.6
BGR,Bulgaria,2020-02-23,2288.6
BGR,Bulgaria,2020-03-01,2280.4
BGR,Bulgaria,2020-03-08,2267.6
BGR,Bulgaria,2020-03-15,2204.0
BGR,Bulgaria,2020-03-22,2162.0
BGR,Bulgaria,2020-03-29,2143.8
BGR,Bulgaria,2020-04-05,2131.4
BGR,Bulgaria,2020-04-12,2074.6
BGR,Bulgaria,2020-04-19,2066.2
BGR,Bulgaria,2020-04-26,2053.0
BGR,Bulgaria,2020-05-03,2013.0
BGR,Bulgaria,2020-05-10,2029.4
BGR,Bulgaria,2020-05-17,1970.6
BGR,Bulgaria,2020-05-24,1973.2
BGR,Bulgaria,2020-05-31,1953.8
BGR,Bulgaria,2020-06-07,1919.4
BGR,Bulgaria,2020-06-14,1935.6
BGR,Bulgaria,2020-06-21,1962.0
BGR,Bulgaria,2020-06-28,1957.8
BGR,Bulgaria,2020-07-05,1898.8
BGR,Bulgaria,2020-07-12,1940.8
BGR,Bulgaria,2020-07-19,1872.0
BGR,Bulgaria,2020-07-26,1972.8
BGR,Bulgaria,2020-08-02,1961.6
BGR,Bulgaria,2020-08-09,1933.6
BGR,Bulgaria,2020-08-16,1860.2
BGR,Bulgaria,2020-08-23,1833.0
BGR,Bulgaria,2020-08-30,1820.0
BGR,Bulgaria,2020-09-06,1814.0
BGR,Bulgaria,2020-09-13,1818.2
BGR,Bulgaria,2020-09-20,1812.4
BGR,Bulgaria,2020-09-27,1804.4
BGR,Bulgaria,2020-10-04,1948.0
BGR,Bulgaria,2020-10-11,1986.6
BGR,Bulgaria,2020-10-18,2057.8
BGR,Bulgaria,2020-10-25,2052.2
BGR,Bulgaria,2020-11-01,2087.0
BGR,Bulgaria,2020-11-08,2104.2
BGR,Bulgaria,2020-11-15,2124.8
BGR,Bulgaria,2020-11-22,2082.6
BGR,Bulgaria,2020-11-29,2102.0
BGR,Bulgaria,2020-12-06,2155.8
BGR,Bulgaria,2020-12-13,2194.8
BGR,Bulgaria,2020-12-20,2225.6
BGR,Bulgaria,2020-12-27,2356.6
BGR,Bulgaria,2021-01-03,2356.6
BLR,Belarus,2020-01-31,11445.8
BLR,Belarus,2020-02-29,9892.6
BLR,Belarus,2020-03-31,10779.8
BLR,Belarus,2020-04-30,10237.6
BLR,Belarus,2020-05-31,10280.4
BLR,Belarus,2020-06-30,9326.2
BLR,Belarus,2020-07-31,9501.0
BLR,Belarus,2020-08-31,9245.2
BLR,Belarus,2020-09-30,9126.4
BLR,Belarus,2020-10-31,10394.0
BLR,Belarus,2020-11-30,9536.6
BLR,Belarus,2020-12-31,10165.8
BOL,Bolivia,2020-01-31,4399.25
BOL,Bolivia,2020-02-29,4018.25
BOL,Bolivia,2020-03-31,4396.0
BOL,Bolivia,2020-04-30,4177.25
BOL,Bolivia,2020-05-31,4406.75
BOL,Bolivia,2020-06-30,4574.0
BOL,Bolivia,2020-07-31,4600.75
BOL,Bolivia,2020-08-31,4494.5
BOL,Bolivia,2020-09-30,4223.75
BOL,Bolivia,2020-10-31,4329.0
BOL,Bolivia,2020-11-30,4104.5
BOL,Bolivia,2020-12-31,4405.75
BRA,Brazil,2020-01-31,107200.8
BRA,Brazil,2020-02-29,96648.6
BRA,Brazil,2020-03-31,108378.6
BRA,Brazil,2020-04-30,108504.6
BRA,Brazil,2020-05-31,115587.2
BRA,Brazil,2020-06-30,115331.6
BRA,Brazil,2020-07-31,119659.2
BRA,Brazil,2020-08-31,113413.0
BRA,Brazil,2020-09-30,106914.0
BRA,Brazil,2020-10-31,108218.4
BRA,Brazil,2020-11-30,102370.2
BRA,Brazil,2020-12-31,108400.4
CAN,Canada,2020-01-05,6067.0
CAN,Canada,2020-01-12,6091.0
CAN,Canada,2020-01-19,6038.0
CAN,Canada,2020-01-26,5902.0
CAN,Canada,2020-02-02,5776.0
CAN,Canada,2020-02-09,5746.0
CAN,Canada,2020-02-16,5735.0
CAN,Canada,2020-02-23,5709.0
CAN,Canada,2020-03-01,5638.0
CAN,Canada,2020-03-08,5620.0
CAN,Canada,2020-03-15,5525.0
CAN,Canada,2020-03-22,5503.0
CAN,Canada,2020-03-29,5464.0
CAN,Canada,2020-04-05,5371.0
CAN,Canada,2020-04-12,5361.0
CAN,Canada,2020-04-19,5288.0
CAN,Canada,2020-04-26,5249.0
CAN,Canada,2020-05-03,5291.0
CAN,Canada,2020-05-10,5165.0
CAN,Canada,2020-05-17,5048.0
CAN,Canada,2020-05-24,5036.0
CAN,Canada,2020-05-31,4920.0
CAN,Canada,2020-06-07,4929.0
CAN,Canada,2020-06-14,4900.0
CAN,Canada,2020-06-21,4871.0
CAN,Canada,2020-06-28,4880.0
CAN,Canada,2020-07-05,4905.0
CAN,Canada,2020-07-12,4856.0
CAN,Canada,2020-07-19,4793.0
CAN,Canada,2020-07-26,4879.0
CAN,Canada,2020-08-02,4790.0
CAN,Canada,2020-08-09,4849.0
CAN,Canada,2020-08-16,4855.0
CAN,Canada,2020-08-23,4828.0
CAN,Canada,2020-08-30,4893.0
CAN,Canada,2020-09-06,4908.0
CAN,Canada,2020-09-13,4937.0
CAN,Canada,2020-09-20,4950.0
CAN,Canada,2020-09-27,5088.0
CAN,Canada,2020-10-04,5194.0
CAN,Canada,2020-10-11,5206.0
CAN,Canada,2020-10-18,5279.0
CAN,Canada,2020-10-25,5268.0
CAN,Canada,2020-11-01,5337.0
CAN,Canada,2020-11-08,5311.0
CAN,Canada,2020-11-15,5314.0
CAN,Canada,2020-11-22,5333.0
CAN,Canada,2020-11-29,5402.0
CAN,Canada,2020-12-06,5421.0
CAN,Canada,2020-12-13,5465.0
CAN,Canada,2020-12-20,5578.0
CAN,Canada,2020-12-27,5706.0
CAN,Canada,2021-01-03,5706.0
CHE,Switzerland,2020-01-05,1468.6
CHE,Switzerland,2020-01-12,1479.6
CHE,Switzerland,2020-01-19,1489.0
CHE,Switzerland,2020-01-26,1457.6
CHE,Switzerland,2020-02-02,1467.0
CHE,Switzerland,2020-02-09,1502.0
CHE,Switzerland,2020-02-16,1506.6
CHE,Switzerland,2020-02-23,1508.0
CHE,Switzerland,2020-03-01,1521.4
CHE,Switzerland,2020-03-08,1447.2
CHE,Switzerland,2020-03-15,1388.4
CHE,Switzerland,2020-03-22,1339.8
CHE,Switzerland,2020-03-29,1283.0
CHE,Switzerland,2020-04-05,1299.8
CHE,Switzerland,2020-04-12,1235.2
CHE,Switzerland,2020-04-19,1228.2
CHE,Switzerland,2020-04-26,1198.6
CHE,Switzerland,2020-05-03,1227.8
CHE,Switzerland,2020-05-10,1196.0
CHE,Switzerland,2020-05-17,1174.0
CHE,Switzerland,2020-05-24,1207.2
CHE,Switzerland,2020-05-31,1155.8
CHE,Switzerland,2020-06-07,1162.4
CHE,Switzerland,2020-06-14,1138.4
CHE,Switzerland,2020-06-21,1174.0
CHE,Switzerland,2020-06-28,1191.8
CHE,Switzerland,2020-07-05,1191.0
CHE,Switzerland,2020-07-12,1182.4
CHE,Switzerland,2020-07-19,1222.0
CHE,Switzerland,2020-07-26,1191.6
CHE,Switzerland,2020-08-02,1171.2
CHE,Switzerland,2020-08-09,1164.8
CHE,Switzerland,2020-08-16,1163.6
CHE,Switzerland,2020-08-23,1177.4
CHE,Switzerland,2020-08-30,1165.2
CHE,Switzerland,2020-09-06,1167.6
CHE,Switzerland,2020-09-13,1192.4
CHE,Switzerland,2020-09-20,1209.6
CHE,Switzerland,2020-09-27,1218.2
CHE,Switzerland,2020-10-04,1255.0
CHE,Switzerland,2020-10-11,1243.6
CHE,Switzerland,2020-10-18,1243.2
CHE,Switzerland,2020-10-25,1237.4
CHE,Switzerland,2020-11-01,1249.2
CHE,Switzerland,2020-11-08,1258.8
CHE,Switzerland,2020-11-15,1283.0
CHE,Switzerland,2020-11-22,1275.8
CHE,Switzerland,2020-11-29,1335.6
CHE,Switzerland,2020-12-06,1319.6
CHE,Switzerland,2020-12-13,1324.2
CHE,Switzerland,2020-12-20,1366.2
CHE,Switzerland,2020-12-27,1387.2
CHE,Switzerland,2021-01-03,1387.2
CHL,Chile,2020-01-05,1931.75
CHL,Chile,2020-01-12,1843.25
CHL,Chile,2020-01-19,1893.25
CHL,Chile,2020-01-26,1910.25
CHL,Chile,2020-02-02,1914.75
CHL,Chile,2020-02-09,1836.25
CHL,Chile,2020-02-16,1833.25
CHL,Chile,2020-02-23,1880.5
CHL,Chile,2020-03-01,1782.5
CHL,Chile,2020-03-08,1789.25
CHL,Chile,2020-03-15,1795.5
CHL,Chile,2020-03-22,1806.25
CHL,Chile,2020-03-29,1841.25
CHL,Chile,2020-04-05,1886.5
CHL,Chile,2020-04-12,1951.5
CHL,Chile,2020-04-19,1909.0
CHL,Chile,2020-04-26,1984.5
CHL,Chile,2020-05-03,1979.5
CHL,Chile,2020-05-10,1955.75
CHL,Chile,2020-05-17,2037.5
CHL,Chile,2020-05-24,2176.75
CHL,Chile,2020-05-31,2208.25
CHL,Chile,2020-06-07,2310.5
CHL,Chile,2020-06-14,2415.25
CHL,Chile,2020-06-21,2425.5
CHL,Chile,2020-06-28,2441.25
CHL,Chile,2020-07-05,2390.0
CHL,Chile,2020-07-12,2361.0
CHL,Chile,2020-07-19,2424.75
CHL,Chile,2020-07-26,2370.0
CHL,Chile,2020-08-02,2344.0
CHL,Chile,2020-08-09,2277.75
CHL,Chile,2020-08-16,2245.0
CHL,Chile,2020-08-23,2223.25
CHL,Chile,2020-08-30,2155.0
CHL,Chile,2020-09-06,2213.25
CHL,Chile,2020-09-13,2154.5
CHL,Chile,2020-09-20,2213.5
CHL,Chile,2020-09-27,2122.75
CHL,Chile,2020-10-04,2069.5
CHL,Chile,2020-10-11,2005.75
CHL,Chile,2020-10-18,1981.0
CHL,Chile,2020-10-25,1958.25
CHL,Chile,2020-11-01,1942.0
CHL,Chile,2020-11-08,1946.5
CHL,Chile,2020-11-15,1898.0
CHL,Chile,2020-11-22,1942.25
CHL,Chile,2020-11-29,1895.5
CHL,Chile,2020-12-06,1850.0
CHL,Chile,2020-12-13,1889.0
CHL,Chile,2020-12-20,1875.25
CHL,Chile,2020-12-27,1751.75
CHL,Chile,2021-01-03,1751.75
COL,Colombia,2020-01-05,4808.8
COL,Colombia,2020-01-12,4591.4
COL,Colombia,2020-01-19,4604.4
COL,Colombia,2020-01-26,4471.4
COL,Colombia,2020-02-02,4361.4
COL,Colombia,2020-02-09,4301.8
COL,Colombia,2020-02-16,4249.6
COL,Colombia,2020-02-23,4230.2
COL,Colombia,2020-03-01,4270.4
COL,Colombia,2020-03-08,4303.2
COL,Colombia,2020-03-15,4347.8
COL,Colombia,2020-03-22,4296.8
COL,Colombia,2020-03-29,4316.4
COL,Colombia,2020-04-05,4278.0
COL,Colombia,2020-04-12,4255.0
COL,Colombia,2020-04-19,4262.8
COL,Colombia,2020-04-26,4263.0
COL,Colombia,2020-05-03,4331.2
COL,Colombia,2020-05-10,4368.2
COL,Colombia,2020-05-17,4518.8
COL,Colombia,2020-05-24,4478.2
COL,Colombia,2020-05-31,4485.0
COL,Colombia,2020-06-07,4542.6
COL,Colombia,2020-06-14,4514.8
COL,Colombia,2020-06-21,4554.6
COL,Colombia,2020-06-28,4592.0
COL,Colombia,2020-07-05,4567.0
COL,Colombia,2020-07-12,4543.6
COL,Colombia,2020-07-19,4444.8
COL,Colombia,2020-07-26,4322.2
COL,Colombia,2020-08-02,4363.8
COL,Colombia,2020-08-09,4442.8
COL,Colombia,2020-08-16,4399.2
COL,Colombia,2020-08-23,4336.0
COL,Colombia,2020-08-30,4352.6
COL,Colombia,2020-09-06,4348.4
COL,Colombia,2020-09-13,4310.6
COL,Colombia,2020-09-20,4372.2
COL,Colombia,2020-09-27,4257.6
COL,Colombia,2020-10-04,4307.2
COL,Colombia,2020-10-11,4335.0
COL,Colombia,2020-10-18,4321.4
COL,Colombia,2020-10-25,4239.4
COL,Colombia,2020-11-01,4357.2
COL,Colombia,2020-11-08,4379.8
COL,Colombia,2020-11-15,4391.4
COL,Colombia,2020-11-22,4422.0
COL,Colombia,2020-11-29,4471.6
COL,Colombia,2020-12-06,4591.4
COL,Colombia,2020-12-13,4597.2
COL,Colombia,2020-12-20,4619.6
COL,Colombia,2020-12-27,4794.2
COL,Colombia,2021-01-03,4794.2
CRI,Costa Rica,2020-01-31,1945.8
CRI,Costa Rica,2020-02-29,1730.0
CRI,Costa Rica,2020-03-31,1855.4
CRI,Costa Rica,2020-04-30,1842.2
CRI,Costa Rica,2020-05-31,1900.6
CRI,Costa Rica,2020-06-30,1914.6
CRI,Costa Rica,2020-07-31,1912.6
CRI,Costa Rica,2020-08-31,1902.2
CRI,Costa Rica,2020-09-30,1894.0
CRI,Costa Rica,2020-10-31,1958.4
CRI,Costa Rica,2020-11-30,2007.0
CRI,Costa Rica,2020-12-31,2169.0
CYP,Cyprus,2020-01-05,130.8
CYP,Cyprus,2020-01-12,142.8
CYP,Cyprus,2020-01-19,137.2
CYP,Cyprus,2020-01-26,145.8
CYP,Cyprus,2020-02-02,146.8
CYP,Cyprus,2020-02-09,157.6
CYP,Cyprus,2020-02-16,138.0
CYP,Cyprus,2020-02-23,130.4
CYP,Cyprus,2020-03-01,135.8
CYP,Cyprus,2020-03-08,125.0
CYP,Cyprus,2020-03-15,123.4
CYP,Cyprus,2020-03-22,122.8
CYP,Cyprus,2020-03-29,113.0
CYP,Cyprus,2020-04-05,119.8
CYP,Cyprus,2020-04-12,112.6
CYP,Cyprus,2020-04-19,114.2
CYP,Cyprus,2020-04-26,117.8
CYP,Cyprus,2020-05-03,115.2
CYP,Cyprus,2020-05-10,103.0
CYP,Cyprus,2020-05-17,96.8
CYP,Cyprus,2020-05-24,107.4
CYP,Cyprus,2020-05-31,101.6
CYP,Cyprus,2020-06-07,94.2
CYP,Cyprus,2020-06-14,90.6
CYP,Cyprus,2020-06-21,107.4
CYP,Cyprus,2020-06-28,101.4
CYP,Cyprus,2020-07-05,99.8
CYP,Cyprus,2020-07-12,114.0
CYP,Cyprus,2020-07-19,98.8
CYP,Cyprus,2020-07-26,99.4
CYP,Cyprus,2020-08-02,102.8
CYP,Cyprus,2020-08-09,107.0
CYP,Cyprus,2020-08-16,92.0
CYP,Cyprus,2020-08-23,100.6
CYP,Cyprus,2020-08-30,107.2
CYP,Cyprus,2020-09-06,97.0
CYP,Cyprus,2020-09-13,105.2
CYP,Cyprus,2020-09-20,96.0
CYP,Cyprus,2020-09-27,97.8
CYP,Cyprus,2020-10-04,97.8
CYP,Cyprus,2020-10-11,99.8
CYP,Cyprus,2020-10-18,99.2
CYP,Cyprus,2020-10-25,97.4
CYP,Cyprus,2020-11-01,106.4
CYP,Cyprus,2020-11-08,100.2
CYP,Cyprus,2020-11-15,114.8
CYP,Cyprus,2020-11-22,103.6
CYP,Cyprus,2020-11-29,116.8
CYP,Cyprus,2020-12-06,116.0
CYP,Cyprus,2020-12-13,113.8
CYP,Cyprus,2020-12-20,130.8
CYP,Cyprus,2020-12-27,122.6
CYP,Cyprus,2021-01-03,122.6
CZE,Czech Republic,2020-01-05,2365.4
CZE,Czech Republic,2020-01-12,2342.6
CZE,Czech Republic,2020-01-19,2389.0
CZE,Czech Republic,2020-01-26,2386.2
CZE,Czech Republic,2020-02-02,2405.6
CZE,Czech Republic,2020-02-09,2466.4
CZE,Czech Republic,2020-02-16,2499.0
CZE,Czech Republic,2020-02-23,2501.0
CZE,Czech Republic,2020-03-01,2465.8
CZE,Czech Republic,2020-03-08,2411.0
CZE,Czech Republic,2020-03-15,2330.8
CZE,Czech Republic,2020-03-22,2265.8
CZE,Czech Republic,2020-03-29,2199.0
CZE,Czech Republic,2020-04-05,2161.8
CZE,Czech Republic,2020-04-12,2116.4
CZE,Czech Republic,2020-04-19,2066.0
CZE,Czech Republic,2020-04-26,2110.2
CZE,Czech Republic,2020-05-03,2027.4
CZE,Czech Republic,2020-05-10,2022.8
CZE,Czech Republic,2020-05-17,1981.6
CZE,Czech Republic,2020-05-24,1986.6
CZE,Czech Republic,2020-05-31,2038.4
CZE,Czech Republic,2020-06-07,1956.4
CZE,Czech Republic,2020-06-14,1957.4
CZE,Czech Republic,2020-06-21,1948.0
CZE,Czech Republic,2020-06-28,1961.2
CZE,Czech Republic,2020-07-05,1982.8
CZE,Czech Republic,2020-07-12,1988.0
CZE,Czech Republic,2020-07-19,1993.8
CZE,Czech Republic,2020-07-26,2029.0
CZE,Czech Republic,2020-08-02,2035.8
CZE,Czech Republic,2020-08-09,2019.8
CZE,Czech Republic,2020-08-16,2056.0
CZE,Czech Republic,2020-08-23,1962.0
CZE,Czech Republic,2020-08-30,1956.4
CZE,Czech Republic,2020-09-06,1958.0
CZE,Czech Republic,2020-09-13,1960.2
CZE,Czech Republic,2020-09-20,1987.8
CZE,Czech Republic,2020-09-27,2018.2
CZE,Czech Republic,2020-10-04,2101.8
CZE,Czech Republic,2020-10-11,2109.4
CZE,Czech Republic,2020-10-18,2072.8
CZE,Czech Republic,2020-10-25,2079.4
CZE,Czech Republic,2020-11-01,2056.0
CZE,Czech Republic,2020-11-08,2036.8
CZE,Czech Republic,2020-11-15,2087.2
CZE,Czech Republic,2020-11-22,2088.8
CZE,Czech Republic,2020-11-29,2089.8
CZE,Czech Republic,2020-12-06,2118.6
CZE,Czech Republic,2020-12-13,2160.2
CZE,Czech Republic,2020-12-20,2222.8
CZE,Czech Republic,2020-12-27,2248.0
CZE,Czech Republic,2021-01-03,2248.0
DEU,Germany,2020-01-05,19353.25
DEU,Germany,2020-01-12,19612.25
DEU,Germany,2020-01-19,19553.25
DEU,Germany,2020-01-26,19866.5
DEU,Germany,2020-02-02,20375.75
DEU,Germany,2020-02-09,20338.0
DEU,Germany,2020-02-16,20642.5
DEU,Germany,2020-02-23,20994.5
DEU,Germany,2020-03-01,21545.25
DEU,Germany,2020-03-08,21305.0
DEU,Germany,2020-03-15,20454.0
DEU,Germany,2020-03-22,19564.75
DEU,Germany,2020-03-29,18954.0
DEU,Germany,2020-04-05,18495.25
DEU,Germany,2020-04-12,17907.5
DEU,Germany,2020-04-19,17373.25
DEU,Germany,2020-04-26,17418.5
DEU,Germany,2020-05-03,16977.25
DEU,Germany,2020-05-10,17329.0
DEU,Germany,2020-05-17,16870.75
DEU,Germany,2020-05-24,16582.5
DEU,Germany,2020-05-31,16802.0
DEU,Germany,2020-06-07,16462.5
DEU,Germany,2020-06-14,15967.5
DEU,Germany,2020-06-21,16552.75
DEU,Germany,2020-06-28,16565.5
DEU,Germany,2020-07-05,16456.75
DEU,Germany,2020-07-12,16041.0
DEU,Germany,2020-07-19,16783.0
DEU,Germany,2020-07-26,17546.25
DEU,Germany,2020-08-02,17334.5
DEU,Germany,2020-08-09,16572.25
DEU,Germany,2020-08-16,16307.5
DEU,Germany,2020-08-23,16475.5
DEU,Germany,2020-08-30,16450.5
DEU,Germany,2020-09-06,16050.0
DEU,Germany,2020-09-13,16278.25
DEU,Germany,2020-09-20,16315.5
DEU,Germany,2020-09-27,16613.5
DEU,Germany,2020-10-04,16634.25
DEU,Germany,2020-10-11,17389.0
DEU,Germany,2020-10-18,17250.75
DEU,Germany,2020-10-25,17145.0
DEU,Germany,2020-11-01,17181.25
DEU,Germany,2020-11-08,17654.0
DEU,Germany,2020-11-15,17817.25
DEU,Germany,2020-11-22,17976.75
DEU,Germany,2020-11-29,18173.75
DEU,Germany,2020-12-06,18643.25
DEU,Germany,2020-12-13,18608.25
DEU,Germany,2020-12-20,18982.0
DEU,Germany,2020-12-27,18638.5
DEU,Germany,2021-01-03,18638.5
DNK,Denmark,2020-01-05,1121.4
DNK,Denmark,2020-01-12,1115.0
DNK,Denmark,2020-01-19,1102.4
DNK,Denmark,2020-01-26,1100.0
DNK,Denmark,2020-02-02,1149.2
DNK,Denmark,2020-02-09,1138.8
DNK,Denmark,2020-02-16,1167.4
DNK,Denmark,2020-02-23,1156.2
DNK,Denmark,2020-03-01,1182.4
DNK,Denmark,2020-03-08,1169.6
DNK,Denmark,2020-03-15,1158.2
DNK,Denmark,2020-03-22,1122.2
DNK,Denmark,2020-03-29,1085.2
DNK,Denmark,2020-04-05,1055.6
DNK,Denmark,2020-04-12,1068.6
DNK,Denmark,2020-04-19,1025.4
DNK,Denmark,2020-04-26,983.2
DNK,Denmark,2020-05-03,1034.8
DNK,Denmark,2020-05-10,1013.8
DNK,Denmark,2020-05-17,972.8
DNK,Denmark,2020-05-24,968.2
DNK,Denmark,2020-05-31,969.2
DNK,Denmark,2020-06-07,971.4
DNK,Denmark,2020-06-14,974.0
DNK,Denmark,2020-06-21,969.8
DNK,Denmark,2020-06-28,929.8
DNK,Denmark,2020-07-05,942.6
DNK,Denmark,2020-07-12,942.8
DNK,Denmark,2020-07-19,958.0
DNK,Denmark,2020-07-26,979.2
DNK,Denmark,2020-08-02,965.8
DNK,Denmark,2020-08-09,956.4
DNK,Denmark,2020-08-16,944.2
DNK,Denmark,2020-08-23,969.2
DNK,Denmark,2020-08-30,941.0
DNK,Denmark,2020-09-06,942.0
DNK,Denmark,2020-09-13,950.2
DNK,Denmark,2020-09-20,965.2
DNK,Denmark,2020-09-27,979.0
DNK,Denmark,2020-10-04,970.4
DNK,Denmark,2020-10-11,991.8
DNK,Denmark,2020-10-18,982.8
DNK,Denmark,2020-10-25,983.8
DNK,Denmark,2020-11-01,986.6
DNK,Denmark,2020-11-08,996.4
DNK,Denmark,2020-11-15,1018.2
DNK,Denmark,2020-11-22,1019.2
DNK,Denmark,2020-11-29,1041.8
DNK,Denmark,2020-12-06,1080.8
DNK,Denmark,2020-12-13,1070.6
DNK,Denmark,2020-12-20,1056.0
DNK,Denmark,2020-12-27,1064.2
DNK,Denmark,2021-01-03,1064.2
ECU,Ecuador,2020-01-05,1392.2
ECU,Ecuador,2020-01-12,1392.0
ECU,Ecuador,2020-01-19,1381.0
ECU,Ecuador,2020-01-26,1370.6
ECU,Ecuador,2020-02-02,1356.6
ECU,Ecuador,2020-02-09,1389.2
ECU,Ecuador,2020-02-16,1388.4
ECU,Ecuador,2020-02-23,1385.6
ECU,Ecuador,2020-03-01,1388.4
ECU,Ecuador,2020-03-08,1454.8
ECU,Ecuador,2020-03-15,1424.8
ECU,Ecuador,2020-03-22,1374.8
ECU,Ecuador,2020-03-29,1376.6
ECU,Ecuador,2020-04-05,1403.6
ECU,Ecuador,2020-04-12,1495.4
ECU,Ecuador,2020-04-19,1352.0
ECU,Ecuador,2020-04-26,1331.2
ECU,Ecuador,2020-05-03,1356.6
ECU,Ecuador,2020-05-10,1301.8
ECU,Ecuador,2020-05-17,1343.8
ECU,Ecuador,2020-05-24,1318.4
ECU,Ecuador,2020-05-31,1327.8
ECU,Ecuador,2020-06-07,1341.0
ECU,Ecuador,2020-06-14,1311.0
ECU,Ecuador,2020-06-21,1331.0
ECU,Ecuador,2020-06-28,1333.2
ECU,Ecuador,2020-07-05,1339.4
ECU,Ecuador,2020-07-12,1304.8
ECU,Ecuador,2020-07-19,1317.6
ECU,Ecuador,2020-07-26,1284.2
ECU,Ecuador,2020-08-02,1322.6
ECU,Ecuador,2020-08-09,1313.4
ECU,Ecuador,2020-08-16,1328.2
ECU,Ecuador,2020-08-23,1291.6
ECU,Ecuador,2020-08-30,1356.0
ECU,Ecuador,2020-09-06,1307.6
ECU,Ecuador,2020-09-13,1291.6
ECU,Ecuador,2020-09-20,1286.6
ECU,Ecuador,2020-09-27,1294.0
ECU,Ecuador,2020-10-04,1319.8
ECU,Ecuador,2020-10-11,1284.2
ECU,Ecuador,2020-10-18,1288.4
ECU,Ecuador,2020-10-25,1290.0
ECU,Ecuador,2020-11-01,1321.4
ECU,Ecuador,2020-11-08,1346.2
ECU,Ecuador,2020-11-15,1308.2
ECU,Ecuador,2020-11-22,1293.6
ECU,Ecuador,2020-11-29,1298.6
ECU,Ecuador,2020-12-06,1320.4
ECU,Ecuador,2020-12-13,1342.6
ECU,Ecuador,2020-12-20,1363.8
ECU,Ecuador,2020-12-27,1331.8
ECU,Ecuador,2021-01-03,1331.8
EGY,"Egypt, Arab Rep.",2020-01-31,58566.8
EGY,"Egypt, Arab Rep.",2020-02-29,48197.2
EGY,"Egypt, Arab Rep.",2020-03-31,46260.4
EGY,"Egypt, Arab Rep.",2020-04-30,42383.2
EGY,"Egypt, Arab Rep.",2020-05-31,43608.4
EGY,"Egypt, Arab Rep.",2020-06-30,43242.4
EGY,"Egypt, Arab Rep.",2020-07-31,47098.2
EGY,"Egypt, Arab Rep.",2020-08-31,49596.8
EGY,"Egypt, Arab Rep.",2020-09-30,42533.0
EGY,"Egypt, Arab Rep.",2020-10-31,42905.2
EGY,"Egypt, Arab Rep.",2020-11-30,43682.8
EGY,"Egypt, Arab Rep.",2020-12-31,53216.2
ESP,Spain,2020-01-05,9864.0
ESP,Spain,2020-01-12,10286.0
ESP,Spain,2020-01-19,10464.0
ESP,Spain,2020-01-26,10129.8
ESP,Spain,2020-02-02,10000.0
ESP,Spain,2020-02-09,9719.8
ESP,Spain,2020-02-16,9564.2
ESP,Spain,2020-02-23,9358.4
ESP,Spain,2020-03-01,9118.6
ESP,Spain,2020-03-08,8817.0
ESP,Spain,2020-03-15,8513.8
ESP,Spain,2020-03-22,8237.6
ESP,Spain,2020-03-29,8273.4
ESP,Spain,2020-04-05,8119.0
ESP,Spain,2020-04-12,7988.6
ESP,Spain,2020-04-19,7786.2
ESP,Spain,2020-04-26,7683.8
ESP,Spain,2020-05-03,7518.8
ESP,Spain,2020-05-10,7557.2
ESP,Spain,2020-05-17,7523.4
ESP,Spain,2020-05-24,7433.4
ESP,Spain,2020-05-31,7273.4
ESP,Spain,2020-06-07,7324.8
ESP,Spain,2020-06-14,7256.2
ESP,Spain,2020-06-21,7447.4
ESP,Spain,2020-06-28,7372.2
ESP,Spain,2020-07-05,7632.4
ESP,Spain,2020-07-12,7563.4
ESP,Spain,2020-07-19,7457.4
ESP,Spain,2020-07-26,7364.4
ESP,Spain,2020-08-02,7447.4
ESP,Spain,2020-08-09,7391.6
ESP,Spain,2020-08-16,7123.4
ESP,Spain,2020-08-23,7027.8
ESP,Spain,2020-08-30,6978.4
ESP,Spain,2020-09-06,6859.2
ESP,Spain,2020-09-13,6760.8
ESP,Spain,2020-09-20,6962.6
ESP,Spain,2020-09-27,7111.6
ESP,Spain,2020-10-04,7092.2
ESP,Spain,2020-10-11,7214.8
ESP,Spain,2020-10-18,7272.0
ESP,Spain,2020-10-25,7391.4
ESP,Spain,2020-11-01,7527.8
ESP,Spain,2020-11-08,7701.6
ESP,Spain,2020-11-15,7899.8
ESP,Spain,2020-11-22,7961.0
ESP,Spain,2020-11-29,8136.8
ESP,Spain,2020-12-06,8179.2
ESP,Spain,2020-12-13,8511.6
ESP,Spain,2020-12-20,8754.0
ESP,Spain,2020-12-27,9056.2
ESP,Spain,2021-01-03,9056.2
EST,Estonia,2020-01-05,343.8
EST,Estonia,2020-01-12,344.8
EST,Estonia,2020-01-19,330.8
EST,Estonia,2020-01-26,335.6
EST,Estonia,2020-02-02,339.6
EST,Estonia,2020-02-09,340.8
EST,Estonia,2020-02-16,321.6
EST,Estonia,2020-02-23,338.6
EST,Estonia,2020-03-01,333.4
EST,Estonia,2020-03-08,334.4
EST,Estonia,2020-03-15,323.6
EST,Estonia,2020-03-22,311.8
EST,Estonia,2020-03-29,316.8
EST,Estonia,2020-04-05,299.2
EST,Estonia,2020-04-12,304.0
EST,Estonia,2020-04-19,299.4
EST,Estonia,2020-04-26,285.2
EST,Estonia,2020-05-03,289.4
EST,Estonia,2020-05-10,287.6
EST,Estonia,2020-05-17,305.2
EST,Estonia,2020-05-24,286.6
EST,Estonia,2020-05-31,274.4
EST,Estonia,2020-06-07,279.6
EST,Estonia,2020-06-14,268.8
EST,Estonia,2020-06-21,272.0
EST,Estonia,2020-06-28,262.8
EST,Estonia,2020-07-05,262.2
EST,Estonia,2020-07-12,265.4
EST,Estonia,2020-07-19,270.0
EST,Estonia,2020-07-26,280.6
EST,Estonia,2020-08-02,268.0
EST,Estonia,2020-08-09,286.2
EST,Estonia,2020-08-16,278.2
EST,Estonia,2020-08-23,264.2
EST,Estonia,2020-08-30,272.2
EST,Estonia,2020-09-06,265.8
EST,Estonia,2020-09-13,272.6
EST,Estonia,2020-09-20,281.6
EST,Estonia,2020-09-27,286.6
EST,Estonia,2020-10-04,286.8
EST,Estonia,2020-10-11,285.4
EST,Estonia,2020-10-18,292.4
EST,Estonia,2020-10-25,295.6
EST,Estonia,2020-11-01,294.4
EST,Estonia,2020-11-08,279.8
EST,Estonia,2020-11-15,291.0
EST,Estonia,2020-11-22,280.6
EST,Estonia,2020-11-29,292.8
EST,Estonia,2020-12-06,296.2
EST,Estonia,2020-12-13,300.8
EST,Estonia,2020-12-20,310.2
EST,Estonia,2020-12-27,314.4
EST,Estonia,2021-01-03,314.4
FIN,Finland,2020-01-05,1165.2
FIN,Finland,2020-01-12,1180.4
FIN,Finland,2020-01-19,1172.4
FIN,Finland,2020-01-26,1127.2
FIN,Finland,2020-02-02,1137.6
FIN,Finland,2020-02-09,1123.0
FIN,Finland,2020-02-16,1098.8
FIN,Finland,2020-02-23,1095.2
FIN,Finland,2020-03-01,1120.2
FIN,Finland,2020-03-08,1102.6
FIN,Finland,2020-03-15,1102.8
FIN,Finland,2020-03-22,1087.6
FIN,Finland,2020-03-29,1064.0
FIN,Finland,2020-04-05,1077.0
FIN,Finland,2020-04-12,1047.4
FIN,Finland,2020-04-19,1057.8
FIN,Finland,2020-04-26,1015.4
FIN,Finland,2020-05-03,1037.8
FIN,Finland,2020-05-10,991.4
FIN,Finland,2020-05-17,970.8
FIN,Finland,2020-05-24,958.6
FIN,Finland,2020-05-31,950.4
FIN,Finland,2020-06-07,966.2
FIN,Finland,2020-06-14,950.0
FIN,Finland,2020-06-21,967.0
FIN,Finland,2020-06-28,950.6
FIN,Finland,2020-07-05,945.8
FIN,Finland,2020-07-12,943.0
FIN,Finland,2020-07-19,959.6
FIN,Finland,2020-07-26,973.4
FIN,Finland,2020-08-02,938.6
FIN,Finland,2020-08-09,924.8
FIN,Finland,2020-08-16,950.4
FIN,Finland,2020-08-23,958.6
FIN,Finland,2020-08-30,963.0
FIN,Finland,2020-09-06,967.2
FIN,Finland,2020-09-13,965.0
FIN,Finland,2020-09-20,986.6
FIN,Finland,2020-09-27,990.8
FIN,Finland,2020-10-04,1016.4
FIN,Finland,2020-10-11,1022.8
FIN,Finland,2020-10-18,1015.4
FIN,Finland,2020-10-25,1034.8
FIN,Finland,2020-11-01,1032.6
FIN,Finland,2020-11-08,1008.6
FIN,Finland,2020-11-15,994.8
FIN,Finland,2020-11-22,1023.2
FIN,Finland,2020-11-29,1032.6
FIN,Finland,2020-12-06,1058.0
FIN,Finland,2020-12-13,1060.6
FIN,Finland,2020-12-20,1088.2
FIN,Finland,2020-12-27,1162.4
FIN,Finland,2021-01-03,1162.4
FRA,France,2020-01-05,13445.0
FRA,France,2020-01-12,13563.0
FRA,France,2020-01-19,13210.0
FRA,France,2020-01-26,13070.8
FRA,France,2020-02-02,13071.2
FRA,France,2020-02-09,13189.6
FRA,France,2020-02-16,13024.0
FRA,France,2020-02-23,12893.0
FRA,France,2020-03-01,12922.2
FRA,France,2020-03-08,12623.6
FRA,France,2020-03-15,12036.8
FRA,France,2020-03-22,11745.0
FRA,France,2020-03-29,11642.4
FRA,France,2020-04-05,11380.2
FRA,France,2020-04-12,11173.6
FRA,France,2020-04-19,11027.8
FRA,France,2020-04-26,10917.4
FRA,France,2020-05-03,10777.0
FRA,France,2020-05-10,10639.2
FRA,France,2020-05-17,10533.2
FRA,France,2020-05-24,10531.0
FRA,France,2020-05-31,10265.6
FRA,France,2020-06-07,10207.6
FRA,France,2020-06-14,10093.2
FRA,France,2020-06-21,10365.4
FRA,France,2020-06-28,10386.2
FRA,France,2020-07-05,10746.6
FRA,France,2020-07-12,10218.6
FRA,France,2020-07-19,10444.6
FRA,France,2020-07-26,10436.6
FRA,France,2020-08-02,10156.6
FRA,France,2020-08-09,10258.6
FRA,France,2020-08-16,10023.0
FRA,France,2020-08-23,10296.0
FRA,France,2020-08-30,10282.2
FRA,France,2020-09-06,10078.4
FRA,France,2020-09-13,10356.2
FRA,France,2020-09-20,10614.6
FRA,France,2020-09-27,10628.4
FRA,France,2020-10-04,10874.4
FRA,France,2020-10-11,11147.8
FRA,France,2020-10-18,11011.4
FRA,France,2020-10-25,11157.2
FRA,France,2020-11-01,11173.6
FRA,France,2020-11-08,11289.2
FRA,France,2020-11-15,11302.2
FRA,France,2020-11-22,11422.8
FRA,France,2020-11-29,11550.4
FRA,France,2020-12-06,11671.8
FRA,France,2020-12-13,11962.0
FRA,France,2020-12-20,12305.2
FRA,France,2020-12-27,12618.6
FRA,France,2021-01-03,12618.6
GBR,United Kingdom,2020-01-05,13803.6
GBR,United Kingdom,2020-01-12,15781.0
GBR,United Kingdom,2020-01-19,14983.0
GBR,United Kingdom,2020-01-26,14455.2
GBR,United Kingdom,2020-02-02,13836.2
GBR,United Kingdom,2020-02-09,13505.2
GBR,United Kingdom,2020-02-16,13200.8
GBR,United Kingdom,2020-02-23,13148.2
GBR,United Kingdom,2020-03-01,12677.6
GBR,United Kingdom,2020-03-08,13063.6
GBR,United Kingdom,2020-03-15,12684.6
GBR,United Kingdom,2020-03-22,12003.8
GBR,United Kingdom,2020-03-29,11547.6
GBR,United Kingdom,2020-04-05,11679.0
GBR,United Kingdom,2020-04-12,11916.6
GBR,United Kingdom,2020-04-19,11848.0
GBR,United Kingdom,2020-04-26,11842.6
GBR,United Kingdom,2020-05-03,11310.8
GBR,United Kingdom,2020-05-10,10884.6
GBR,United Kingdom,2020-05-17,11546.4
GBR,United Kingdom,2020-05-24,11276.4
GBR,United Kingdom,2020-05-31,9445.8
GBR,United Kingdom,2020-06-07,11321.8
GBR,United Kingdom,2020-06-14,10700.2
GBR,United Kingdom,2020-06-21,10696.2
GBR,United Kingdom,2020-06-28,10601.6
GBR,United Kingdom,2020-07-05,10480.4
GBR,United Kingdom,2020-07-12,10508.4
GBR,United Kingdom,2020-07-19,10356.4
GBR,United Kingdom,2020-07-26,10309.4
GBR,United Kingdom,2020-08-02,10305.0
GBR,United Kingdom,2020-08-09,10359.8
GBR,United Kingdom,2020-08-16,10343.2
GBR,United Kingdom,2020-08-23,10431.2
GBR,United Kingdom,2020-08-30,9469.8
GBR,United Kingdom,2020-09-06,10428.6
GBR,United Kingdom,2020-09-13,10608.4
GBR,United Kingdom,2020-09-20,10545.0
GBR,United Kingdom,2020-09-27,10706.4
GBR,United Kingdom,2020-10-04,10887.8
GBR,United Kingdom,2020-10-11,11184.4
GBR,United Kingdom,2020-10-18,11221.6
GBR,United Kingdom,2020-10-25,11092.2
GBR,United Kingdom,2020-11-01,11250.4
GBR,United Kingdom,2020-11-08,11725.4
GBR,United Kingdom,2020-11-15,11800.8
GBR,United Kingdom,2020-11-22,11817.0
GBR,United Kingdom,2020-11-29,11798.4
GBR,United Kingdom,2020-12-06,12154.8
GBR,United Kingdom,2020-12-13,12323.8
GBR,United Kingdom,2020-12-20,13155.6
GBR,United Kingdom,2020-12-27,9229.6
GBR,United Kingdom,2021-01-03,9229.6
GEO,Georgia,2020-01-05,1151.6
GEO,Georgia,2020-01-12,1093.4
GEO,Georgia,2020-01-19,1066.6
GEO,Georgia,2020-01-26,1027.4
GEO,Georgia,2020-02-02,1048.8
GEO,Georgia,2020-02-09,1012.0
GEO,Georgia,2020-02-16,1020.0
GEO,Georgia,2020-02-23,1005.2
GEO,Georgia,2020-03-01,1004.0
GEO,Georgia,2020-03-08,989.2
GEO,Georgia,2020-03-15,995.6
GEO,Georgia,2020-03-22,1000.0
GEO,Georgia,2020-03-29,956.4
GEO,Georgia,2020-04-05,967.0
GEO,Georgia,2020-04-12,953.8
GEO,Georgia,2020-04-19,967.6
GEO,Georgia,2020-04-26,958.0
GEO,Georgia,2020-05-03,957.0
GEO,Georgia,2020-05-10,896.2
GEO,Georgia,2020-05-17,918.8
GEO,Georgia,2020-05-24,899.6
GEO,Georgia,2020-05-31,884.6
GEO,Georgia,2020-06-07,874.2
GEO,Georgia,2020-06-14,854.4
GEO,Georgia,2020-06-21,842.8
GEO,Georgia,2020-06-28,890.2
GEO,Georgia,2020-07-05,811.6
GEO,Georgia,2020-07-12,816.8
GEO,Georgia,2020-07-19,822.0
GEO,Georgia,2020-07-26,795.0
GEO,Georgia,2020-08-02,889.6
GEO,Georgia,2020-08-09,856.8
GEO,Georgia,2020-08-16,838.2
GEO,Georgia,2020-08-23,822.6
GEO,Georgia,2020-08-30,780.8
GEO,Georgia,2020-09-06,767.6
GEO,Georgia,2020-09-13,796.8
GEO,Georgia,2020-09-20,799.6
GEO,Georgia,2020-09-27,775.6
GEO,Georgia,2020-10-04,841.0
GEO,Georgia,2020-10-11,857.2
GEO,Georgia,2020-10-18,850.6
GEO,Georgia,2020-10-25,882.4
GEO,Georgia,2020-11-01,917.2
GEO,Georgia,2020-11-08,933.4
GEO,Georgia,2020-11-15,929.6
GEO,Georgia,2020-11-22,938.8
GEO,Georgia,2020-11-29,991.2
GEO,Georgia,2020-12-06,956.0
GEO,Georgia,2020-12-13,1019.8
GEO,Georgia,2020-12-20,1020.0
GEO,Georgia,2020-12-27,1052.4
GEO,Georgia,2021-01-03,1052.4
GRC,Greece,2020-01-05,2825.25
GRC,Greece,2020-01-12,2969.0
GRC,Greece,2020-01-19,2837.25
GRC,Greece,2020-01-26,2785.5
GRC,Greece,2020-02-02,2787.25
GRC,Greece,2020-02-09,2678.25
GRC,Greece,2020-02-16,2535.75
GRC,Greece,2020-02-23,2472.75
GRC,Greece,2020-03-01,2479.25
GRC,Greece,2020-03-08,2426.0
GRC,Greece,2020-03-15,2396.0
GRC,Greece,2020-03-22,2341.0
GRC,Greece,2020-03-29,2302.25
GRC,Greece,2020-04-05,2348.0
GRC,Greece,2020-04-12,2312.75
GRC,Greece,2020-04-19,2251.5
GRC,Greece,2020-04-26,2246.0
GRC,Greece,2020-05-03,2274.25
GRC,Greece,2020-05-10,2167.75
GRC,Greece,2020-05-17,2132.75
GRC,Greece,2020-05-24,2067.75
GRC,Greece,2020-05-31,2228.75
GRC,Greece,2020-06-07,2176.75
GRC,Greece,2020-06-14,2261.25
GRC,Greece,2020-06-21,2385.0
GRC,Greece,2020-06-28,2378.5
GRC,Greece,2020-07-05,2358.75
GRC,Greece,2020-07-12,2255.5
GRC,Greece,2020-07-19,2134.0
GRC,Greece,2020-07-26,2240.0
GRC,Greece,2020-08-02,2312.0
GRC,Greece,2020-08-09,2404.25
GRC,Greece,2020-08-16,2264.0
GRC,Greece,2020-08-23,2156.25
GRC,Greece,2020-08-30,2155.75
GRC,Greece,2020-09-06,2083.75
GRC,Greece,2020-09-13,2054.5
GRC,Greece,2020-09-20,2018.0
GRC,Greece,2020-09-27,2001.75
GRC,Greece,2020-10-04,2122.75
GRC,Greece,2020-10-11,2136.5
GRC,Greece,2020-10-18,2164.75
GRC,Greece,2020-10-25,2191.25
GRC,Greece,2020-11-01,2236.5
GRC,Greece,2020-11-08,2298.5
GRC,Greece,2020-11-15,2279.5
GRC,Greece,2020-11-22,2351.0
GRC,Greece,2020-11-29,2364.0
GRC,Greece,2020-12-06,2429.0
GRC,Greece,2020-12-13,2458.75
GRC,Greece,2020-12-20,2515.75
GRC,Greece,2020-12-27,2615.5
GRC,Greece,2021-01-03,2615.5
HKG,Hong Kong SAR China,2020-01-31,4358.2
HKG,Hong Kong SAR China,2020-02-29,4169.8
HKG,Hong Kong SAR China,2020-03-31,4406.2
HKG,Hong Kong SAR China,2020-04-30,4014.4
HKG,Hong Kong SAR China,2020-05-31,3979.2
HKG,Hong Kong SAR China,2020-06-30,3751.2
HKG,Hong Kong SAR China,2020-07-31,3865.6
HKG,Hong Kong SAR China,2020-08-31,3751.4
HKG,Hong Kong SAR China,2020-09-30,3433.6
HKG,Hong Kong SAR China,2020-10-31,3760.0
HKG,Hong Kong SAR China,2020-11-30,3686.0
HKG,Hong Kong SAR China,2020-12-31,3921.6
HRV,Croatia,2020-01-05,1207.8
HRV,Croatia,2020-01-12,1258.4
HRV,Croatia,2020-01-19,1253.2
HRV,Croatia,2020-01-26,1234.0
HRV,Croatia,2020-02-02,1195.0
HRV,Croatia,2020-02-09,1160.2
HRV,Croatia,2020-02-16,1139.2
HRV,Croatia,2020-02-23,1116.0
HRV,Croatia,2020-03-01,1117.2
HRV,Croatia,2020-03-08,1128.2
HRV,Croatia,2020-03-15,1092.0
HRV,Croatia,2020-03-22,1064.0
HRV,Croatia,2020-03-29,1037.6
HRV,Croatia,2020-04-05,1046.4
HRV,Croatia,2020-04-12,995.8
HRV,Croatia,2020-04-19,962.8
HRV,Croatia,2020-04-26,1013.4
HRV,Croatia,2020-05-03,969.6
HRV,Croatia,2020-05-10,948.2
HRV,Croatia,2020-05-17,941.2
HRV,Croatia,2020-05-24,945.2
HRV,Croatia,2020-05-31,929.0
HRV,Croatia,2020-06-07,949.6
HRV,Croatia,2020-06-14,940.8
HRV,Croatia,2020-06-21,921.6
HRV,Croatia,2020-06-28,912.6
HRV,Croatia,2020-07-05,951.6
HRV,Croatia,2020-07-12,949.4
HRV,Croatia,2020-07-19,955.2
HRV,Croatia,2020-07-26,987.2
HRV,Croatia,2020-08-02,961.4
HRV,Croatia,2020-08-09,957.6
HRV,Croatia,2020-08-16,937.2
HRV,Croatia,2020-08-23,904.2
HRV,Croatia,2020-08-30,915.0
HRV,Croatia,2020-09-06,886.4
HRV,Croatia,2020-09-13,899.2
HRV,Croatia,2020-09-20,930.4
HRV,Croatia,2020-09-27,945.0
HRV,Croatia,2020-10-04,961.2
HRV,Croatia,2020-10-11,973.8
HRV,Croatia,2020-10-18,945.8
HRV,Croatia,2020-10-25,957.0
HRV,Croatia,2020-11-01,962.8
HRV,Croatia,2020-11-08,975.6
HRV,Croatia,2020-11-15,981.0
HRV,Croatia,2020-11-22,956.2
HRV,Croatia,2020-11-29,974.8
HRV,Croatia,2020-12-06,1011.6
HRV,Croatia,2020-12-13,1045.8
HRV,Croatia,2020-12-20,1048.2
HRV,Croatia,2020-12-27,1105.4
HRV,Croatia,2021-01-03,1105.4
HUN,Hungary,2020-01-05,2885.4
HUN,Hungary,2020-01-12,2918.4
HUN,Hungary,2020-01-19,2924.6
HUN,Hungary,2020-01-26,3016.6
HUN,Hungary,2020-02-02,3056.2
HUN,Hungary,2020-02-09,3068.4
HUN,Hungary,2020-02-16,2983.4
HUN,Hungary,2020-02-23,2955.8
HUN,Hungary,2020-03-01,2893.8
HUN,Hungary,2020-03-08,2812.0
HUN,Hungary,2020-03-15,2709.2
HUN,Hungary,2020-03-22,2635.2
HUN,Hungary,2020-03-29,2591.6
HUN,Hungary,2020-04-05,2510.6
HUN,Hungary,2020-04-12,2478.2
HUN,Hungary,2020-04-19,2430.2
HUN,Hungary,2020-04-26,2436.8
HUN,Hungary,2020-05-03,2367.0
HUN,Hungary,2020-05-10,2314.6
HUN,Hungary,2020-05-17,2271.8
HUN,Hungary,2020-05-24,2275.8
HUN,Hungary,2020-05-31,2286.6
HUN,Hungary,2020-06-07,2262.2
HUN,Hungary,2020-06-14,2292.0
HUN,Hungary,2020-06-21,2250.0
HUN,Hungary,2020-06-28,2193.4
HUN,Hungary,2020-07-05,2219.0
HUN,Hungary,2020-07-12,2281.0
HUN,Hungary,2020-07-19,2279.2
HUN,Hungary,2020-07-26,2380.4
HUN,Hungary,2020-08-02,2309.4
HUN,Hungary,2020-08-09,2284.8
HUN,Hungary,2020-08-16,2306.6
HUN,Hungary,2020-08-23,2191.2
HUN,Hungary,2020-08-30,2293.6
HUN,Hungary,2020-09-06,2223.6
HUN,Hungary,2020-09-13,2271.4
HUN,Hungary,2020-09-20,2316.0
HUN,Hungary,2020-09-27,2355.4
HUN,Hungary,2020-10-04,2401.4
HUN,Hungary,2020-10-11,2452.0
HUN,Hungary,2020-10-18,2427.8
HUN,Hungary,2020-10-25,2413.2
HUN,Hungary,2020-11-01,2386.2
HUN,Hungary,2020-11-08,2405.0
HUN,Hungary,2020-11-15,2397.4
HUN,Hungary,2020-11-22,2467.6
HUN,Hungary,2020-11-29,2456.0
HUN,Hungary,2020-12-06,2575.4
HUN,Hungary,2020-12-13,2557.2
HUN,Hungary,2020-12-20,2637.8
HUN,Hungary,2020-12-27,2678.6
HUN,Hungary,2021-01-03,2678.6
ISL,Iceland,2020-01-05,45.8
ISL,Iceland,2020-01-12,47.8
ISL,Iceland,2020-01-19,44.4
ISL,Iceland,2020-01-26,44.6
ISL,Iceland,2020-02-02,45.6
ISL,Iceland,2020-02-09,47.8
ISL,Iceland,2020-02-16,47.2
ISL,Iceland,2020-02-23,46.2
ISL,Iceland,2020-03-01,43.6
ISL,Iceland,2020-03-08,44.4
ISL,Iceland,2020-03-15,45.2
ISL,Iceland,2020-03-22,41.6
ISL,Iceland,2020-03-29,47.2
ISL,Iceland,2020-04-05,43.4
ISL,Iceland,2020-04-12,44.4
ISL,Iceland,2020-04-19,48.6
ISL,Iceland,2020-04-26,44.4
ISL,Iceland,2020-05-03,40.2
ISL,Iceland,2020-05-10,41.6
ISL,Iceland,2020-05-17,42.2
ISL,Iceland,2020-05-24,43.6
ISL,Iceland,2020-05-31,42.6
ISL,Iceland,2020-06-07,45.0
ISL,Iceland,2020-06-14,39.6
ISL,Iceland,2020-06-21,37.4
ISL,Iceland,2020-06-28,47.0
ISL,Iceland,2020-07-05,43.0
ISL,Iceland,2020-07-12,38.2
ISL,Iceland,2020-07-19,39.2
ISL,Iceland,2020-07-26,45.0
ISL,Iceland,2020-08-02,36.0
ISL,Iceland,2020-08-09,38.8
ISL,Iceland,2020-08-16,39.0
ISL,Iceland,2020-08-23,43.6
ISL,Iceland,2020-08-30,35.8
ISL,Iceland,2020-09-06,39.2
ISL,Iceland,2020-09-13,42.4
ISL,Iceland,2020-09-20,41.6
ISL,Iceland,2020-09-27,50.0
ISL,Iceland,2020-10-04,42.4
ISL,Iceland,2020-10-11,42.4
ISL,Iceland,2020-10-18,42.2
ISL,Iceland,2020-10-25,46.0
ISL,Iceland,2020-11-01,41.4
ISL,Iceland,2020-11-08,38.4
ISL,Iceland,2020-11-15,47.0
ISL,Iceland,2020-11-22,44.2
ISL,Iceland,2020-11-29,44.0
ISL,Iceland,2020-12-06,41.8
ISL,Iceland,2020-12-13,42.2
ISL,Iceland,2020-12-20,43.8
ISL,Iceland,2020-12-27,42.0
ISL,Iceland,2021-01-03,42.0
ISR,Israel,2020-01-05,1011.2
ISR,Israel,2020-01-12,1054.2
ISR,Israel,2020-01-19,1033.2
ISR,Israel,2020-01-26,1048.8
ISR,Israel,2020-02-02,1055.8
ISR,Israel,2020-02-09,1052.0
ISR,Israel,2020-02-16,987.6
ISR,Israel,2020-02-23,984.4
ISR,Israel,2020-03-01,960.8
ISR,Israel,2020-03-08,940.0
ISR,Israel,2020-03-15,922.0
ISR,Israel,2020-03-22,863.0
ISR,Israel,2020-03-29,889.0
ISR,Israel,2020-04-05,868.8
ISR,Israel,2020-04-12,835.8
ISR,Israel,2020-04-19,824.6
ISR,Israel,2020-04-26,852.2
ISR,Israel,2020-05-03,815.8
ISR,Israel,2020-05-10,817.2
ISR,Israel,2020-05-17,801.2
ISR,Israel,2020-05-24,798.8
ISR,Israel,2020-05-31,788.0
ISR,Israel,2020-06-07,774.2
ISR,Israel,2020-06-14,753.0
ISR,Israel,2020-06-21,763.8
ISR,Israel,2020-06-28,758.6
ISR,Israel,2020-07-05,770.0
ISR,Israel,2020-07-12,758.4
ISR,Israel,2020-07-19,757.2
ISR,Israel,2020-07-26,790.0
ISR,Israel,2020-08-02,765.4
ISR,Israel,2020-08-09,783.8
ISR,Israel,2020-08-16,766.6
ISR,Israel,2020-08-23,775.4
ISR,Israel,2020-08-30,778.2
ISR,Israel,2020-09-06,768.6
ISR,Israel,2020-09-13,762.2
ISR,Israel,2020-09-20,772.0
ISR,Israel,2020-09-27,780.6
ISR,Israel,2020-10-04,785.8
ISR,Israel,2020-10-11,798.0
ISR,Israel,2020-10-18,822.0
ISR,Israel,2020-10-25,818.2
ISR,Israel,2020-11-01,831.4
ISR,Israel,2020-11-08,834.2
ISR,Israel,2020-11-15,852.0
ISR,Israel,2020-11-22,837.4
ISR,Israel,2020-11-29,898.6
ISR,Israel,2020-12-06,866.0
ISR,Israel,2020-12-13,940.0
ISR,Israel,2020-12-20,933.4
ISR,Israel,2020-12-27,974.2
ISR,Israel,2021-01-03,974.2
ITA,Italy,2020-01-05,15436.0
ITA,Italy,2020-01-12,15733.2
ITA,Italy,2020-01-19,15511.4
ITA,Italy,2020-01-26,14971.0
ITA,Italy,2020-02-02,14866.0
ITA,Italy,2020-02-09,14392.2
ITA,Italy,2020-02-16,14230.6
ITA,Italy,2020-02-23,13969.6
ITA,Italy,2020-03-01,13895.0
ITA,Italy,2020-03-08,13599.4
ITA,Italy,2020-03-15,13233.2
ITA,Italy,2020-03-22,12730.8
ITA,Italy,2020-03-29,12686.0
ITA,Italy,2020-04-05,12417.8
ITA,Italy,2020-04-12,12192.8
ITA,Italy,2020-04-19,12002.4
ITA,Italy,2020-04-26,11815.0
ITA,Italy,2020-05-03,11634.6
ITA,Italy,2020-05-10,11637.4
ITA,Italy,2020-05-17,11302.4
ITA,Italy,2020-05-24,11410.6
ITA,Italy,2020-05-31,11182.2
ITA,Italy,2020-06-07,11445.0
ITA,Italy,2020-06-14,11356.0
ITA,Italy,2020-06-21,11222.2
ITA,Italy,2020-06-28,11287.2
ITA,Italy,2020-07-05,11550.4
ITA,Italy,2020-07-12,11793.8
ITA,Italy,2020-07-19,11557.8
ITA,Italy,2020-07-26,11968.8
ITA,Italy,2020-08-02,11858.4
ITA,Italy,2020-08-09,12211.6
ITA,Italy,2020-08-16,11398.6
ITA,Italy,2020-08-23,10993.8
ITA,Italy,2020-08-30,10946.6
ITA,Italy,2020-09-06,10765.8
ITA,Italy,2020-09-13,10824.6
ITA,Italy,2020-09-20,10947.8
ITA,Italy,2020-09-27,11025.2
ITA,Italy,2020-10-04,11277.2
ITA,Italy,2020-10-11,11810.2
ITA,Italy,2020-10-18,11691.8
ITA,Italy,2020-10-25,11847.8
ITA,Italy,2020-11-01,11602.4
ITA,Italy,2020-11-08,11904.4
ITA,Italy,2020-11-15,12103.8
ITA,Italy,2020-11-22,12150.6
ITA,Italy,2020-11-29,12182.6
ITA,Italy,2020-12-06,12546.2
ITA,Italy,2020-12-13,12949.4
ITA,Italy,2020-12-20,13415.6
ITA,Italy,2020-12-27,13965.8
ITA,Italy,2021-01-03,13965.8
JAM,Jamaica,2020-01-31,1662.8
JAM,Jamaica,2020-02-29,1536.2
JAM,Jamaica,2020-03-31,1610.6
JAM,Jamaica,2020-04-30,1460.2
JAM,Jamaica,2020-05-31,1486.4
JAM,Jamaica,2020-06-30,1495.0
JAM,Jamaica,2020-07-31,1583.0
JAM,Jamaica,2020-08-31,1493.2
JAM,Jamaica,2020-09-30,1470.4
JAM,Jamaica,2020-10-31,1495.2
JAM,Jamaica,2020-11-30,1456.6
JAM,Jamaica,2020-12-31,1555.0
JPN,Japan,2020-01-31,134218.8
JPN,Japan,2020-02-29,116254.0
JPN,Japan,2020-03-31,117772.2
JPN,Japan,2020-04-30,108067.8
JPN,Japan,2020-05-31,105704.2
JPN,Japan,2020-06-30,97723.2
JPN,Japan,2020-07-31,102882.8
JPN,Japan,2020-08-31,105087.0
JPN,Japan,2020-09-30,102349.6
JPN,Japan,2020-10-31,110912.4
JPN,Japan,2020-11-30,113915.4
JPN,Japan,2020-12-31,123008.6
KGZ,Kyrgyz Republic,2020-01-31,3050.4
KGZ,Kyrgyz Republic,2020-02-29,2626.8
KGZ,Kyrgyz Republic,2020-03-31,2798.0
KGZ,Kyrgyz Republic,2020-04-30,2724.2
KGZ,Kyrgyz Republic,2020-05-31,2819.6
KGZ,Kyrgyz Republic,2020-06-30,2653.8
KGZ,Kyrgyz Republic,2020-07-31,2923.2
KGZ,Kyrgyz Republic,2020-08-31,2674.0
KGZ,Kyrgyz Republic,2020-09-30,2570.8
KGZ,Kyrgyz Republic,2020-10-31,2806.4
KGZ,Kyrgyz Republic,2020-11-30,2795.2
KGZ,Kyrgyz Republic,2020-12-31,3103.6
KOR,"Korea, Rep.",2020-01-05,6089.8
KOR,"Korea, Rep.",2020-01-12,6125.4
KOR,"Korea, Rep.",2020-01-19,6087.2
KOR,"Korea, Rep.",2020-01-26,6010.0
KOR,"Korea, Rep.",2020-02-02,6014.4
KOR,"Korea, Rep.",2020-02-09,5854.0
KOR,"Korea, Rep.",2020-02-16,5855.4
KOR,"Korea, Rep.",2020-02-23,5900.6
KOR,"Korea, Rep.",2020-03-01,5870.0
KOR,"Korea, Rep.",2020-03-08,5797.8
KOR,"Korea, Rep.",2020-03-15,5715.6
KOR,"Korea, Rep.",2020-03-22,5612.4
KOR,"Korea, Rep.",2020-03-29,5595.0
KOR,"Korea, Rep.",2020-04-05,5601.4
KOR,"Korea, Rep.",2020-04-12,5447.6
KOR,"Korea, Rep.",2020-04-19,5517.2
KOR,"Korea, Rep.",2020-04-26,5365.4
KOR,"Korea, Rep.",2020-05-03,5465.6
KOR,"Korea, Rep.",2020-05-10,5353.2
KOR,"Korea, Rep.",2020-05-17,5373.2
KOR,"Korea, Rep.",2020-05-24,5268.8
KOR,"Korea, Rep.",2020-05-31,5312.4
KOR,"Korea, Rep.",2020-06-07,5187.0
KOR,"Korea, Rep.",2020-06-14,5126.0
KOR,"Korea, Rep.",2020-06-21,5170.4
KOR,"Korea, Rep.",2020-06-28,5113.4
KOR,"Korea, Rep.",2020-07-05,5094.2
KOR,"Korea, Rep.",2020-07-12,5053.4
KOR,"Korea, Rep.",2020-07-19,5045.4
KOR,"Korea, Rep.",2020-07-26,5172.8
KOR,"Korea, Rep.",2020-08-02,5269.0
KOR,"Korea, Rep.",2020-08-09,5247.6
KOR,"Korea, Rep.",2020-08-16,5103.2
KOR,"Korea, Rep.",2020-08-23,5144.2
KOR,"Korea, Rep.",2020-08-30,5131.6
KOR,"Korea, Rep.",2020-09-06,5222.2
KOR,"Korea, Rep.",2020-09-13,5199.0
KOR,"Korea, Rep.",2020-09-20,5232.2
KOR,"Korea, Rep.",2020-09-27,5319.6
KOR,"Korea, Rep.",2020-10-04,5432.8
KOR,"Korea, Rep.",2020-10-11,5423.4
KOR,"Korea, Rep.",2020-10-18,5567.8
KOR,"Korea, Rep.",2020-10-25,5544.4
KOR,"Korea, Rep.",2020-11-01,5563.6
KOR,"Korea, Rep.",2020-11-08,5591.8
KOR,"Korea, Rep.",2020-11-15,5579.2
KOR,"Korea, Rep.",2020-11-22,5578.0
KOR,"Korea, Rep.",2020-11-29,5653.6
KOR,"Korea, Rep.",2020-12-06,5663.0
KOR,"Korea, Rep.",2020-12-13,5785.2
KOR,"Korea, Rep.",2020-12-20,5888.8
KOR,"Korea, Rep.",2020-12-27,5927.8
KOR,"Korea, Rep.",2021-01-03,5927.8
LIE,Liechtenstein,2020-01-31,25.0
LIE,Liechtenstein,2020-02-29,20.2
LIE,Liechtenstein,2020-03-31,27.4
LIE,Liechtenstein,2020-04-30,20.2
LIE,Liechtenstein,2020-05-31,18.4
LIE,Liechtenstein,2020-06-30,19.4
LIE,Liechtenstein,2020-07-31,21.6
LIE,Liechtenstein,2020-08-31,22.6
LIE,Liechtenstein,2020-09-30,20.8
LIE,Liechtenstein,2020-10-31,22.4
LIE,Liechtenstein,2020-11-30,22.0
LIE,Liechtenstein,2020-12-31,21.8
LTU,Lithuania,2020-01-05,863.0
LTU,Lithuania,2020-01-12,873.6
LTU,Lithuania,2020-01-19,920.0
LTU,Lithuania,2020-01-26,911.2
LTU,Lithuania,2020-02-02,911.6
LTU,Lithuania,2020-02-09,899.6
LTU,Lithuania,2020-02-16,876.2
LTU,Lithuania,2020-02-23,896.2
LTU,Lithuania,2020-03-01,864.6
LTU,Lithuania,2020-03-08,841.4
LTU,Lithuania,2020-03-15,819.4
LTU,Lithuania,2020-03-22,804.4
LTU,Lithuania,2020-03-29,786.4
LTU,Lithuania,2020-04-05,795.6
LTU,Lithuania,2020-04-12,789.0
LTU,Lithuania,2020-04-19,785.2
LTU,Lithuania,2020-04-26,763.2
LTU,Lithuania,2020-05-03,749.0
LTU,Lithuania,2020-05-10,762.8
LTU,Lithuania,2020-05-17,736.2
LTU,Lithuania,2020-05-24,776.4
LTU,Lithuania,2020-05-31,750.4
LTU,Lithuania,2020-06-07,742.0
LTU,Lithuania,2020-06-14,711.6
LTU,Lithuania,2020-06-21,710.8
LTU,Lithuania,2020-06-28,729.0
LTU,Lithuania,2020-07-05,696.6
LTU,Lithuania,2020-07-12,702.0
LTU,Lithuania,2020-07-19,704.6
LTU,Lithuania,2020-07-26,739.0
LTU,Lithuania,2020-08-02,696.4
LTU,Lithuania,2020-08-09,719.0
LTU,Lithuania,2020-08-16,697.4
LTU,Lithuania,2020-08-23,677.2
LTU,Lithuania,2020-08-30,701.0
LTU,Lithuania,2020-09-06,676.6
LTU,Lithuania,2020-09-13,653.2
LTU,Lithuania,2020-09-20,695.6
LTU,Lithuania,2020-09-27,716.4
LTU,Lithuania,2020-10-04,736.8
LTU,Lithuania,2020-10-11,736.4
LTU,Lithuania,2020-10-18,777.8
LTU,Lithuania,2020-10-25,771.6
LTU,Lithuania,2020-11-01,753.0
LTU,Lithuania,2020-11-08,739.8
LTU,Lithuania,2020-11-15,747.8
LTU,Lithuania,2020-11-22,746.4
LTU,Lithuania,2020-11-29,749.8
LTU,Lithuania,2020-12-06,770.4
LTU,Lithuania,2020-12-13,744.8
LTU,Lithuania,2020-12-20,782.6
LTU,Lithuania,2020-12-27,822.4
LTU,Lithuania,2021-01-03,822.4
LUX,Luxembourg,2020-01-05,86.8
LUX,Luxembourg,2020-01-12,94.6
LUX,Luxembourg,2020-01-19,87.4
LUX,Luxembourg,2020-01-26,89.2
LUX,Luxembourg,2020-02-02,97.2
LUX,Luxembourg,2020-02-09,97.0
LUX,Luxembourg,2020-02-16,97.2
LUX,Luxembourg,2020-02-23,90.4
LUX,Luxembourg,2020-03-01,87.6
LUX,Luxembourg,2020-03-08,102.0
LUX,Luxembourg,2020-03-15,81.6
LUX,Luxembourg,2020-03-22,86.0
LUX,Luxembourg,2020-03-29,86.2
LUX,Luxembourg,2020-04-05,83.6
LUX,Luxembourg,2020-04-12,71.6
LUX,Luxembourg,2020-04-19,79.0
LUX,Luxembourg,2020-04-26,74.2
LUX,Luxembourg,2020-05-03,71.8
LUX,Luxembourg,2020-05-10,70.4
LUX,Luxembourg,2020-05-17,71.4
LUX,Luxembourg,2020-05-24,76.4
LUX,Luxembourg,2020-05-31,69.2
LUX,Luxembourg,2020-06-07,73.8
LUX,Luxembourg,2020-06-14,74.6
LUX,Luxembourg,2020-06-21,66.6
LUX,Luxembourg,2020-06-28,68.8
LUX,Luxembourg,2020-07-05,75.2
LUX,Luxembourg,2020-07-12,80.4
LUX,Luxembourg,2020-07-19,72.2
LUX,Luxembourg,2020-07-26,74.8
LUX,Luxembourg,2020-08-02,75.0
LUX,Luxembourg,2020-08-09,74.6
LUX,Luxembourg,2020-08-16,74.0
LUX,Luxembourg,2020-08-23,67.2
LUX,Luxembourg,2020-08-30,76.0
LUX,Luxembourg,2020-09-06,76.0
LUX,Luxembourg,2020-09-13,73.8
LUX,Luxembourg,2020-09-20,67.4
LUX,Luxembourg,2020-09-27,80.8
LUX,Luxembourg,2020-10-04,77.2
LUX,Luxembourg,2020-10-11,84.8
LUX,Luxembourg,2020-10-18,74.8
LUX,Luxembourg,2020-10-25,74.4
LUX,Luxembourg,2020-11-01,85.2
LUX,Luxembourg,2020-11-08,83.0
LUX,Luxembourg,2020-11-15,79.2
LUX,Luxembourg,2020-11-22,85.0
LUX,Luxembourg,2020-11-29,74.2
LUX,Luxembourg,2020-12-06,78.6
LUX,Luxembourg,2020-12-13,82.8
LUX,Luxembourg,2020-12-20,83.8
LUX,Luxembourg,2020-12-27,84.2
LUX,Luxembourg,2021-01-03,84.2
LVA,Latvia,2020-01-05,612.0
LVA,Latvia,2020-01-12,619.4
LVA,Latvia,2020-01-19,630.8
LVA,Latvia,2020-01-26,614.6
LVA,Latvia,2020-02-02,605.6
LVA,Latvia,2020-02-09,588.0
LVA,Latvia,2020-02-16,605.8
LVA,Latvia,2020-02-23,624.6
LVA,Latvia,2020-03-01,629.2
LVA,Latvia,2020-03-08,620.4
LVA,Latvia,2020-03-15,593.6
LVA,Latvia,2020-03-22,603.8
LVA,Latvia,2020-03-29,596.0
LVA,Latvia,2020-04-05,582.6
LVA,Latvia,2020-04-12,575.4
LVA,Latvia,2020-04-19,551.8
LVA,Latvia,2020-04-26,546.4
LVA,Latvia,2020-05-03,510.6
LVA,Latvia,2020-05-10,541.2
LVA,Latvia,2020-05-17,530.8
LVA,Latvia,2020-05-24,522.0
LVA,Latvia,2020-05-31,526.0
LVA,Latvia,2020-06-07,502.8
LVA,Latvia,2020-06-14,480.6
LVA,Latvia,2020-06-21,529.2
LVA,Latvia,2020-06-28,499.6
LVA,Latvia,2020-07-05,496.0
LVA,Latvia,2020-07-12,507.4
LVA,Latvia,2020-07-19,530.6
LVA,Latvia,2020-07-26,496.8
LVA,Latvia,2020-08-02,495.0
LVA,Latvia,2020-08-09,477.8
LVA,Latvia,2020-08-16,493.8
LVA,Latvia,2020-08-23,496.4
LVA,Latvia,2020-08-30,480.6
LVA,Latvia,2020-09-06,476.0
LVA,Latvia,2020-09-13,503.0
LVA,Latvia,2020-09-20,505.0
LVA,Latvia,2020-09-27,529.8
LVA,Latvia,2020-10-04,537.2
LVA,Latvia,2020-10-11,522.4
LVA,Latvia,2020-10-18,537.2
LVA,Latvia,2020-10-25,521.8
LVA,Latvia,2020-11-01,539.2
LVA,Latvia,2020-11-08,511.8
LVA,Latvia,2020-11-15,528.0
LVA,Latvia,2020-11-22,537.0
LVA,Latvia,2020-11-29,537.4
LVA,Latvia,2020-12-06,547.8
LVA,Latvia,2020-12-13,549.4
LVA,Latvia,2020-12-20,589.4
LVA,Latvia,2020-12-27,584.0
LVA,Latvia,2021-01-03,584.0
MAC,Macao SAR China,2020-01-31,208.6
MAC,Macao SAR China,2020-02-29,174.8
MAC,Macao SAR China,2020-03-31,186.2
MAC,Macao SAR China,2020-04-30,173.4
MAC,Macao SAR China,2020-05-31,172.8
MAC,Macao SAR China,2020-06-30,172.4
MAC,Macao SAR China,2020-07-31,183.6
MAC,Macao SAR China,2020-08-31,178.6
MAC,Macao SAR China,2020-09-30,162.0
MAC,Macao SAR China,2020-10-31,165.4
MAC,Macao SAR China,2020-11-30,167.8
MAC,Macao SAR China,2020-12-31,198.6
MDA,Moldova,2020-01-31,3980.8
MDA,Moldova,2020-02-29,3318.6
MDA,Moldova,2020-03-31,3386.6
MDA,Moldova,2020-04-30,3096.8
MDA,Moldova,2020-05-31,3198.8
MDA,Moldova,2020-06-30,2957.0
MDA,Moldova,2020-07-31,2757.4
MDA,Moldova,2020-08-31,2662.4
MDA,Moldova,2020-09-30,2820.6
MDA,Moldova,2020-10-31,3148.6
MDA,Moldova,2020-11-30,3255.8
MDA,Moldova,2020-12-31,3238.6
MEX,Mexico,2020-01-05,15631.2
MEX,Mexico,2020-01-12,15468.8
MEX,Mexico,2020-01-19,15306.0
MEX,Mexico,2020-01-26,15019.4
MEX,Mexico,2020-02-02,14972.8
MEX,Mexico,2020-02-09,14986.0
MEX,Mexico,2020-02-16,14694.6
MEX,Mexico,2020-02-23,14413.0
MEX,Mexico,2020-03-01,14189.4
MEX,Mexico,2020-03-08,13823.4
MEX,Mexico,2020-03-15,13543.4
MEX,Mexico,2020-03-22,13468.6
MEX,Mexico,2020-03-29,13175.6
MEX,Mexico,2020-04-05,13256.6
MEX,Mexico,2020-04-12,12888.0
MEX,Mexico,2020-04-19,12754.0
MEX,Mexico,2020-04-26,12924.4
MEX,Mexico,2020-05-03,12848.0
MEX,Mexico,2020-05-10,12796.2
MEX,Mexico,2020-05-17,12867.6
MEX,Mexico,2020-05-24,13065.0
MEX,Mexico,2020-05-31,12669.0
MEX,Mexico,2020-06-07,12609.4
MEX,Mexico,2020-06-14,12455.2
MEX,Mexico,2020-06-21,12655.0
MEX,Mexico,2020-06-28,12446.2
MEX,Mexico,2020-07-05,12573.0
MEX,Mexico,2020-07-12,12572.2
MEX,Mexico,2020-07-19,12688.2
MEX,Mexico,2020-07-26,12744.4
MEX,Mexico,2020-08-02,12819.8
MEX,Mexico,2020-08-09,12543.6
MEX,Mexico,2020-08-16,12603.0
MEX,Mexico,2020-08-23,12428.6
MEX,Mexico,2020-08-30,12364.6
MEX,Mexico,2020-09-06,12485.6
MEX,Mexico,2020-09-13,12672.2
MEX,Mexico,2020-09-20,12831.2
MEX,Mexico,2020-09-27,12558.4
MEX,Mexico,2020-10-04,12874.8
MEX,Mexico,2020-10-11,12859.8
MEX,Mexico,2020-10-18,12933.8
MEX,Mexico,2020-10-25,12997.8
MEX,Mexico,2020-11-01,13231.4
MEX,Mexico,2020-11-08,13242.2
MEX,Mexico,2020-11-15,13420.2
MEX,Mexico,2020-11-22,13959.8
MEX,Mexico,2020-11-29,13789.6
MEX,Mexico,2020-12-06,13884.6
MEX,Mexico,2020-12-13,14539.8
MEX,Mexico,2020-12-20,14573.6
MEX,Mexico,2020-12-27,14967.2
MEX,Mexico,2021-01-03,14967.2
MKD,North Macedonia,2020-01-31,2062.8
MKD,North Macedonia,2020-02-29,1769.4
MKD,North Macedonia,2020-03-31,1803.0
MKD,North Macedonia,2020-04-30,1617.2
MKD,North Macedonia,2020-05-31,1636.8
MKD,North Macedonia,2020-06-30,1515.4
MKD,North Macedonia,2020-07-31,1599.0
MKD,North Macedonia,2020-08-31,1564.6
MKD,North Macedonia,2020-09-30,1486.6
MKD,North Macedonia,2020-10-31,1721.8
MKD,North Macedonia,2020-11-30,1647.6
MKD,North Macedonia,2020-12-31,1843.6
MLT,Malta,2020-01-05,96.2
MLT,Malta,2020-01-12,84.2
MLT,Malta,2020-01-19,98.8
MLT,Malta,2020-01-26,87.4
MLT,Malta,2020-02-02,86.0
MLT,Malta,2020-02-09,87.2
MLT,Malta,2020-02-16,82.0
MLT,Malta,2020-02-23,88.2
MLT,Malta,2020-03-01,81.6
MLT,Malta,2020-03-08,79.2
MLT,Malta,2020-03-15,72.8
MLT,Malta,2020-03-22,76.2
MLT,Malta,2020-03-29,67.6
MLT,Malta,2020-04-05,71.8
MLT,Malta,2020-04-12,66.6
MLT,Malta,2020-04-19,67.0
MLT,Malta,2020-04-26,60.8
MLT,Malta,2020-05-03,66.2
MLT,Malta,2020-05-10,65.2
MLT,Malta,2020-05-17,60.4
MLT,Malta,2020-05-24,61.2
MLT,Malta,2020-05-31,65.6
MLT,Malta,2020-06-07,57.8
MLT,Malta,2020-06-14,64.2
MLT,Malta,2020-06-21,55.8
MLT,Malta,2020-06-28,58.8
MLT,Malta,2020-07-05,59.4
MLT,Malta,2020-07-12,60.2
MLT,Malta,2020-07-19,54.2
MLT,Malta,2020-07-26,62.2
MLT,Malta,2020-08-02,63.0
MLT,Malta,2020-08-09,63.0
MLT,Malta,2020-08-16,58.0
MLT,Malta,2020-08-23,56.2
MLT,Malta,2020-08-30,60.0
MLT,Malta,2020-09-06,61.8
MLT,Malta,2020-09-13,60.6
MLT,Malta,2020-09-20,53.8
MLT,Malta,2020-09-27,55.2
MLT,Malta,2020-10-04,56.6
MLT,Malta,2020-10-11,60.8
MLT,Malta,2020-10-18,63.6
MLT,Malta,2020-10-25,60.2
MLT,Malta,2020-11-01,60.4
MLT,Malta,2020-11-08,58.2
MLT,Malta,2020-11-15,67.2
MLT,Malta,2020-11-22,64.4
MLT,Malta,2020-11-29,68.8
MLT,Malta,2020-12-06,68.0
MLT,Malta,2020-12-13,70.0
MLT,Malta,2020-12-20,69.8
MLT,Malta,2020-12-27,86.2
MLT,Malta,2021-01-03,86.2
MNE,Montenegro,2020-01-05,151.0
MNE,Montenegro,2020-01-12,150.2
MNE,Montenegro,2020-01-19,151.6
MNE,Montenegro,2020-01-26,143.8
MNE,Montenegro,2020-02-02,147.0
MNE,Montenegro,2020-02-09,133.0
MNE,Montenegro,2020-02-16,127.8
MNE,Montenegro,2020-02-23,146.2
MNE,Montenegro,2020-03-01,141.2
MNE,Montenegro,2020-03-08,138.8
MNE,Montenegro,2020-03-15,120.4
MNE,Montenegro,2020-03-22,131.2
MNE,Montenegro,2020-03-29,116.8
MNE,Montenegro,2020-04-05,136.2
MNE,Montenegro,2020-04-12,119.0
MNE,Montenegro,2020-04-19,117.4
MNE,Montenegro,2020-04-26,124.0
MNE,Montenegro,2020-05-03,120.8
MNE,Montenegro,2020-05-10,109.4
MNE,Montenegro,2020-05-17,110.0
MNE,Montenegro,2020-05-24,111.0
MNE,Montenegro,2020-05-31,110.0
MNE,Montenegro,2020-06-07,121.4
MNE,Montenegro,2020-06-14,121.6
MNE,Montenegro,2020-06-21,115.0
MNE,Montenegro,2020-06-28,118.6
MNE,Montenegro,2020-07-05,111.0
MNE,Montenegro,2020-07-12,114.0
MNE,Montenegro,2020-07-19,113.2
MNE,Montenegro,2020-07-26,129.6
MNE,Montenegro,2020-08-02,119.4
MNE,Montenegro,2020-08-09,122.8
MNE,Montenegro,2020-08-16,109.0
MNE,Montenegro,2020-08-23,110.0
MNE,Montenegro,2020-08-30,105.4
MNE,Montenegro,2020-09-06,119.8
MNE,Montenegro,2020-09-13,108.4
MNE,Montenegro,2020-09-20,114.0
MNE,Montenegro,2020-09-27,113.8
MNE,Montenegro,2020-10-04,125.8
MNE,Montenegro,2020-10-11,116.8
MNE,Montenegro,2020-10-18,116.2
MNE,Montenegro,2020-10-25,117.6
MNE,Montenegro,2020-11-01,119.8
MNE,Montenegro,2020-11-08,121.4
MNE,Montenegro,2020-11-15,124.6
MNE,Montenegro,2020-11-22,123.6
MNE,Montenegro,2020-11-29,121.0
MNE,Montenegro,2020-12-06,126.0
MNE,Montenegro,2020-12-13,137.2
MNE,Montenegro,2020-12-20,148.8
MNE,Montenegro,2020-12-27,139.0
MNE,Montenegro,2021-01-03,139.0
MNG,Mongolia,2020-01-31,1414.6
MNG,Mongolia,2020-02-29,1300.8
MNG,Mongolia,2020-03-31,1437.8
MNG,Mongolia,2020-04-30,1345.0
MNG,Mongolia,2020-05-31,1420.6
MNG,Mongolia,2020-06-30,1328.4
MNG,Mongolia,2020-07-31,1376.2
MNG,Mongolia,2020-08-31,1366.6
MNG,Mongolia,2020-09-30,1388.6
MNG,Mongolia,2020-10-31,1396.8
MNG,Mongolia,2020-11-30,1312.2
MNG,Mongolia,2020-12-31,1493.0
MUS,Mauritius,2020-01-31,902.4
MUS,Mauritius,2020-02-29,786.2
MUS,Mauritius,2020-03-31,887.6
MUS,Mauritius,2020-04-30,803.6
MUS,Mauritius,2020-05-31,844.0
MUS,Mauritius,2020-06-30,811.0
MUS,Mauritius,2020-07-31,990.2
MUS,Mauritius,2020-08-31,931.2
MUS,Mauritius,2020-09-30,906.6
MUS,Mauritius,2020-10-31,862.0
MUS,Mauritius,2020-11-30,812.0
MUS,Mauritius,2020-12-31,867.6
NLD,Netherlands,2020-01-05,3281.8
NLD,Netherlands,2020-01-12,3353.6
NLD,Netherlands,2020-01-19,3290.0
NLD,Netherlands,2020-01-26,3336.8
NLD,Netherlands,2020-02-02,3310.4
NLD,Netherlands,2020-02-09,3290.6
NLD,Netherlands,2020-02-16,3334.2
NLD,Netherlands,2020-02-23,3389.0
NLD,Netherlands,2020-03-01,3309.8
NLD,Netherlands,2020-03-08,3339.6
NLD,Netherlands,2020-03-15,3191.8
NLD,Netherlands,2020-03-22,3068.0
NLD,Netherlands,2020-03-29,3043.0
NLD,Netherlands,2020-04-05,2912.0
NLD,Netherlands,2020-04-12,2846.6
NLD,Netherlands,2020-04-19,2832.6
NLD,Netherlands,2020-04-26,2796.2
NLD,Netherlands,2020-05-03,2731.2
NLD,Netherlands,2020-05-10,2783.4
NLD,Netherlands,2020-05-17,2724.8
NLD,Netherlands,2020-05-24,2720.6
NLD,Netherlands,2020-05-31,2711.8
NLD,Netherlands,2020-06-07,2645.2
NLD,Netherlands,2020-06-14,2630.8
NLD,Netherlands,2020-06-21,2617.4
NLD,Netherlands,2020-06-28,2661.6
NLD,Netherlands,2020-07-05,2739.6
NLD,Netherlands,2020-07-12,2635.0
NLD,Netherlands,2020-07-19,2658.0
NLD,Netherlands,2020-07-26,2688.0
NLD,Netherlands,2020-08-02,2600.2
NLD,Netherlands,2020-08-09,2628.6
NLD,Netherlands,2020-08-16,2572.8
NLD,Netherlands,2020-08-23,2602.2
NLD,Netherlands,2020-08-30,2603.0
NLD,Netherlands,2020-09-06,2568.0
NLD,Netherlands,2020-09-13,2644.0
NLD,Netherlands,2020-09-20,2627.2
NLD,Netherlands,2020-09-27,2695.4
NLD,Netherlands,2020-10-04,2720.4
NLD,Netherlands,2020-10-11,2814.0
NLD,Netherlands,2020-10-18,2757.6
NLD,Netherlands,2020-10-25,2801.0
NLD,Netherlands,2020-11-01,2792.4
NLD,Netherlands,2020-11-08,2844.8
NLD,Netherlands,2020-11-15,2849.6
NLD,Netherlands,2020-11-22,2904.2
NLD,Netherlands,2020-11-29,2903.2
NLD,Netherlands,2020-12-06,2964.4
NLD,Netherlands,2020-12-13,3077.0
NLD,Netherlands,2020-12-20,3065.8
NLD,Netherlands,2020-12-27,3008.6
NLD,Netherlands,2021-01-03,3008.6
NOR,Norway,2020-01-05,924.4
NOR,Norway,2020-01-12,917.6
NOR,Norway,2020-01-19,907.2
NOR,Norway,2020-01-26,884.8
NOR,Norway,2020-02-02,895.2
NOR,Norway,2020-02-09,864.0
NOR,Norway,2020-02-16,875.6
NOR,Norway,2020-02-23,867.6
NOR,Norway,2020-03-01,877.4
NOR,Norway,2020-03-08,868.4
NOR,Norway,2020-03-15,828.2
NOR,Norway,2020-03-22,817.0
NOR,Norway,2020-03-29,781.2
NOR,Norway,2020-04-05,799.4
NOR,Norway,2020-04-12,785.6
NOR,Norway,2020-04-19,765.8
NOR,Norway,2020-04-26,780.0
NOR,Norway,2020-05-03,741.6
NOR,Norway,2020-05-10,736.4
NOR,Norway,2020-05-17,724.6
NOR,Norway,2020-05-24,732.2
NOR,Norway,2020-05-31,713.6
NOR,Norway,2020-06-07,714.2
NOR,Norway,2020-06-14,722.6
NOR,Norway,2020-06-21,724.0
NOR,Norway,2020-06-28,734.2
NOR,Norway,2020-07-05,748.6
NOR,Norway,2020-07-12,718.0
NOR,Norway,2020-07-19,723.2
NOR,Norway,2020-07-26,722.4
NOR,Norway,2020-08-02,693.4
NOR,Norway,2020-08-09,718.2
NOR,Norway,2020-08-16,709.2
NOR,Norway,2020-08-23,717.2
NOR,Norway,2020-08-30,733.4
NOR,Norway,2020-09-06,723.8
NOR,Norway,2020-09-13,708.4
NOR,Norway,2020-09-20,720.6
NOR,Norway,2020-09-27,738.4
NOR,Norway,2020-10-04,730.2
NOR,Norway,2020-10-11,749.4
NOR,Norway,2020-10-18,749.2
NOR,Norway,2020-10-25,761.0
NOR,Norway,2020-11-01,753.4
NOR,Norway,2020-11-08,764.8
NOR,Norway,2020-11-15,782.4
NOR,Norway,2020-11-22,779.0
NOR,Norway,2020-11-29,793.6
NOR,Norway,2020-12-06,825.2
NOR,Norway,2020-12-13,823.4
NOR,Norway,2020-12-20,835.8
NOR,Norway,2020-12-27,876.2
NOR,Norway,2021-01-03,876.2
NZL,New Zealand,2020-01-05,569.4
NZL,New Zealand,2020-01-12,588.0
NZL,New Zealand,2020-01-19,574.4
NZL,New Zealand,2020-01-26,584.4
NZL,New Zealand,2020-02-02,573.0
NZL,New Zealand,2020-02-09,567.0
NZL,New Zealand,2020-02-16,553.0
NZL,New Zealand,2020-02-23,568.8
NZL,New Zealand,2020-03-01,576.4
NZL,New Zealand,2020-03-08,577.6
NZL,New Zealand,2020-03-15,588.0
NZL,New Zealand,2020-03-22,582.4
NZL,New Zealand,2020-03-29,593.8
NZL,New Zealand,2020-04-05,591.2
NZL,New Zealand,2020-04-12,585.0
NZL,New Zealand,2020-04-19,616.0
NZL,New Zealand,2020-04-26,605.6
NZL,New Zealand,2020-05-03,611.0
NZL,New Zealand,2020-05-10,631.6
NZL,New Zealand,2020-05-17,612.4
NZL,New Zealand,2020-05-24,636.4
NZL,New Zealand,2020-05-31,660.2
NZL,New Zealand,2020-06-07,669.6
NZL,New Zealand,2020-06-14,666.6
NZL,New Zealand,2020-06-21,680.8
NZL,New Zealand,2020-06-28,676.0
NZL,New Zealand,2020-07-05,682.0
NZL,New Zealand,2020-07-12,703.8
NZL,New Zealand,2020-07-19,720.0
NZL,New Zealand,2020-07-26,729.4
NZL,New Zealand,2020-08-02,731.4
NZL,New Zealand,2020-08-09,736.0
NZL,New Zealand,2020-08-16,716.8
NZL,New Zealand,2020-08-23,686.4
NZL,New Zealand,2020-08-30,687.6
NZL,New Zealand,2020-09-06,663.2
NZL,New Zealand,2020-09-13,683.2
NZL,New Zealand,2020-09-20,672.6
NZL,New Zealand,2020-09-27,647.0
NZL,New Zealand,2020-10-04,643.0
NZL,New Zealand,2020-10-11,656.6
NZL,New Zealand,2020-10-18,614.0
NZL,New Zealand,2020-10-25,614.4
NZL,New Zealand,2020-11-01,619.0
NZL,New Zealand,2020-11-08,611.2
NZL,New Zealand,2020-11-15,587.8
NZL,New Zealand,2020-11-22,610.4
NZL,New Zealand,2020-11-29,588.4
NZL,New Zealand,2020-12-06,576.0
NZL,New Zealand,2020-12-13,600.6
NZL,New Zealand,2020-12-20,582.4
NZL,New Zealand,2020-12-27,585.6
NZL,New Zealand,2021-01-03,585.6
OMN,Oman,2020-01-31,798.6
OMN,Oman,2020-02-29,680.8
OMN,Oman,2020-03-31,756.2
OMN,Oman,2020-04-30,680.4
OMN,Oman,2020-05-31,684.8
OMN,Oman,2020-06-30,672.8
OMN,Oman,2020-07-31,717.2
OMN,Oman,2020-08-31,703.8
OMN,Oman,2020-09-30,678.0
OMN,Oman,2020-10-31,697.2
OMN,Oman,2020-11-30,689.2
OMN,Oman,2020-12-31,759.6
PAN,Panama,2020-01-31,1664.8
PAN,Panama,2020-02-29,1450.0
PAN,Panama,2020-03-31,1578.8
PAN,Panama,2020-04-30,1563.2
PAN,Panama,2020-05-31,1557.2
PAN,Panama,2020-06-30,1604.4
PAN,Panama,2020-07-31,1685.4
PAN,Panama,2020-08-31,1639.4
PAN,Panama,2020-09-30,1644.8
PAN,Panama,2020-10-31,1672.2
PAN,Panama,2020-11-30,1601.0
PAN,Panama,2020-12-31,1658.4
PHL,Philippines,2020-01-31,51995.4
PHL,Philippines,2020-02-29,45454.0
PHL,Philippines,2020-03-31,47911.2
PHL,Philippines,2020-04-30,47258.4
PHL,Philippines,2020-05-31,49102.4
PHL,Philippines,2020-06-30,46106.6
PHL,Philippines,2020-07-31,48859.4
PHL,Philippines,2020-08-31,50565.2
PHL,Philippines,2020-09-30,49370.8
PHL,Philippines,2020-10-31,51316.0
PHL,Philippines,2020-11-30,48674.6
PHL,Philippines,2020-12-31,50015.6
POL,Poland,2020-01-05,8503.6
POL,Poland,2020-01-12,8512.6
POL,Poland,2020-01-19,8539.4
POL,Poland,2020-01-26,8614.6
POL,Poland,2020-02-02,8871.6
POL,Poland,2020-02-09,8820.0
POL,Poland,2020-02-16,8878.2
POL,Poland,2020-02-23,8789.8
POL,Poland,2020-03-01,8788.4
POL,Poland,2020-03-08,8629.4
POL,Poland,2020-03-15,8407.6
POL,Poland,2020-03-22,8275.4
POL,Poland,2020-03-29,8145.6
POL,Poland,2020-04-05,7956.6
POL,Poland,2020-04-12,7804.0
POL,Poland,2020-04-19,7606.8
POL,Poland,2020-04-26,7617.2
POL,Poland,2020-05-03,7425.0
POL,Poland,2020-05-10,7285.2
POL,Poland,2020-05-17,7167.0
POL,Poland,2020-05-24,7265.0
POL,Poland,2020-05-31,7238.4
POL,Poland,2020-06-07,7206.6
POL,Poland,2020-06-14,7194.2
POL,Poland,2020-06-21,7161.2
POL,Poland,2020-06-28,7004.4
POL,Poland,2020-07-05,7017.8
POL,Poland,2020-07-12,6997.8
POL,Poland,2020-07-19,7065.2
POL,Poland,2020-07-26,7322.8
POL,Poland,2020-08-02,7209.2
POL,Poland,2020-08-09,7172.2
POL,Poland,2020-08-16,7008.2
POL,Poland,2020-08-23,6850.0
POL,Poland,2020-08-30,7134.4
POL,Poland,2020-09-06,7005.4
POL,Poland,2020-09-13,6942.4
POL,Poland,2020-09-20,7203.4
POL,Poland,2020-09-27,7416.2
POL,Poland,2020-10-04,7618.6
POL,Poland,2020-10-11,7569.2
POL,Poland,2020-10-18,7696.8
POL,Poland,2020-10-25,7599.4
POL,Poland,2020-11-01,7598.0
POL,Poland,2020-11-08,7496.6
POL,Poland,2020-11-15,7540.8
POL,Poland,2020-11-22,7633.6
POL,Poland,2020-11-29,7667.8
POL,Poland,2020-12-06,7876.0
POL,Poland,2020-12-13,7841.4
POL,Poland,2020-12-20,8020.0
POL,Poland,2020-12-27,8280.6
POL,Poland,2021-01-03,8280.6
PRT,Portugal,2020-01-05,2794.4
PRT,Portugal,2020-01-12,2808.0
PRT,Portugal,2020-01-19,2858.6
PRT,Portugal,2020-01-26,2825.8
PRT,Portugal,2020-02-02,2686.8
PRT,Portugal,2020-02-09,2647.0
PRT,Portugal,2020-02-16,2643.4
PRT,Portugal,2020-02-23,2508.0
PRT,Portugal,2020-03-01,2463.2
PRT,Portugal,2020-03-08,2338.4
PRT,Portugal,2020-03-15,2276.4
PRT,Portugal,2020-03-22,2212.4
PRT,Portugal,2020-03-29,2160.6
PRT,Portugal,2020-04-05,2185.2
PRT,Portugal,2020-04-12,2108.0
PRT,Portugal,2020-04-19,2008.8
PRT,Portugal,2020-04-26,1988.8
PRT,Portugal,2020-05-03,1975.4
PRT,Portugal,2020-05-10,1918.8
PRT,Portugal,2020-05-17,1957.2
PRT,Portugal,2020-05-24,1917.0
PRT,Portugal,2020-05-31,1915.8
PRT,Portugal,2020-06-07,1879.4
PRT,Portugal,2020-06-14,1873.6
PRT,Portugal,2020-06-21,1984.0
PRT,Portugal,2020-06-28,1851.8
PRT,Portugal,2020-07-05,1810.6
PRT,Portugal,2020-07-12,1842.8
PRT,Portugal,2020-07-19,1835.0
PRT,Portugal,2020-07-26,1853.8
PRT,Portugal,2020-08-02,1901.6
PRT,Portugal,2020-08-09,1935.6
PRT,Portugal,2020-08-16,1821.2
PRT,Portugal,2020-08-23,1911.8
PRT,Portugal,2020-08-30,1790.4
PRT,Portugal,2020-09-06,1844.0
PRT,Portugal,2020-09-13,1786.6
PRT,Portugal,2020-09-20,1818.6
PRT,Portugal,2020-09-27,1860.6
PRT,Portugal,2020-10-04,1908.8
PRT,Portugal,2020-10-11,1868.6
PRT,Portugal,2020-10-18,1938.2
PRT,Portugal,2020-10-25,1982.4
PRT,Portugal,2020-11-01,1983.4
PRT,Portugal,2020-11-08,2028.2
PRT,Portugal,2020-11-15,2076.6
PRT,Portugal,2020-11-22,2116.2
PRT,Portugal,2020-11-29,2198.8
PRT,Portugal,2020-12-06,2238.8
PRT,Portugal,2020-12-13,2280.4
PRT,Portugal,2020-12-20,2396.6
PRT,Portugal,2020-12-27,2545.8
PRT,Portugal,2021-01-03,2545.8
PRY,Paraguay,2020-01-31,2496.6
PRY,Paraguay,2020-02-29,2217.8
PRY,Paraguay,2020-03-31,2407.2
PRY,Paraguay,2020-04-30,2357.0
PRY,Paraguay,2020-05-31,2650.4
PRY,Paraguay,2020-06-30,2935.6
PRY,Paraguay,2020-07-31,2974.6
PRY,Paraguay,2020-08-31,2765.8
PRY,Paraguay,2020-09-30,2523.0
PRY,Paraguay,2020-10-31,2454.6
PRY,Paraguay,2020-11-30,2268.6
PRY,Paraguay,2020-12-31,2468.0
QAT,Qatar,2020-01-31,197.6
QAT,Qatar,2020-02-29,188.4
QAT,Qatar,2020-03-31,192.6
QAT,Qatar,2020-04-30,189.4
QAT,Qatar,2020-05-31,202.2
QAT,Qatar,2020-06-30,186.8
QAT,Qatar,2020-07-31,179.4
QAT,Qatar,2020-08-31,182.2
QAT,Qatar,2020-09-30,185.6
QAT,Qatar,2020-10-31,193.4
QAT,Qatar,2020-11-30,201.2
QAT,Qatar,2020-12-31,209.8
ROU,Romania,2020-01-05,5926.0
ROU,Romania,2020-01-12,5901.4
ROU,Romania,2020-01-19,5845.8
ROU,Romania,2020-01-26,5815.0
ROU,Romania,2020-02-02,5815.2
ROU,Romania,2020-02-09,5603.6
ROU,Romania,2020-02-16,5627.0
ROU,Romania,2020-02-23,5652.6
ROU,Romania,2020-03-01,5654.0
ROU,Romania,2020-03-08,5519.0
ROU,Romania,2020-03-15,5439.4
ROU,Romania,2020-03-22,5350.8
ROU,Romania,2020-03-29,5286.4
ROU,Romania,2020-04-05,5203.6
ROU,Romania,2020-04-12,5108.6
ROU,Romania,2020-04-19,5042.2
ROU,Romania,2020-04-26,4920.4
ROU,Romania,2020-05-03,4921.6
ROU,Romania,2020-05-10,4715.4
ROU,Romania,2020-05-17,4654.2
ROU,Romania,2020-05-24,4696.6
ROU,Romania,2020-05-31,4632.8
ROU,Romania,2020-06-07,4667.4
ROU,Romania,2020-06-14,4706.0
ROU,Romania,2020-06-21,4814.2
ROU,Romania,2020-06-28,4589.6
ROU,Romania,2020-07-05,4486.8
ROU,Romania,2020-07-12,4504.8
ROU,Romania,2020-07-19,4421.6
ROU,Romania,2020-07-26,4642.0
ROU,Romania,2020-08-02,4701.0
ROU,Romania,2020-08-09,4519.4
ROU,Romania,2020-08-16,4489.4
ROU,Romania,2020-08-23,4376.2
ROU,Romania,2020-08-30,4398.6
ROU,Romania,2020-09-06,4380.4
ROU,Romania,2020-09-13,4360.8
ROU,Romania,2020-09-20,4391.2
ROU,Romania,2020-09-27,4539.0
ROU,Romania,2020-10-04,4822.2
ROU,Romania,2020-10-11,4889.6
ROU,Romania,2020-10-18,5029.2
ROU,Romania,2020-10-25,4951.0
ROU,Romania,2020-11-01,5004.4
ROU,Romania,2020-11-08,4989.6
ROU,Romania,2020-11-15,4994.8
ROU,Romania,2020-11-22,5040.4
ROU,Romania,2020-11-29,5057.0
ROU,Romania,2020-12-06,5167.6
ROU,Romania,2020-12-13,5259.2
ROU,Romania,2020-12-20,5364.0
ROU,Romania,2020-12-27,5517.2
ROU,Romania,2021-01-03,5517.2
RUS,Russian Federation,2020-01-31,172438.2
RUS,Russian Federation,2020-02-29,150349.0
RUS,Russian Federation,2020-03-31,165009.6
RUS,Russian Federation,2020-04-30,153785.4
RUS,Russian Federation,2020-05-31,158727.2
RUS,Russian Federation,2020-06-30,150584.4
RUS,Russian Federation,2020-07-31,150048.2
RUS,Russian Federation,2020-08-31,149712.0
RUS,Russian Federation,2020-09-30,144254.4
RUS,Russian Federation,2020-10-31,154793.0
RUS,Russian Federation,2020-11-30,146912.0
RUS,Russian Federation,2020-12-31,153821.8
SGP,Singapore,2020-01-31,1776.4
SGP,Singapore,2020-02-29,1588.6
SGP,Singapore,2020-03-31,1770.8
SGP,Singapore,2020-04-30,1673.4
SGP,Singapore,2020-05-31,1790.2
SGP,Singapore,2020-06-30,1764.0
SGP,Singapore,2020-07-31,1815.4
SGP,Singapore,2020-08-31,1763.4
SGP,Singapore,2020-09-30,1617.0
SGP,Singapore,2020-10-31,1741.2
SGP,Singapore,2020-11-30,1647.0
SGP,Singapore,2020-12-31,1755.0
SMR,San Marino,2020-01-31,23.8
SMR,San Marino,2020-02-29,22.2
SMR,San Marino,2020-03-31,21.2
SMR,San Marino,2020-04-30,22.6
SMR,San Marino,2020-05-31,20.2
SMR,San Marino,2020-06-30,21.4
SMR,San Marino,2020-07-31,19.0
SMR,San Marino,2020-08-31,20.4
SMR,San Marino,2020-09-30,19.8
SMR,San Marino,2020-10-31,19.2
SMR,San Marino,2020-11-30,21.0
SMR,San Marino,2020-12-31,21.4
SRB,Serbia,2020-01-31,9828.2
SRB,Serbia,2020-02-29,9260.0
SRB,Serbia,2020-03-31,9264.4
SRB,Serbia,2020-04-30,8472.6
SRB,Serbia,2020-05-31,8267.2
SRB,Serbia,2020-06-30,7791.6
SRB,Serbia,2020-07-31,8077.4
SRB,Serbia,2020-08-31,7705.6
SRB,Serbia,2020-09-30,7518.8
SRB,Serbia,2020-10-31,8473.6
SRB,Serbia,2020-11-30,8271.0
SRB,Serbia,2020-12-31,9591.0
SVK,Slovak Republic,2020-01-05,1158.8
SVK,Slovak Republic,2020-01-12,1157.8
SVK,Slovak Republic,2020-01-19,1200.0
SVK,Slovak Republic,2020-01-26,1160.4
SVK,Slovak Republic,2020-02-02,1221.0
SVK,Slovak Republic,2020-02-09,1193.4
SVK,Slovak Republic,2020-02-16,1188.4
SVK,Slovak Republic,2020-02-23,1190.0
SVK,Slovak Republic,2020-03-01,1191.6
SVK,Slovak Republic,2020-03-08,1146.4
SVK,Slovak Republic,2020-03-15,1101.8
SVK,Slovak Republic,2020-03-22,1079.8
SVK,Slovak Republic,2020-03-29,1051.4
SVK,Slovak Republic,2020-04-05,1016.0
SVK,Slovak Republic,2020-04-12,1045.6
SVK,Slovak Republic,2020-04-19,1004.8
SVK,Slovak Republic,2020-04-26,1008.8
SVK,Slovak Republic,2020-05-03,979.2
SVK,Slovak Republic,2020-05-10,954.4
SVK,Slovak Republic,2020-05-17,944.2
SVK,Slovak Republic,2020-05-24,960.6
SVK,Slovak Republic,2020-05-31,953.6
SVK,Slovak Republic,2020-06-07,922.2
SVK,Slovak Republic,2020-06-14,972.2
SVK,Slovak Republic,2020-06-21,955.2
SVK,Slovak Republic,2020-06-28,926.6
SVK,Slovak Republic,2020-07-05,937.4
SVK,Slovak Republic,2020-07-12,942.0
SVK,Slovak Republic,2020-07-19,948.4
SVK,Slovak Republic,2020-07-26,1023.4
SVK,Slovak Republic,2020-08-02,976.0
SVK,Slovak Republic,2020-08-09,964.2
SVK,Slovak Republic,2020-08-16,960.8
SVK,Slovak Republic,2020-08-23,934.8
SVK,Slovak Republic,2020-08-30,954.2
SVK,Slovak Republic,2020-09-06,945.6
SVK,Slovak Republic,2020-09-13,949.6
SVK,Slovak Republic,2020-09-20,978.2
SVK,Slovak Republic,2020-09-27,991.2
SVK,Slovak Republic,2020-10-04,989.4
SVK,Slovak Republic,2020-10-11,983.4
SVK,Slovak Republic,2020-10-18,1010.4
SVK,Slovak Republic,2020-10-25,980.8
SVK,Slovak Republic,2020-11-01,999.8
SVK,Slovak Republic,2020-11-08,1006.8
SVK,Slovak Republic,2020-11-15,1005.6
SVK,Slovak Republic,2020-11-22,1008.4
SVK,Slovak Republic,2020-11-29,1008.2
SVK,Slovak Republic,2020-12-06,976.2
SVK,Slovak Republic,2020-12-13,1011.6
SVK,Slovak Republic,2020-12-20,1087.0
SVK,Slovak Republic,2020-12-27,1092.8
SVK,Slovak Republic,2021-01-03,1092.8
SVN,Slovenia,2020-01-05,441.6
SVN,Slovenia,2020-01-12,456.2
SVN,Slovenia,2020-01-19,465.8
SVN,Slovenia,2020-01-26,475.4
SVN,Slovenia,2020-02-02,487.4
SVN,Slovenia,2020-02-09,459.0
SVN,Slovenia,2020-02-16,462.0
SVN,Slovenia,2020-02-23,453.4
SVN,Slovenia,2020-03-01,459.6
SVN,Slovenia,2020-03-08,409.0
SVN,Slovenia,2020-03-15,439.4
SVN,Slovenia,2020-03-22,418.4
SVN,Slovenia,2020-03-29,425.2
SVN,Slovenia,2020-04-05,401.4
SVN,Slovenia,2020-04-12,368.8
SVN,Slovenia,2020-04-19,399.2
SVN,Slovenia,2020-04-26,379.6
SVN,Slovenia,2020-05-03,364.2
SVN,Slovenia,2020-05-10,360.6
SVN,Slovenia,2020-05-17,354.8
SVN,Slovenia,2020-05-24,353.6
SVN,Slovenia,2020-05-31,349.6
SVN,Slovenia,2020-06-07,346.4
SVN,Slovenia,2020-06-14,339.6
SVN,Slovenia,2020-06-21,345.4
SVN,Slovenia,2020-06-28,325.2
SVN,Slovenia,2020-07-05,354.2
SVN,Slovenia,2020-07-12,344.0
SVN,Slovenia,2020-07-19,354.4
SVN,Slovenia,2020-07-26,366.8
SVN,Slovenia,2020-08-02,352.2
SVN,Slovenia,2020-08-09,349.6
SVN,Slovenia,2020-08-16,352.8
SVN,Slovenia,2020-08-23,359.2
SVN,Slovenia,2020-08-30,359.0
SVN,Slovenia,2020-09-06,335.4
SVN,Slovenia,2020-09-13,358.2
SVN,Slovenia,2020-09-20,361.2
SVN,Slovenia,2020-09-27,350.4
SVN,Slovenia,2020-10-04,375.4
SVN,Slovenia,2020-10-11,381.8
SVN,Slovenia,2020-10-18,371.8
SVN,Slovenia,2020-10-25,382.6
SVN,Slovenia,2020-11-01,372.0
SVN,Slovenia,2020-11-08,373.2
SVN,Slovenia,2020-11-15,389.2
SVN,Slovenia,2020-11-22,372.2
SVN,Slovenia,2020-11-29,372.4
SVN,Slovenia,2020-12-06,401.2
SVN,Slovenia,2020-12-13,407.2
SVN,Slovenia,2020-12-20,406.6
SVN,Slovenia,2020-12-27,410.4
SVN,Slovenia,2021-01-03,410.4
SWE,Sweden,2020-01-05,1975.4
SWE,Sweden,2020-01-12,1952.6
SWE,Sweden,2020-01-19,1947.4
SWE,Sweden,2020-01-26,1923.6
SWE,Sweden,2020-02-02,1886.6
SWE,Sweden,2020-02-09,1890.2
SWE,Sweden,2020-02-16,1927.4
SWE,Sweden,2020-02-23,1991.4
SWE,Sweden,2020-03-01,1977.0
SWE,Sweden,2020-03-08,1915.0
SWE,Sweden,2020-03-15,1899.8
SWE,Sweden,2020-03-22,1798.0
SWE,Sweden,2020-03-29,1820.6
SWE,Sweden,2020-04-05,1803.8
SWE,Sweden,2020-04-12,1747.0
SWE,Sweden,2020-04-19,1761.2
SWE,Sweden,2020-04-26,1695.4
SWE,Sweden,2020-05-03,1649.0
SWE,Sweden,2020-05-10,1637.2
SWE,Sweden,2020-05-17,1572.0
SWE,Sweden,2020-05-24,1562.4
SWE,Sweden,2020-05-31,1562.0
SWE,Sweden,2020-06-07,1537.0
SWE,Sweden,2020-06-14,1525.0
SWE,Sweden,2020-06-21,1536.4
SWE,Sweden,2020-06-28,1559.6
SWE,Sweden,2020-07-05,1579.4
SWE,Sweden,2020-07-12,1566.6
SWE,Sweden,2020-07-19,1572.6
SWE,Sweden,2020-07-26,1561.6
SWE,Sweden,2020-08-02,1582.4
SWE,Sweden,2020-08-09,1529.6
SWE,Sweden,2020-08-16,1527.6
SWE,Sweden,2020-08-23,1538.8
SWE,Sweden,2020-08-30,1587.6
SWE,Sweden,2020-09-06,1571.6
SWE,Sweden,2020-09-13,1550.6
SWE,Sweden,2020-09-20,1568.8
SWE,Sweden,2020-09-27,1593.4
SWE,Sweden,2020-10-04,1640.2
SWE,Sweden,2020-10-11,1650.8
SWE,Sweden,2020-10-18,1627.2
SWE,Sweden,2020-10-25,1670.4
SWE,Sweden,2020-11-01,1695.4
SWE,Sweden,2020-11-08,1663.0
SWE,Sweden,2020-11-15,1689.8
SWE,Sweden,2020-11-22,1665.2
SWE,Sweden,2020-11-29,1737.8
SWE,Sweden,2020-12-06,1786.0
SWE,Sweden,2020-12-13,1752.6
SWE,Sweden,2020-12-20,1800.6
SWE,Sweden,2020-12-27,1830.8
SWE,Sweden,2021-01-03,1830.8
THA,Thailand,2020-01-31,42827.5
THA,Thailand,2020-02-29,38314.5
THA,Thailand,2020-03-31,40301.25
THA,Thailand,2020-04-30,42304.0
THA,Thailand,2020-05-31,40890.5
THA,Thailand,2020-06-30,37054.25
THA,Thailand,2020-07-31,39307.75
THA,Thailand,2020-08-31,40037.25
THA,Thailand,2020-09-30,38903.5
THA,Thailand,2020-10-31,41842.0
THA,Thailand,2020-11-30,39572.5
THA,Thailand,2020-12-31,40919.25
TUN,Tunisia,2020-01-31,7242.2
TUN,Tunisia,2020-02-29,6463.0
TUN,Tunisia,2020-03-31,6292.4
TUN,Tunisia,2020-04-30,5126.2
TUN,Tunisia,2020-05-31,4845.0
TUN,Tunisia,2020-06-30,4622.4
TUN,Tunisia,2020-07-31,5278.4
TUN,Tunisia,2020-08-31,5270.8
TUN,Tunisia,2020-09-30,4818.0
TUN,Tunisia,2020-10-31,5121.6
TUN,Tunisia,2020-11-30,5416.2
TUN,Tunisia,2020-12-31,6061.0
TWN,Taiwan,2020-01-05,3358.0
TWN,Taiwan,2020-01-12,3409.4
TWN,Taiwan,2020-01-19,3532.4
TWN,Taiwan,2020-01-26,3586.2
TWN,Taiwan,2020-02-02,3663.8
TWN,Taiwan,2020-02-09,3746.8
TWN,Taiwan,2020-02-16,3832.0
TWN,Taiwan,2020-02-23,3709.2
TWN,Taiwan,2020-03-01,3600.6
TWN,Taiwan,2020-03-08,3525.6
TWN,Taiwan,2020-03-15,3485.4
TWN,Taiwan,2020-03-22,3438.8
TWN,Taiwan,2020-03-29,3423.6
TWN,Taiwan,2020-04-05,3369.8
TWN,Taiwan,2020-04-12,3301.6
TWN,Taiwan,2020-04-19,3252.4
TWN,Taiwan,2020-04-26,3162.6
TWN,Taiwan,2020-05-03,3180.4
TWN,Taiwan,2020-05-10,3095.8
TWN,Taiwan,2020-05-17,3145.2
TWN,Taiwan,2020-05-24,3119.2
TWN,Taiwan,2020-05-31,3161.2
TWN,Taiwan,2020-06-07,3141.2
TWN,Taiwan,2020-06-14,3181.8
TWN,Taiwan,2020-06-21,3283.6
TWN,Taiwan,2020-06-28,3257.8
TWN,Taiwan,2020-07-05,3300.6
TWN,Taiwan,2020-07-12,3248.0
TWN,Taiwan,2020-07-19,3248.2
TWN,Taiwan,2020-07-26,3257.2
TWN,Taiwan,2020-08-02,3197.4
TWN,Taiwan,2020-08-09,3205.4
TWN,Taiwan,2020-08-16,3117.2
TWN,Taiwan,2020-08-23,3121.6
TWN,Taiwan,2020-08-30,3081.0
TWN,Taiwan,2020-09-06,3157.0
TWN,Taiwan,2020-09-13,3172.2
TWN,Taiwan,2020-09-20,3155.2
TWN,Taiwan,2020-09-27,3158.8
TWN,Taiwan,2020-10-04,3156.4
TWN,Taiwan,2020-10-11,3127.4
TWN,Taiwan,2020-10-18,3128.4
TWN,Taiwan,2020-10-25,3185.6
TWN,Taiwan,2020-11-01,3177.8
TWN,Taiwan,2020-11-08,3173.8
TWN,Taiwan,2020-11-15,3126.2
TWN,Taiwan,2020-11-22,3087.8
TWN,Taiwan,2020-11-29,3171.8
TWN,Taiwan,2020-12-06,3284.0
TWN,Taiwan,2020-12-13,3389.0
TWN,Taiwan,2020-12-20,3439.2
TWN,Taiwan,2020-12-27,3372.4
TWN,Taiwan,2021-01-03,3372.4
UKR,Ukraine,2020-01-31,57144.2
UKR,Ukraine,2020-02-29,48311.8
UKR,Ukraine,2020-03-31,52085.6
UKR,Ukraine,2020-04-30,49104.0
UKR,Ukraine,2020-05-31,51095.8
UKR,Ukraine,2020-06-30,44957.8
UKR,Ukraine,2020-07-31,45924.4
UKR,Ukraine,2020-08-31,44229.6
UKR,Ukraine,2020-09-30,42430.4
UKR,Ukraine,2020-10-31,49842.2
UKR,Ukraine,2020-11-30,48575.4
UKR,Ukraine,2020-12-31,50564.4
USA,United States,2020-01-05,60155.5
USA,United States,2020-01-12,60962.2
USA,United States,2020-01-19,59833.2
USA,United States,2020-01-26,58714.0
USA,United States,2020-02-02,58060.2
USA,United States,2020-02-09,58332.4
USA,United States,2020-02-16,57820.4
USA,United States,2020-02-23,57177.8
USA,United States,2020-03-01,56854.0
USA,United States,2020-03-08,57187.4
USA,United States,2020-03-15,56237.0
USA,United States,2020-03-22,55886.8
USA,United States,2020-03-29,54997.2
USA,United States,2020-04-05,54935.0
USA,United States,2020-04-12,54465.4
USA,United States,2020-04-19,53627.0
USA,United States,2020-04-26,52772.4
USA,United States,2020-05-03,52741.4
USA,United States,2020-05-10,52152.2
USA,United States,2020-05-17,51664.2
USA,United States,2020-05-24,51195.8
USA,United States,2020-05-31,51003.6
USA,United States,2020-06-07,51217.4
USA,United States,2020-06-14,51010.2
USA,United States,2020-06-21,50778.6
USA,United States,2020-06-28,50614.6
USA,United States,2020-07-05,50904.6
USA,United States,2020-07-12,50455.0
USA,United States,2020-07-19,50293.4
USA,United States,2020-07-26,50032.0
USA,United States,2020-08-02,50174.6
USA,United States,2020-08-09,50287.8
USA,United States,2020-08-16,49968.6
USA,United States,2020-08-23,49907.2
USA,United States,2020-08-30,50255.4
USA,United States,2020-09-06,50497.8
USA,United States,2020-09-13,50738.6
USA,United States,2020-09-20,50778.0
USA,United States,2020-09-27,51021.4
USA,United States,2020-10-04,51563.0
USA,United States,2020-10-11,52032.6
USA,United States,2020-10-18,52280.4
USA,United States,2020-10-25,52687.4
USA,United States,2020-11-01,52822.6
USA,United States,2020-11-08,53362.6
USA,United States,2020-11-15,53809.0
USA,United States,2020-11-22,54047.4
USA,United States,2020-11-29,54319.2
USA,United States,2020-12-06,55317.6
USA,United States,2020-12-13,56321.6
USA,United States,2020-12-20,56538.2
USA,United States,2020-12-27,57333.6
USA,United States,2021-01-03,57333.6
UZB,Uzbekistan,2020-01-31,10178.8
UZB,Uzbekistan,2020-02-29,13366.4
UZB,Uzbekistan,2020-03-31,13461.4
UZB,Uzbekistan,2020-04-30,13018.0
UZB,Uzbekistan,2020-05-31,12893.4
UZB,Uzbekistan,2020-06-30,12162.0
UZB,Uzbekistan,2020-07-31,13731.8
UZB,Uzbekistan,2020-08-31,12252.8
UZB,Uzbekistan,2020-09-30,10857.2
UZB,Uzbekistan,2020-10-31,11917.8
UZB,Uzbekistan,2020-11-30,12830.4
UZB,Uzbekistan,2020-12-31,18736.4
