iso_code,country,date,owid_weekly_excess_mortality_p_score_85plus
AUS,Australia,2020-01-05,6.79
AUS,Australia,2020-01-12,-0.64
AUS,Australia,2020-01-19,0.11
AUS,Australia,2020-01-26,5.57
AUS,Australia,2020-02-02,7.28
AUS,Australia,2020-02-09,4.31
AUS,Australia,2020-02-16,3.71
AUS,Australia,2020-02-23,2.56
AUS,Australia,2020-03-01,8.36
AUS,Australia,2020-03-08,4.44
AUS,Australia,2020-03-15,2.61
AUS,Australia,2020-03-22,8.44
AUS,Australia,2020-03-29,3.81
AUS,Australia,2020-04-05,15.02
AUS,Australia,2020-04-12,7.97
AUS,Australia,2020-04-19,5.44
AUS,Australia,2020-04-26,3.32
AUS,Australia,2020-05-03,2.72
AUS,Australia,2020-05-10,1.0
AUS,Australia,2020-05-17,-7.76
AUS,Australia,2020-05-24,1.74
AUS,Australia,2020-05-31,-6.09
AUS,Australia,2020-06-07,-7.55
AUS,Australia,2020-06-14,-2.69
AUS,Australia,2020-06-21,-9.54
AUS,Australia,2020-06-28,-4.48
AUS,Australia,2020-07-05,-7.88
AUS,Australia,2020-07-12,-8.52
AUS,Australia,2020-07-19,-13.55
AUS,Australia,2020-07-26,-5.15
AUS,Australia,2020-08-02,-6.11
AUS,Australia,2020-08-09,-5.66
AUS,Australia,2020-08-16,-3.67
AUS,Australia,2020-08-23,-5.77
AUS,Australia,2020-08-30,-6.57
AUS,Australia,2020-09-06,-10.91
AUS,Australia,2020-09-13,-5.22
AUS,Australia,2020-09-20,-6.92
AUS,Australia,2020-09-27,-5.62
AUS,Australia,2020-10-04,-5.38
AUS,Australia,2020-10-11,-8.06
AUS,Australia,2020-10-18,-3.81
AUS,Australia,2020-10-25,-5.17
AUS,Australia,2020-11-01,-1.33
AUS,Australia,2020-11-08,-0.75
AUS,Australia,2020-11-15,3.65
AUS,Australia,2020-11-22,2.19
AUS,Australia,2020-11-29,2.56
AUS,Australia,2020-12-06,9.74
AUS,Australia,2020-12-13,-2.33
AUS,Australia,2020-12-20,4.68
AUS,Australia,2020-12-27,9.4
AUS,Australia,2021-01-03,6.48
AUS,Australia,2021-01-10,6.97
AUS,Australia,2021-01-17,-4.94
AUS,Australia,2021-01-24,6.74
AUS,Australia,2021-01-31,0.23
AUT,Austria,2020-01-05,-11.17
AUT,Austria,2020-01-12,-13.4
AUT,Austria,2020-01-19,-2.91
AUT,Austria,2020-01-26,-5.01
AUT,Austria,2020-02-02,5.79
AUT,Austria,2020-02-09,-10.87
AUT,Austria,2020-02-16,-1.03
AUT,Austria,2020-02-23,-8.64
AUT,Austria,2020-03-01,-6.26
AUT,Austria,2020-03-08,-4.07
AUT,Austria,2020-03-15,-1.56
AUT,Austria,2020-03-22,11.95
AUT,Austria,2020-03-29,6.12
AUT,Austria,2020-04-05,15.87
AUT,Austria,2020-04-12,18.05
AUT,Austria,2020-04-19,13.57
AUT,Austria,2020-04-26,4.01
AUT,Austria,2020-05-03,3.98
AUT,Austria,2020-05-10,5.99
AUT,Austria,2020-05-17,-0.14
AUT,Austria,2020-05-24,1.08
AUT,Austria,2020-05-31,2.04
AUT,Austria,2020-06-07,5.7
AUT,Austria,2020-06-14,2.22
AUT,Austria,2020-06-21,8.84
AUT,Austria,2020-06-28,10.01
AUT,Austria,2020-07-05,10.29
AUT,Austria,2020-07-12,-1.09
AUT,Austria,2020-07-19,-9.27
AUT,Austria,2020-07-26,-6.67
AUT,Austria,2020-08-02,-2.67
AUT,Austria,2020-08-09,-2.44
AUT,Austria,2020-08-16,10.23
AUT,Austria,2020-08-23,0.77
AUT,Austria,2020-08-30,5.5
AUT,Austria,2020-09-06,7.31
AUT,Austria,2020-09-13,8.96
AUT,Austria,2020-09-20,12.04
AUT,Austria,2020-09-27,8.87
AUT,Austria,2020-10-04,3.16
AUT,Austria,2020-10-11,0.91
AUT,Austria,2020-10-18,3.73
AUT,Austria,2020-10-25,20.01
AUT,Austria,2020-11-01,25.27
AUT,Austria,2020-11-08,26.85
AUT,Austria,2020-11-15,58.7
AUT,Austria,2020-11-22,60.82
AUT,Austria,2020-11-29,66.77
AUT,Austria,2020-12-06,67.63
AUT,Austria,2020-12-13,58.54
AUT,Austria,2020-12-20,39.68
AUT,Austria,2020-12-27,19.25
AUT,Austria,2021-01-03,11.36
AUT,Austria,2021-01-10,7.06
AUT,Austria,2021-01-17,1.07
AUT,Austria,2021-01-24,16.04
AUT,Austria,2021-01-31,10.74
AUT,Austria,2021-02-07,-0.98
AUT,Austria,2021-02-14,-9.85
AUT,Austria,2021-02-21,-7.71
AUT,Austria,2021-02-28,-12.52
AUT,Austria,2021-03-07,-22.41
AUT,Austria,2021-03-14,-2.33
AUT,Austria,2021-03-21,-5.73
AUT,Austria,2021-03-28,-5.31
AUT,Austria,2021-04-04,0.75
AUT,Austria,2021-04-11,-3.16
AUT,Austria,2021-04-18,0.16
AUT,Austria,2021-04-25,2.75
AUT,Austria,2021-05-02,7.3
AUT,Austria,2021-05-09,13.47
AUT,Austria,2021-05-16,11.55
AUT,Austria,2021-05-23,7.21
BEL,Belgium,2020-01-05,-4.57
BEL,Belgium,2020-01-12,2.19
BEL,Belgium,2020-01-19,-1.54
BEL,Belgium,2020-01-26,-8.63
BEL,Belgium,2020-02-02,-8.37
BEL,Belgium,2020-02-09,-17.08
BEL,Belgium,2020-02-16,-10.98
BEL,Belgium,2020-02-23,-8.56
BEL,Belgium,2020-03-01,-11.56
BEL,Belgium,2020-03-08,-7.33
BEL,Belgium,2020-03-15,-7.25
BEL,Belgium,2020-03-22,10.47
BEL,Belgium,2020-03-29,53.69
BEL,Belgium,2020-04-05,119.2
BEL,Belgium,2020-04-12,143.2
BEL,Belgium,2020-04-19,124.02
BEL,Belgium,2020-04-26,78.02
BEL,Belgium,2020-05-03,37.11
BEL,Belgium,2020-05-10,33.55
BEL,Belgium,2020-05-17,7.37
BEL,Belgium,2020-05-24,18.64
BEL,Belgium,2020-05-31,17.65
BEL,Belgium,2020-06-07,2.19
BEL,Belgium,2020-06-14,7.11
BEL,Belgium,2020-06-21,2.23
BEL,Belgium,2020-06-28,7.67
BEL,Belgium,2020-07-05,-7.43
BEL,Belgium,2020-07-12,-8.01
BEL,Belgium,2020-07-19,0.29
BEL,Belgium,2020-07-26,-5.81
BEL,Belgium,2020-08-02,6.25
BEL,Belgium,2020-08-09,13.68
BEL,Belgium,2020-08-16,78.93
BEL,Belgium,2020-08-23,26.79
BEL,Belgium,2020-08-30,1.43
BEL,Belgium,2020-09-06,4.99
BEL,Belgium,2020-09-13,-2.14
BEL,Belgium,2020-09-20,15.72
BEL,Belgium,2020-09-27,4.58
BEL,Belgium,2020-10-04,-3.17
BEL,Belgium,2020-10-11,0.55
BEL,Belgium,2020-10-18,5.05
BEL,Belgium,2020-10-25,44.5
BEL,Belgium,2020-11-01,72.39
BEL,Belgium,2020-11-08,103.67
BEL,Belgium,2020-11-15,87.6
BEL,Belgium,2020-11-22,62.66
BEL,Belgium,2020-11-29,52.93
BEL,Belgium,2020-12-06,32.88
BEL,Belgium,2020-12-13,35.62
BEL,Belgium,2020-12-20,32.48
BEL,Belgium,2020-12-27,30.28
BEL,Belgium,2021-01-03,9.79
BEL,Belgium,2021-01-10,10.6
BEL,Belgium,2021-01-17,2.47
BEL,Belgium,2021-01-24,3.75
BEL,Belgium,2021-01-31,-1.14
BEL,Belgium,2021-02-07,-11.16
BEL,Belgium,2021-02-14,-5.55
BEL,Belgium,2021-02-21,-8.73
BEL,Belgium,2021-02-28,-14.52
BEL,Belgium,2021-03-07,-26.47
BEL,Belgium,2021-03-14,-14.74
BEL,Belgium,2021-03-21,-15.67
BEL,Belgium,2021-03-28,-13.15
BEL,Belgium,2021-04-04,-8.19
BEL,Belgium,2021-04-11,-5.71
BEL,Belgium,2021-04-18,-3.37
BEL,Belgium,2021-04-25,0.89
BEL,Belgium,2021-05-02,4.83
BEL,Belgium,2021-05-09,10.73
BEL,Belgium,2021-05-16,-2.75
BGR,Bulgaria,2020-01-05,-15.69
BGR,Bulgaria,2020-01-12,-11.13
BGR,Bulgaria,2020-01-19,-5.57
BGR,Bulgaria,2020-01-26,6.58
BGR,Bulgaria,2020-02-02,7.18
BGR,Bulgaria,2020-02-09,9.64
BGR,Bulgaria,2020-02-16,-1.38
BGR,Bulgaria,2020-02-23,-4.55
BGR,Bulgaria,2020-03-01,2.73
BGR,Bulgaria,2020-03-08,-8.21
BGR,Bulgaria,2020-03-15,-0.85
BGR,Bulgaria,2020-03-22,1.98
BGR,Bulgaria,2020-03-29,2.13
BGR,Bulgaria,2020-04-05,-3.9
BGR,Bulgaria,2020-04-12,-3.56
BGR,Bulgaria,2020-04-19,-1.72
BGR,Bulgaria,2020-04-26,1.01
BGR,Bulgaria,2020-05-03,-0.12
BGR,Bulgaria,2020-05-10,-5.85
BGR,Bulgaria,2020-05-17,8.45
BGR,Bulgaria,2020-05-24,-0.55
BGR,Bulgaria,2020-05-31,-21.54
BGR,Bulgaria,2020-06-07,5.77
BGR,Bulgaria,2020-06-14,1.05
BGR,Bulgaria,2020-06-21,-2.11
BGR,Bulgaria,2020-06-28,-1.0
BGR,Bulgaria,2020-07-05,23.83
BGR,Bulgaria,2020-07-12,4.6
BGR,Bulgaria,2020-07-19,-6.61
BGR,Bulgaria,2020-07-26,4.31
BGR,Bulgaria,2020-08-02,24.18
BGR,Bulgaria,2020-08-09,13.4
BGR,Bulgaria,2020-08-16,4.24
BGR,Bulgaria,2020-08-23,6.84
BGR,Bulgaria,2020-08-30,13.29
BGR,Bulgaria,2020-09-06,13.79
BGR,Bulgaria,2020-09-13,15.07
BGR,Bulgaria,2020-09-20,-1.72
BGR,Bulgaria,2020-09-27,-4.96
BGR,Bulgaria,2020-10-04,7.23
BGR,Bulgaria,2020-10-11,6.62
BGR,Bulgaria,2020-10-18,2.63
BGR,Bulgaria,2020-10-25,17.27
BGR,Bulgaria,2020-11-01,28.1
BGR,Bulgaria,2020-11-08,32.6
BGR,Bulgaria,2020-11-15,71.82
BGR,Bulgaria,2020-11-22,91.95
BGR,Bulgaria,2020-11-29,111.51
BGR,Bulgaria,2020-12-06,97.57
BGR,Bulgaria,2020-12-13,106.24
BGR,Bulgaria,2020-12-20,71.14
BGR,Bulgaria,2020-12-27,32.61
BGR,Bulgaria,2021-01-03,20.34
BGR,Bulgaria,2021-01-10,-2.46
BGR,Bulgaria,2021-01-17,-9.19
BGR,Bulgaria,2021-01-24,1.11
BGR,Bulgaria,2021-01-31,-2.77
BGR,Bulgaria,2021-02-07,-4.3
BGR,Bulgaria,2021-02-14,-1.05
BGR,Bulgaria,2021-02-21,4.66
BGR,Bulgaria,2021-02-28,9.56
BGR,Bulgaria,2021-03-07,19.73
BGR,Bulgaria,2021-03-14,29.95
BGR,Bulgaria,2021-03-21,49.83
BGR,Bulgaria,2021-03-28,59.63
BGR,Bulgaria,2021-04-04,59.93
BGR,Bulgaria,2021-04-11,61.18
BGR,Bulgaria,2021-04-18,65.88
BGR,Bulgaria,2021-04-25,62.41
BGR,Bulgaria,2021-05-02,50.2
BGR,Bulgaria,2021-05-09,32.62
BGR,Bulgaria,2021-05-16,23.6
BGR,Bulgaria,2021-05-23,10.5
CAN,Canada,2020-01-05,1.12
CAN,Canada,2020-01-12,-0.62
CAN,Canada,2020-01-19,1.02
CAN,Canada,2020-01-26,2.84
CAN,Canada,2020-02-02,1.18
CAN,Canada,2020-02-09,2.96
CAN,Canada,2020-02-16,-4.79
CAN,Canada,2020-02-23,2.62
CAN,Canada,2020-03-01,-0.56
CAN,Canada,2020-03-08,1.95
CAN,Canada,2020-03-15,1.4
CAN,Canada,2020-03-22,3.79
CAN,Canada,2020-03-29,9.25
CAN,Canada,2020-04-05,24.81
CAN,Canada,2020-04-12,30.13
CAN,Canada,2020-04-19,39.09
CAN,Canada,2020-04-26,47.87
CAN,Canada,2020-05-03,46.05
CAN,Canada,2020-05-10,33.86
CAN,Canada,2020-05-17,26.21
CAN,Canada,2020-05-24,21.5
CAN,Canada,2020-05-31,23.3
CAN,Canada,2020-06-07,11.43
CAN,Canada,2020-06-14,1.74
CAN,Canada,2020-06-21,5.84
CAN,Canada,2020-06-28,8.81
CAN,Canada,2020-07-05,3.81
CAN,Canada,2020-07-12,5.85
CAN,Canada,2020-07-19,5.88
CAN,Canada,2020-07-26,1.6
CAN,Canada,2020-08-02,7.23
CAN,Canada,2020-08-09,5.57
CAN,Canada,2020-08-16,10.23
CAN,Canada,2020-08-23,8.87
CAN,Canada,2020-08-30,6.88
CAN,Canada,2020-09-06,9.44
CAN,Canada,2020-09-13,7.55
CAN,Canada,2020-09-20,7.52
CAN,Canada,2020-09-27,12.41
CAN,Canada,2020-10-04,6.75
CAN,Canada,2020-10-11,10.1
CAN,Canada,2020-10-18,4.29
CAN,Canada,2020-10-25,11.96
CAN,Canada,2020-11-01,13.03
CAN,Canada,2020-11-08,20.88
CAN,Canada,2020-11-15,16.0
CAN,Canada,2020-11-22,18.77
CAN,Canada,2020-11-29,24.45
CAN,Canada,2020-12-06,21.81
CAN,Canada,2020-12-13,24.04
CAN,Canada,2020-12-20,19.44
CAN,Canada,2020-12-27,18.17
CAN,Canada,2021-01-03,17.49
CAN,Canada,2021-01-10,9.27
CAN,Canada,2021-01-17,8.33
CAN,Canada,2021-01-24,3.35
CAN,Canada,2021-01-31,0.66
CAN,Canada,2021-02-07,-2.22
CHE,Switzerland,2020-01-05,-13.18
CHE,Switzerland,2020-01-12,-9.89
CHE,Switzerland,2020-01-19,-3.29
CHE,Switzerland,2020-01-26,-4.21
CHE,Switzerland,2020-02-02,-4.49
CHE,Switzerland,2020-02-09,-13.6
CHE,Switzerland,2020-02-16,-8.38
CHE,Switzerland,2020-02-23,-8.97
CHE,Switzerland,2020-03-01,-11.08
CHE,Switzerland,2020-03-08,-5.46
CHE,Switzerland,2020-03-15,1.97
CHE,Switzerland,2020-03-22,12.23
CHE,Switzerland,2020-03-29,32.33
CHE,Switzerland,2020-04-05,58.17
CHE,Switzerland,2020-04-12,45.23
CHE,Switzerland,2020-04-19,41.2
CHE,Switzerland,2020-04-26,23.5
CHE,Switzerland,2020-05-03,16.83
CHE,Switzerland,2020-05-10,0.91
CHE,Switzerland,2020-05-17,-2.38
CHE,Switzerland,2020-05-24,1.02
CHE,Switzerland,2020-05-31,2.23
CHE,Switzerland,2020-06-07,8.88
CHE,Switzerland,2020-06-14,1.77
CHE,Switzerland,2020-06-21,1.17
CHE,Switzerland,2020-06-28,-3.6
CHE,Switzerland,2020-07-05,-1.31
CHE,Switzerland,2020-07-12,-0.98
CHE,Switzerland,2020-07-19,-4.81
CHE,Switzerland,2020-07-26,-2.55
CHE,Switzerland,2020-08-02,16.14
CHE,Switzerland,2020-08-09,-2.06
CHE,Switzerland,2020-08-16,9.17
CHE,Switzerland,2020-08-23,11.43
CHE,Switzerland,2020-08-30,6.7
CHE,Switzerland,2020-09-06,1.99
CHE,Switzerland,2020-09-13,10.98
CHE,Switzerland,2020-09-20,9.59
CHE,Switzerland,2020-09-27,3.64
CHE,Switzerland,2020-10-04,-1.66
CHE,Switzerland,2020-10-11,10.39
CHE,Switzerland,2020-10-18,15.47
CHE,Switzerland,2020-10-25,30.38
CHE,Switzerland,2020-11-01,55.51
CHE,Switzerland,2020-11-08,84.29
CHE,Switzerland,2020-11-15,92.57
CHE,Switzerland,2020-11-22,84.24
CHE,Switzerland,2020-11-29,79.06
CHE,Switzerland,2020-12-06,93.72
CHE,Switzerland,2020-12-13,85.56
CHE,Switzerland,2020-12-20,86.02
CHE,Switzerland,2020-12-27,64.25
CHE,Switzerland,2021-01-03,57.89
CHE,Switzerland,2021-01-10,33.01
CHE,Switzerland,2021-01-17,20.32
CHE,Switzerland,2021-01-24,28.32
CHE,Switzerland,2021-01-31,9.63
CHE,Switzerland,2021-02-07,-5.02
CHE,Switzerland,2021-02-14,-9.43
CHE,Switzerland,2021-02-21,-14.71
CHE,Switzerland,2021-02-28,-16.64
CHE,Switzerland,2021-03-07,-19.72
CHE,Switzerland,2021-03-14,-18.12
CHE,Switzerland,2021-03-21,-16.37
CHE,Switzerland,2021-03-28,-5.77
CHE,Switzerland,2021-04-04,-4.67
CHE,Switzerland,2021-04-11,-8.09
CHE,Switzerland,2021-04-18,-0.24
CHE,Switzerland,2021-04-25,-4.97
CHE,Switzerland,2021-05-02,-0.18
CHE,Switzerland,2021-05-09,-15.48
CHE,Switzerland,2021-05-16,-9.24
CHE,Switzerland,2021-05-23,-16.48
CHL,Chile,2020-01-05,13.42
CHL,Chile,2020-01-12,25.86
CHL,Chile,2020-01-19,18.15
CHL,Chile,2020-01-26,4.39
CHL,Chile,2020-02-02,12.39
CHL,Chile,2020-02-09,12.43
CHL,Chile,2020-02-16,-0.32
CHL,Chile,2020-02-23,7.26
CHL,Chile,2020-03-01,7.63
CHL,Chile,2020-03-08,15.39
CHL,Chile,2020-03-15,5.3
CHL,Chile,2020-03-22,14.52
CHL,Chile,2020-03-29,15.96
CHL,Chile,2020-04-05,3.73
CHL,Chile,2020-04-12,14.31
CHL,Chile,2020-04-19,15.28
CHL,Chile,2020-04-26,-0.73
CHL,Chile,2020-05-03,1.49
CHL,Chile,2020-05-10,19.74
CHL,Chile,2020-05-17,21.45
CHL,Chile,2020-05-24,20.8
CHL,Chile,2020-05-31,37.28
CHL,Chile,2020-06-07,49.65
CHL,Chile,2020-06-14,46.58
CHL,Chile,2020-06-21,34.68
CHL,Chile,2020-06-28,29.71
CHL,Chile,2020-07-05,20.07
CHL,Chile,2020-07-12,9.99
CHL,Chile,2020-07-19,6.24
CHL,Chile,2020-07-26,8.52
CHL,Chile,2020-08-02,7.13
CHL,Chile,2020-08-09,9.62
CHL,Chile,2020-08-16,2.01
CHL,Chile,2020-08-23,13.47
CHL,Chile,2020-08-30,15.38
CHL,Chile,2020-09-06,3.88
CHL,Chile,2020-09-13,14.38
CHL,Chile,2020-09-20,6.76
CHL,Chile,2020-09-27,7.63
CHL,Chile,2020-10-04,3.17
CHL,Chile,2020-10-11,24.13
CHL,Chile,2020-10-18,12.23
CHL,Chile,2020-10-25,9.04
CHL,Chile,2020-11-01,2.11
CHL,Chile,2020-11-08,11.36
CHL,Chile,2020-11-15,8.46
CHL,Chile,2020-11-22,5.18
CHL,Chile,2020-11-29,20.55
CHL,Chile,2020-12-06,10.88
CHL,Chile,2020-12-13,15.0
CHL,Chile,2020-12-20,9.49
CHL,Chile,2020-12-27,27.15
CHL,Chile,2021-01-03,23.53
CHL,Chile,2021-01-10,25.72
CHL,Chile,2021-01-17,31.73
CHL,Chile,2021-01-24,40.93
CHL,Chile,2021-01-31,26.91
CHL,Chile,2021-02-07,33.6
CHL,Chile,2021-02-14,38.61
CHL,Chile,2021-02-21,41.75
CHL,Chile,2021-02-28,44.56
CHL,Chile,2021-03-07,54.46
CHL,Chile,2021-03-14,53.05
CHL,Chile,2021-03-21,35.17
CHL,Chile,2021-03-28,45.12
CHL,Chile,2021-04-04,45.42
CHL,Chile,2021-04-11,35.34
CHL,Chile,2021-04-18,47.86
CHL,Chile,2021-04-25,25.34
CHL,Chile,2021-05-02,25.78
CHL,Chile,2021-05-09,28.45
CHL,Chile,2021-05-16,31.9
CHL,Chile,2021-05-23,38.83
CZE,Czech Republic,2020-01-05,-3.47
CZE,Czech Republic,2020-01-12,3.5
CZE,Czech Republic,2020-01-19,-3.97
CZE,Czech Republic,2020-01-26,-3.75
CZE,Czech Republic,2020-02-02,5.04
CZE,Czech Republic,2020-02-09,-3.38
CZE,Czech Republic,2020-02-16,1.87
CZE,Czech Republic,2020-02-23,-1.25
CZE,Czech Republic,2020-03-01,-2.87
CZE,Czech Republic,2020-03-08,-2.14
CZE,Czech Republic,2020-03-15,-0.14
CZE,Czech Republic,2020-03-22,6.35
CZE,Czech Republic,2020-03-29,2.94
CZE,Czech Republic,2020-04-05,2.78
CZE,Czech Republic,2020-04-12,9.02
CZE,Czech Republic,2020-04-19,0.07
CZE,Czech Republic,2020-04-26,0.81
CZE,Czech Republic,2020-05-03,1.01
CZE,Czech Republic,2020-05-10,2.17
CZE,Czech Republic,2020-05-17,4.08
CZE,Czech Republic,2020-05-24,-2.79
CZE,Czech Republic,2020-05-31,5.53
CZE,Czech Republic,2020-06-07,5.07
CZE,Czech Republic,2020-06-14,1.24
CZE,Czech Republic,2020-06-21,2.97
CZE,Czech Republic,2020-06-28,7.69
CZE,Czech Republic,2020-07-05,9.85
CZE,Czech Republic,2020-07-12,1.13
CZE,Czech Republic,2020-07-19,-1.78
CZE,Czech Republic,2020-07-26,3.25
CZE,Czech Republic,2020-08-02,11.3
CZE,Czech Republic,2020-08-09,3.12
CZE,Czech Republic,2020-08-16,3.24
CZE,Czech Republic,2020-08-23,6.05
CZE,Czech Republic,2020-08-30,10.08
CZE,Czech Republic,2020-09-06,1.54
CZE,Czech Republic,2020-09-13,7.57
CZE,Czech Republic,2020-09-20,14.42
CZE,Czech Republic,2020-09-27,25.56
CZE,Czech Republic,2020-10-04,12.33
CZE,Czech Republic,2020-10-11,19.32
CZE,Czech Republic,2020-10-18,51.05
CZE,Czech Republic,2020-10-25,97.56
CZE,Czech Republic,2020-11-01,113.36
CZE,Czech Republic,2020-11-08,131.77
CZE,Czech Republic,2020-11-15,103.89
CZE,Czech Republic,2020-11-22,66.61
CZE,Czech Republic,2020-11-29,65.39
CZE,Czech Republic,2020-12-06,51.33
CZE,Czech Republic,2020-12-13,55.43
CZE,Czech Republic,2020-12-20,54.31
CZE,Czech Republic,2020-12-27,38.62
CZE,Czech Republic,2021-01-03,50.01
CZE,Czech Republic,2021-01-10,57.08
CZE,Czech Republic,2021-01-17,55.87
CZE,Czech Republic,2021-01-24,46.05
CZE,Czech Republic,2021-01-31,39.85
CZE,Czech Republic,2021-02-07,26.15
CZE,Czech Republic,2021-02-14,28.3
CZE,Czech Republic,2021-02-21,16.68
CZE,Czech Republic,2021-02-28,26.01
CZE,Czech Republic,2021-03-07,28.92
CZE,Czech Republic,2021-03-14,35.72
CZE,Czech Republic,2021-03-21,28.57
CZE,Czech Republic,2021-03-28,14.36
CZE,Czech Republic,2021-04-04,20.92
CZE,Czech Republic,2021-04-11,2.78
CZE,Czech Republic,2021-04-18,2.22
CZE,Czech Republic,2021-04-25,2.04
DEU,Germany,2020-01-05,-0.91
DEU,Germany,2020-01-12,0.8
DEU,Germany,2020-01-19,-1.47
DEU,Germany,2020-01-26,-6.23
DEU,Germany,2020-02-02,-4.34
DEU,Germany,2020-02-09,-6.46
DEU,Germany,2020-02-16,-5.42
DEU,Germany,2020-02-23,-13.41
DEU,Germany,2020-03-01,-10.14
DEU,Germany,2020-03-08,-6.19
DEU,Germany,2020-03-15,-2.82
DEU,Germany,2020-03-22,1.16
DEU,Germany,2020-03-29,5.45
DEU,Germany,2020-04-05,15.12
DEU,Germany,2020-04-12,20.1
DEU,Germany,2020-04-19,16.81
DEU,Germany,2020-04-26,10.61
DEU,Germany,2020-05-03,8.12
DEU,Germany,2020-05-10,6.53
DEU,Germany,2020-05-17,1.74
DEU,Germany,2020-05-24,8.23
DEU,Germany,2020-05-31,1.35
DEU,Germany,2020-06-07,11.46
DEU,Germany,2020-06-14,7.92
DEU,Germany,2020-06-21,1.92
DEU,Germany,2020-06-28,9.08
DEU,Germany,2020-07-05,1.85
DEU,Germany,2020-07-12,3.13
DEU,Germany,2020-07-19,-0.62
DEU,Germany,2020-07-26,-2.18
DEU,Germany,2020-08-02,3.7
DEU,Germany,2020-08-09,11.02
DEU,Germany,2020-08-16,27.53
DEU,Germany,2020-08-23,12.56
DEU,Germany,2020-08-30,7.7
DEU,Germany,2020-09-06,8.14
DEU,Germany,2020-09-13,9.08
DEU,Germany,2020-09-20,12.65
DEU,Germany,2020-09-27,7.13
DEU,Germany,2020-10-04,10.13
DEU,Germany,2020-10-11,2.28
DEU,Germany,2020-10-18,5.94
DEU,Germany,2020-10-25,13.21
DEU,Germany,2020-11-01,13.0
DEU,Germany,2020-11-08,13.94
DEU,Germany,2020-11-15,16.64
DEU,Germany,2020-11-22,18.1
DEU,Germany,2020-11-29,26.94
DEU,Germany,2020-12-06,29.92
DEU,Germany,2020-12-13,43.65
DEU,Germany,2020-12-20,45.09
DEU,Germany,2020-12-27,49.67
DEU,Germany,2021-01-03,46.41
DEU,Germany,2021-01-10,39.05
DEU,Germany,2021-01-17,33.02
DEU,Germany,2021-01-24,31.71
DEU,Germany,2021-01-31,18.65
DEU,Germany,2021-02-07,10.45
DEU,Germany,2021-02-14,4.77
DEU,Germany,2021-02-21,0.23
DEU,Germany,2021-02-28,-13.01
DEU,Germany,2021-03-07,-18.14
DEU,Germany,2021-03-14,-14.9
DEU,Germany,2021-03-21,-12.22
DEU,Germany,2021-03-28,-7.07
DEU,Germany,2021-04-04,-5.38
DEU,Germany,2021-04-11,0.27
DEU,Germany,2021-04-18,4.62
DEU,Germany,2021-04-25,10.11
DEU,Germany,2021-05-02,9.09
DEU,Germany,2021-05-09,11.26
DEU,Germany,2021-05-16,9.09
DEU,Germany,2021-05-23,2.73
DNK,Denmark,2020-01-05,3.62
DNK,Denmark,2020-01-12,7.21
DNK,Denmark,2020-01-19,-1.51
DNK,Denmark,2020-01-26,-5.43
DNK,Denmark,2020-02-02,-10.9
DNK,Denmark,2020-02-09,-10.12
DNK,Denmark,2020-02-16,-10.53
DNK,Denmark,2020-02-23,-12.59
DNK,Denmark,2020-03-01,-13.35
DNK,Denmark,2020-03-08,-9.82
DNK,Denmark,2020-03-15,-15.87
DNK,Denmark,2020-03-22,-2.18
DNK,Denmark,2020-03-29,7.01
DNK,Denmark,2020-04-05,-0.79
DNK,Denmark,2020-04-12,5.66
DNK,Denmark,2020-04-19,4.11
DNK,Denmark,2020-04-26,4.98
DNK,Denmark,2020-05-03,9.61
DNK,Denmark,2020-05-10,0.11
DNK,Denmark,2020-05-17,-2.11
DNK,Denmark,2020-05-24,7.27
DNK,Denmark,2020-05-31,-5.17
DNK,Denmark,2020-06-07,0.98
DNK,Denmark,2020-06-14,4.66
DNK,Denmark,2020-06-21,-0.53
DNK,Denmark,2020-06-28,5.02
DNK,Denmark,2020-07-05,8.66
DNK,Denmark,2020-07-12,4.28
DNK,Denmark,2020-07-19,8.48
DNK,Denmark,2020-07-26,-5.56
DNK,Denmark,2020-08-02,4.72
DNK,Denmark,2020-08-09,4.42
DNK,Denmark,2020-08-16,-0.92
DNK,Denmark,2020-08-23,8.78
DNK,Denmark,2020-08-30,3.05
DNK,Denmark,2020-09-06,13.76
DNK,Denmark,2020-09-13,12.91
DNK,Denmark,2020-09-20,14.77
DNK,Denmark,2020-09-27,-1.11
DNK,Denmark,2020-10-04,4.42
DNK,Denmark,2020-10-11,-1.68
DNK,Denmark,2020-10-18,-3.36
DNK,Denmark,2020-10-25,14.44
DNK,Denmark,2020-11-01,-2.28
DNK,Denmark,2020-11-08,1.29
DNK,Denmark,2020-11-15,4.36
DNK,Denmark,2020-11-22,14.14
DNK,Denmark,2020-11-29,2.29
DNK,Denmark,2020-12-06,2.91
DNK,Denmark,2020-12-13,8.41
DNK,Denmark,2020-12-20,26.0
DNK,Denmark,2020-12-27,22.89
DNK,Denmark,2021-01-03,31.59
DNK,Denmark,2021-01-10,8.08
DNK,Denmark,2021-01-17,10.42
DNK,Denmark,2021-01-24,21.11
DNK,Denmark,2021-01-31,14.73
DNK,Denmark,2021-02-07,7.83
DNK,Denmark,2021-02-14,-5.54
DNK,Denmark,2021-02-21,-12.16
DNK,Denmark,2021-02-28,-13.3
DNK,Denmark,2021-03-07,-20.67
DNK,Denmark,2021-03-14,-15.86
DNK,Denmark,2021-03-21,-29.18
DNK,Denmark,2021-03-28,-13.83
DNK,Denmark,2021-04-04,-15.84
DNK,Denmark,2021-04-11,-9.19
DNK,Denmark,2021-04-18,-2.88
DNK,Denmark,2021-04-25,-0.27
DNK,Denmark,2021-05-02,2.97
DNK,Denmark,2021-05-09,7.95
DNK,Denmark,2021-05-16,7.77
DNK,Denmark,2021-05-23,7.85
DNK,Denmark,2021-05-30,0.42
ESP,Spain,2020-01-05,-10.48
ESP,Spain,2020-01-12,-6.87
ESP,Spain,2020-01-19,-5.36
ESP,Spain,2020-01-26,-0.75
ESP,Spain,2020-02-02,1.76
ESP,Spain,2020-02-09,-4.91
ESP,Spain,2020-02-16,-6.35
ESP,Spain,2020-02-23,-10.24
ESP,Spain,2020-03-01,-4.4
ESP,Spain,2020-03-08,-3.04
ESP,Spain,2020-03-15,15.48
ESP,Spain,2020-03-22,61.11
ESP,Spain,2020-03-29,148.86
ESP,Spain,2020-04-05,195.19
ESP,Spain,2020-04-12,159.22
ESP,Spain,2020-04-19,99.64
ESP,Spain,2020-04-26,53.15
ESP,Spain,2020-05-03,31.17
ESP,Spain,2020-05-10,19.18
ESP,Spain,2020-05-17,0.87
ESP,Spain,2020-05-24,4.78
ESP,Spain,2020-05-31,7.9
ESP,Spain,2020-06-07,-1.71
ESP,Spain,2020-06-14,-7.45
ESP,Spain,2020-06-21,-3.72
ESP,Spain,2020-06-28,4.45
ESP,Spain,2020-07-05,5.51
ESP,Spain,2020-07-12,7.35
ESP,Spain,2020-07-19,6.63
ESP,Spain,2020-07-26,13.24
ESP,Spain,2020-08-02,22.41
ESP,Spain,2020-08-09,22.89
ESP,Spain,2020-08-16,22.48
ESP,Spain,2020-08-23,21.08
ESP,Spain,2020-08-30,18.38
ESP,Spain,2020-09-06,19.77
ESP,Spain,2020-09-13,28.82
ESP,Spain,2020-09-20,26.66
ESP,Spain,2020-09-27,21.49
ESP,Spain,2020-10-04,20.89
ESP,Spain,2020-10-11,26.35
ESP,Spain,2020-10-18,24.13
ESP,Spain,2020-10-25,38.93
ESP,Spain,2020-11-01,33.5
ESP,Spain,2020-11-08,47.07
ESP,Spain,2020-11-15,34.79
ESP,Spain,2020-11-22,30.83
ESP,Spain,2020-11-29,23.32
ESP,Spain,2020-12-06,21.72
ESP,Spain,2020-12-13,16.26
ESP,Spain,2020-12-20,10.3
ESP,Spain,2020-12-27,1.97
ESP,Spain,2021-01-03,4.01
ESP,Spain,2021-01-10,9.59
ESP,Spain,2021-01-17,21.31
ESP,Spain,2021-01-24,26.58
ESP,Spain,2021-01-31,27.45
ESP,Spain,2021-02-07,15.61
ESP,Spain,2021-02-14,5.44
ESP,Spain,2021-02-21,-1.46
ESP,Spain,2021-02-28,-8.06
ESP,Spain,2021-03-07,-8.53
ESP,Spain,2021-03-14,-9.15
ESP,Spain,2021-03-21,-3.0
ESP,Spain,2021-03-28,0.56
ESP,Spain,2021-04-04,1.34
ESP,Spain,2021-04-11,2.82
ESP,Spain,2021-04-18,2.17
ESP,Spain,2021-04-25,4.59
ESP,Spain,2021-05-02,5.33
ESP,Spain,2021-05-09,8.51
ESP,Spain,2021-05-16,5.1
ESP,Spain,2021-05-23,1.41
EST,Estonia,2020-01-05,4.09
EST,Estonia,2020-01-12,-5.89
EST,Estonia,2020-01-19,-0.79
EST,Estonia,2020-01-26,1.77
EST,Estonia,2020-02-02,-8.49
EST,Estonia,2020-02-09,-6.54
EST,Estonia,2020-02-16,12.68
EST,Estonia,2020-02-23,-2.59
EST,Estonia,2020-03-01,-5.81
EST,Estonia,2020-03-08,-13.64
EST,Estonia,2020-03-15,9.14
EST,Estonia,2020-03-22,-4.67
EST,Estonia,2020-03-29,-4.58
EST,Estonia,2020-04-05,22.9
EST,Estonia,2020-04-12,11.23
EST,Estonia,2020-04-19,-0.44
EST,Estonia,2020-04-26,33.26
EST,Estonia,2020-05-03,-3.89
EST,Estonia,2020-05-10,-3.51
EST,Estonia,2020-05-17,2.42
EST,Estonia,2020-05-24,-3.37
EST,Estonia,2020-05-31,34.57
EST,Estonia,2020-06-07,-4.48
EST,Estonia,2020-06-14,-7.18
EST,Estonia,2020-06-21,19.22
EST,Estonia,2020-06-28,27.88
EST,Estonia,2020-07-05,12.9
EST,Estonia,2020-07-12,20.3
EST,Estonia,2020-07-19,13.74
EST,Estonia,2020-07-26,14.49
EST,Estonia,2020-08-02,29.11
EST,Estonia,2020-08-09,12.62
EST,Estonia,2020-08-16,6.8
EST,Estonia,2020-08-23,10.03
EST,Estonia,2020-08-30,21.62
EST,Estonia,2020-09-06,15.19
EST,Estonia,2020-09-13,3.33
EST,Estonia,2020-09-20,25.62
EST,Estonia,2020-09-27,36.36
EST,Estonia,2020-10-04,25.56
EST,Estonia,2020-10-11,5.07
EST,Estonia,2020-10-18,23.57
EST,Estonia,2020-10-25,22.03
EST,Estonia,2020-11-01,-10.87
EST,Estonia,2020-11-08,16.2
EST,Estonia,2020-11-15,-2.13
EST,Estonia,2020-11-22,25.3
EST,Estonia,2020-11-29,19.83
EST,Estonia,2020-12-06,35.42
EST,Estonia,2020-12-13,24.21
EST,Estonia,2020-12-20,12.65
EST,Estonia,2020-12-27,9.07
EST,Estonia,2021-01-03,28.38
EST,Estonia,2021-01-10,20.62
EST,Estonia,2021-01-17,18.82
EST,Estonia,2021-01-24,35.91
EST,Estonia,2021-01-31,23.01
EST,Estonia,2021-02-07,3.99
EST,Estonia,2021-02-14,21.5
EST,Estonia,2021-02-21,22.74
EST,Estonia,2021-02-28,29.31
EST,Estonia,2021-03-07,29.4
EST,Estonia,2021-03-14,21.82
EST,Estonia,2021-03-21,38.99
EST,Estonia,2021-03-28,18.68
EST,Estonia,2021-04-04,12.6
EST,Estonia,2021-04-11,43.91
EST,Estonia,2021-04-18,25.27
EST,Estonia,2021-04-25,23.63
EST,Estonia,2021-05-02,15.03
EST,Estonia,2021-05-09,30.43
EST,Estonia,2021-05-16,18.42
EST,Estonia,2021-05-23,15.64
EST,Estonia,2021-05-30,11.24
FIN,Finland,2020-01-05,-4.46
FIN,Finland,2020-01-12,-10.01
FIN,Finland,2020-01-19,-5.17
FIN,Finland,2020-01-26,-15.29
FIN,Finland,2020-02-02,-2.49
FIN,Finland,2020-02-09,-6.73
FIN,Finland,2020-02-16,-3.18
FIN,Finland,2020-02-23,9.39
FIN,Finland,2020-03-01,-8.43
FIN,Finland,2020-03-08,1.47
FIN,Finland,2020-03-15,1.15
FIN,Finland,2020-03-22,2.97
FIN,Finland,2020-03-29,1.02
FIN,Finland,2020-04-05,4.49
FIN,Finland,2020-04-12,11.08
FIN,Finland,2020-04-19,-2.68
FIN,Finland,2020-04-26,20.54
FIN,Finland,2020-05-03,15.93
FIN,Finland,2020-05-10,7.88
FIN,Finland,2020-05-17,15.69
FIN,Finland,2020-05-24,3.01
FIN,Finland,2020-05-31,5.8
FIN,Finland,2020-06-07,1.76
FIN,Finland,2020-06-14,-0.11
FIN,Finland,2020-06-21,14.68
FIN,Finland,2020-06-28,6.52
FIN,Finland,2020-07-05,18.29
FIN,Finland,2020-07-12,-3.3
FIN,Finland,2020-07-19,5.03
FIN,Finland,2020-07-26,-3.24
FIN,Finland,2020-08-02,2.47
FIN,Finland,2020-08-09,4.34
FIN,Finland,2020-08-16,4.97
FIN,Finland,2020-08-23,4.89
FIN,Finland,2020-08-30,1.41
FIN,Finland,2020-09-06,13.23
FIN,Finland,2020-09-13,18.79
FIN,Finland,2020-09-20,4.93
FIN,Finland,2020-09-27,1.53
FIN,Finland,2020-10-04,3.22
FIN,Finland,2020-10-11,-2.92
FIN,Finland,2020-10-18,16.02
FIN,Finland,2020-10-25,2.92
FIN,Finland,2020-11-01,11.41
FIN,Finland,2020-11-08,3.7
FIN,Finland,2020-11-15,2.13
FIN,Finland,2020-11-22,5.76
FIN,Finland,2020-11-29,12.27
FIN,Finland,2020-12-06,10.79
FIN,Finland,2020-12-13,6.84
FIN,Finland,2020-12-20,9.93
FIN,Finland,2020-12-27,-9.45
FIN,Finland,2021-01-03,2.72
FIN,Finland,2021-01-10,7.13
FIN,Finland,2021-01-17,-10.84
FIN,Finland,2021-01-24,5.08
FIN,Finland,2021-01-31,1.23
FIN,Finland,2021-02-07,-7.86
FIN,Finland,2021-02-14,-3.21
FIN,Finland,2021-02-21,-0.27
FIN,Finland,2021-02-28,12.16
FIN,Finland,2021-03-07,-7.35
FIN,Finland,2021-03-14,-4.05
FIN,Finland,2021-03-21,-1.85
FIN,Finland,2021-03-28,-8.24
FIN,Finland,2021-04-04,-4.1
FIN,Finland,2021-04-11,-6.5
FIN,Finland,2021-04-18,3.37
FIN,Finland,2021-04-25,-6.15
FIN,Finland,2021-05-02,-5.2
FIN,Finland,2021-05-09,-4.05
FIN,Finland,2021-05-16,2.99
FRA,France,2020-01-05,-5.31
FRA,France,2020-01-12,-2.1
FRA,France,2020-01-19,-3.67
FRA,France,2020-01-26,-6.23
FRA,France,2020-02-02,-2.5
FRA,France,2020-02-09,-6.51
FRA,France,2020-02-16,-6.6
FRA,France,2020-02-23,-7.79
FRA,France,2020-03-01,-6.8
FRA,France,2020-03-08,-4.9
FRA,France,2020-03-15,7.19
FRA,France,2020-03-22,20.44
FRA,France,2020-03-29,44.04
FRA,France,2020-04-05,82.93
FRA,France,2020-04-12,76.76
FRA,France,2020-04-19,57.09
FRA,France,2020-04-26,26.95
FRA,France,2020-05-03,9.75
FRA,France,2020-05-10,8.62
FRA,France,2020-05-17,5.05
FRA,France,2020-05-24,9.67
FRA,France,2020-05-31,3.25
FRA,France,2020-06-07,6.18
FRA,France,2020-06-14,5.23
FRA,France,2020-06-21,4.36
FRA,France,2020-06-28,12.56
FRA,France,2020-07-05,-6.11
FRA,France,2020-07-12,5.11
FRA,France,2020-07-19,-1.31
FRA,France,2020-07-26,2.04
FRA,France,2020-08-02,11.2
FRA,France,2020-08-09,6.15
FRA,France,2020-08-16,20.86
FRA,France,2020-08-23,4.22
FRA,France,2020-08-30,2.57
FRA,France,2020-09-06,7.04
FRA,France,2020-09-13,12.57
FRA,France,2020-09-20,17.15
FRA,France,2020-09-27,3.95
FRA,France,2020-10-04,12.58
FRA,France,2020-10-11,5.5
FRA,France,2020-10-18,14.46
FRA,France,2020-10-25,29.02
FRA,France,2020-11-01,42.94
FRA,France,2020-11-08,49.54
FRA,France,2020-11-15,49.75
FRA,France,2020-11-22,43.73
FRA,France,2020-11-29,38.9
FRA,France,2020-12-06,34.59
FRA,France,2020-12-13,27.73
FRA,France,2020-12-20,20.79
FRA,France,2020-12-27,14.16
FRA,France,2021-01-03,21.34
FRA,France,2021-01-10,21.29
FRA,France,2021-01-17,19.57
FRA,France,2021-01-24,27.57
FRA,France,2021-01-31,23.54
FRA,France,2021-02-07,21.05
FRA,France,2021-02-14,16.02
FRA,France,2021-02-21,15.53
FRA,France,2021-02-28,10.26
FRA,France,2021-03-07,3.4
FRA,France,2021-03-14,4.21
FRA,France,2021-03-21,11.85
FRA,France,2021-03-28,12.65
FRA,France,2021-04-04,18.23
FRA,France,2021-04-11,19.46
FRA,France,2021-04-18,23.45
FRA,France,2021-04-25,23.43
FRA,France,2021-05-02,17.77
FRA,France,2021-05-09,11.0
GBR,United Kingdom,2020-01-05,1.9
GBR,United Kingdom,2020-01-12,1.52
GBR,United Kingdom,2020-01-19,-6.12
GBR,United Kingdom,2020-01-26,-11.19
GBR,United Kingdom,2020-02-02,-9.15
GBR,United Kingdom,2020-02-09,-9.33
GBR,United Kingdom,2020-02-16,-4.76
GBR,United Kingdom,2020-02-23,-9.2
GBR,United Kingdom,2020-03-01,-3.56
GBR,United Kingdom,2020-03-08,-7.76
GBR,United Kingdom,2020-03-15,-3.83
GBR,United Kingdom,2020-03-22,-1.94
GBR,United Kingdom,2020-03-29,8.7
GBR,United Kingdom,2020-04-05,54.17
GBR,United Kingdom,2020-04-12,77.03
GBR,United Kingdom,2020-04-19,127.34
GBR,United Kingdom,2020-04-26,125.88
GBR,United Kingdom,2020-05-03,101.49
GBR,United Kingdom,2020-05-10,44.41
GBR,United Kingdom,2020-05-17,56.27
GBR,United Kingdom,2020-05-24,31.57
GBR,United Kingdom,2020-05-31,26.82
GBR,United Kingdom,2020-06-07,6.51
GBR,United Kingdom,2020-06-14,5.07
GBR,United Kingdom,2020-06-21,-2.34
GBR,United Kingdom,2020-06-28,-3.63
GBR,United Kingdom,2020-07-05,-3.95
GBR,United Kingdom,2020-07-12,-9.45
GBR,United Kingdom,2020-07-19,-6.88
GBR,United Kingdom,2020-07-26,-3.47
GBR,United Kingdom,2020-08-02,-4.79
GBR,United Kingdom,2020-08-09,-4.05
GBR,United Kingdom,2020-08-16,2.42
GBR,United Kingdom,2020-08-23,2.31
GBR,United Kingdom,2020-08-30,4.34
GBR,United Kingdom,2020-09-06,-18.13
GBR,United Kingdom,2020-09-13,4.53
GBR,United Kingdom,2020-09-20,-0.82
GBR,United Kingdom,2020-09-27,-0.79
GBR,United Kingdom,2020-10-04,1.97
GBR,United Kingdom,2020-10-11,1.78
GBR,United Kingdom,2020-10-18,5.45
GBR,United Kingdom,2020-10-25,8.05
GBR,United Kingdom,2020-11-01,7.83
GBR,United Kingdom,2020-11-08,11.98
GBR,United Kingdom,2020-11-15,14.98
GBR,United Kingdom,2020-11-22,19.71
GBR,United Kingdom,2020-11-29,19.2
GBR,United Kingdom,2020-12-06,12.52
GBR,United Kingdom,2020-12-13,10.05
GBR,United Kingdom,2020-12-20,12.04
GBR,United Kingdom,2020-12-27,36.5
GBR,United Kingdom,2021-01-03,26.31
GBR,United Kingdom,2021-01-10,39.85
GBR,United Kingdom,2021-01-17,20.74
GBR,United Kingdom,2021-01-24,33.09
GBR,United Kingdom,2021-01-31,37.65
GBR,United Kingdom,2021-02-07,36.28
GBR,United Kingdom,2021-02-14,20.46
GBR,United Kingdom,2021-02-21,11.41
GBR,United Kingdom,2021-02-28,1.58
GBR,United Kingdom,2021-03-07,-5.11
GBR,United Kingdom,2021-03-14,-12.6
GBR,United Kingdom,2021-03-21,-17.39
GBR,United Kingdom,2021-03-28,-10.21
GBR,United Kingdom,2021-04-04,-22.64
GBR,United Kingdom,2021-04-11,-16.86
GBR,United Kingdom,2021-04-18,-17.18
GBR,United Kingdom,2021-04-25,-9.75
GBR,United Kingdom,2021-05-02,-11.04
GBR,United Kingdom,2021-05-09,-22.67
GBR,United Kingdom,2021-05-16,2.94
GBR,United Kingdom,2021-05-23,-7.88
GRC,Greece,2020-01-05,1.15
GRC,Greece,2020-01-12,0.62
GRC,Greece,2020-01-19,6.54
GRC,Greece,2020-01-26,6.35
GRC,Greece,2020-02-02,15.8
GRC,Greece,2020-02-09,17.22
GRC,Greece,2020-02-16,19.03
GRC,Greece,2020-02-23,7.57
GRC,Greece,2020-03-01,10.07
GRC,Greece,2020-03-08,21.27
GRC,Greece,2020-03-15,15.87
GRC,Greece,2020-03-22,16.5
GRC,Greece,2020-03-29,12.14
GRC,Greece,2020-04-05,14.24
GRC,Greece,2020-04-12,9.14
GRC,Greece,2020-04-19,9.68
GRC,Greece,2020-04-26,6.33
GRC,Greece,2020-05-03,9.58
GRC,Greece,2020-05-10,3.37
GRC,Greece,2020-05-17,27.11
GRC,Greece,2020-05-24,21.81
GRC,Greece,2020-05-31,-11.19
GRC,Greece,2020-06-07,1.14
GRC,Greece,2020-06-14,2.02
GRC,Greece,2020-06-21,5.62
GRC,Greece,2020-06-28,-3.22
GRC,Greece,2020-07-05,26.24
GRC,Greece,2020-07-12,11.43
GRC,Greece,2020-07-19,3.9
GRC,Greece,2020-07-26,5.41
GRC,Greece,2020-08-02,29.56
GRC,Greece,2020-08-09,14.21
GRC,Greece,2020-08-16,14.48
GRC,Greece,2020-08-23,19.68
GRC,Greece,2020-08-30,12.89
GRC,Greece,2020-09-06,23.74
GRC,Greece,2020-09-13,22.37
GRC,Greece,2020-09-20,22.94
GRC,Greece,2020-09-27,10.72
GRC,Greece,2020-10-04,13.66
GRC,Greece,2020-10-11,6.66
GRC,Greece,2020-10-18,0.62
GRC,Greece,2020-10-25,9.79
GRC,Greece,2020-11-01,9.52
GRC,Greece,2020-11-08,16.16
GRC,Greece,2020-11-15,25.57
GRC,Greece,2020-11-22,30.64
GRC,Greece,2020-11-29,41.05
GRC,Greece,2020-12-06,38.42
GRC,Greece,2020-12-13,26.11
GRC,Greece,2020-12-20,14.57
GRC,Greece,2020-12-27,1.6
GRC,Greece,2021-01-03,1.85
GRC,Greece,2021-01-10,-0.67
GRC,Greece,2021-01-17,-16.34
GRC,Greece,2021-01-24,-3.57
GRC,Greece,2021-01-31,2.03
GRC,Greece,2021-02-07,-6.54
GRC,Greece,2021-02-14,-2.38
GRC,Greece,2021-02-21,2.41
GRC,Greece,2021-02-28,13.42
GRC,Greece,2021-03-07,9.61
GRC,Greece,2021-03-14,11.05
GRC,Greece,2021-03-21,16.79
GRC,Greece,2021-03-28,19.05
GRC,Greece,2021-04-04,30.65
HRV,Croatia,2020-01-05,-9.17
HRV,Croatia,2020-01-12,-9.52
HRV,Croatia,2020-01-19,-13.37
HRV,Croatia,2020-01-26,-7.51
HRV,Croatia,2020-02-02,-2.04
HRV,Croatia,2020-02-09,8.67
HRV,Croatia,2020-02-16,-1.54
HRV,Croatia,2020-02-23,1.53
HRV,Croatia,2020-03-01,3.29
HRV,Croatia,2020-03-08,0.36
HRV,Croatia,2020-03-15,2.06
HRV,Croatia,2020-03-22,8.79
HRV,Croatia,2020-03-29,4.02
HRV,Croatia,2020-04-05,7.14
HRV,Croatia,2020-04-12,19.06
HRV,Croatia,2020-04-19,6.79
HRV,Croatia,2020-04-26,-0.56
HRV,Croatia,2020-05-03,-1.92
HRV,Croatia,2020-05-10,1.73
HRV,Croatia,2020-05-17,16.87
HRV,Croatia,2020-05-24,-0.08
HRV,Croatia,2020-05-31,0.37
HRV,Croatia,2020-06-07,9.76
HRV,Croatia,2020-06-14,17.92
HRV,Croatia,2020-06-21,13.9
HRV,Croatia,2020-06-28,15.72
HRV,Croatia,2020-07-05,18.38
HRV,Croatia,2020-07-12,10.04
HRV,Croatia,2020-07-19,-9.63
HRV,Croatia,2020-07-26,11.47
HRV,Croatia,2020-08-02,17.75
HRV,Croatia,2020-08-09,9.34
HRV,Croatia,2020-08-16,12.24
HRV,Croatia,2020-08-23,11.95
HRV,Croatia,2020-08-30,15.17
HRV,Croatia,2020-09-06,14.18
HRV,Croatia,2020-09-13,21.89
HRV,Croatia,2020-09-20,26.87
HRV,Croatia,2020-09-27,13.24
HRV,Croatia,2020-10-04,11.58
HRV,Croatia,2020-10-11,14.11
HRV,Croatia,2020-10-18,19.35
HRV,Croatia,2020-10-25,33.77
HRV,Croatia,2020-11-01,36.79
HRV,Croatia,2020-11-08,49.64
HRV,Croatia,2020-11-15,51.7
HRV,Croatia,2020-11-22,69.56
HRV,Croatia,2020-11-29,51.64
HRV,Croatia,2020-12-06,85.03
HRV,Croatia,2020-12-13,80.16
HRV,Croatia,2020-12-20,86.33
HRV,Croatia,2020-12-27,71.11
HRV,Croatia,2021-01-03,44.36
HRV,Croatia,2021-01-10,21.11
HRV,Croatia,2021-01-17,13.49
HRV,Croatia,2021-01-24,9.77
HRV,Croatia,2021-01-31,18.06
HRV,Croatia,2021-02-07,3.29
HRV,Croatia,2021-02-14,0.06
HRV,Croatia,2021-02-21,5.54
HRV,Croatia,2021-02-28,11.47
HRV,Croatia,2021-03-07,-2.19
HRV,Croatia,2021-03-14,8.58
HRV,Croatia,2021-03-21,5.69
HRV,Croatia,2021-03-28,18.14
HRV,Croatia,2021-04-04,26.04
HRV,Croatia,2021-04-11,28.84
HRV,Croatia,2021-04-18,38.97
HRV,Croatia,2021-04-25,43.93
HRV,Croatia,2021-05-02,17.77
HUN,Hungary,2020-01-05,-16.14
HUN,Hungary,2020-01-12,-11.73
HUN,Hungary,2020-01-19,-13.0
HUN,Hungary,2020-01-26,-12.39
HUN,Hungary,2020-02-02,-10.57
HUN,Hungary,2020-02-09,-19.54
HUN,Hungary,2020-02-16,-12.66
HUN,Hungary,2020-02-23,-13.89
HUN,Hungary,2020-03-01,-4.74
HUN,Hungary,2020-03-08,-7.78
HUN,Hungary,2020-03-15,-5.34
HUN,Hungary,2020-03-22,8.51
HUN,Hungary,2020-03-29,2.77
HUN,Hungary,2020-04-05,2.09
HUN,Hungary,2020-04-12,11.84
HUN,Hungary,2020-04-19,8.79
HUN,Hungary,2020-04-26,-1.59
HUN,Hungary,2020-05-03,-0.77
HUN,Hungary,2020-05-10,-1.88
HUN,Hungary,2020-05-17,10.88
HUN,Hungary,2020-05-24,-10.9
HUN,Hungary,2020-05-31,-4.5
HUN,Hungary,2020-06-07,8.55
HUN,Hungary,2020-06-14,10.47
HUN,Hungary,2020-06-21,-15.13
HUN,Hungary,2020-06-28,4.26
HUN,Hungary,2020-07-05,7.2
HUN,Hungary,2020-07-12,-1.02
HUN,Hungary,2020-07-19,-10.04
HUN,Hungary,2020-07-26,-2.41
HUN,Hungary,2020-08-02,7.95
HUN,Hungary,2020-08-09,-3.16
HUN,Hungary,2020-08-16,0.55
HUN,Hungary,2020-08-23,2.61
HUN,Hungary,2020-08-30,-5.54
HUN,Hungary,2020-09-06,0.6
HUN,Hungary,2020-09-13,15.96
HUN,Hungary,2020-09-20,5.16
HUN,Hungary,2020-09-27,-2.33
HUN,Hungary,2020-10-04,4.33
HUN,Hungary,2020-10-11,7.37
HUN,Hungary,2020-10-18,12.13
HUN,Hungary,2020-10-25,19.63
HUN,Hungary,2020-11-01,35.85
HUN,Hungary,2020-11-08,56.52
HUN,Hungary,2020-11-15,58.57
HUN,Hungary,2020-11-22,60.42
HUN,Hungary,2020-11-29,83.71
HUN,Hungary,2020-12-06,68.88
HUN,Hungary,2020-12-13,73.81
HUN,Hungary,2020-12-20,51.91
HUN,Hungary,2020-12-27,43.22
HUN,Hungary,2021-01-03,29.94
HUN,Hungary,2021-01-10,9.75
HUN,Hungary,2021-01-17,7.98
HUN,Hungary,2021-01-24,1.5
HUN,Hungary,2021-01-31,-7.84
HUN,Hungary,2021-02-07,-12.13
HUN,Hungary,2021-02-14,-11.78
HUN,Hungary,2021-02-21,-8.85
HUN,Hungary,2021-02-28,-1.06
HUN,Hungary,2021-03-07,-6.04
HUN,Hungary,2021-03-14,7.43
HUN,Hungary,2021-03-21,29.1
HUN,Hungary,2021-03-28,26.96
HUN,Hungary,2021-04-04,28.94
HUN,Hungary,2021-04-11,27.22
HUN,Hungary,2021-04-18,14.09
HUN,Hungary,2021-04-25,8.31
HUN,Hungary,2021-05-02,9.9
HUN,Hungary,2021-05-09,-12.18
ISL,Iceland,2020-01-05,10.58
ISL,Iceland,2020-01-12,3.6
ISL,Iceland,2020-01-19,28.87
ISL,Iceland,2020-01-26,50.6
ISL,Iceland,2020-02-02,-24.11
ISL,Iceland,2020-02-09,6.19
ISL,Iceland,2020-02-16,-5.94
ISL,Iceland,2020-02-23,26.37
ISL,Iceland,2020-03-01,34.41
ISL,Iceland,2020-03-08,-0.99
ISL,Iceland,2020-03-15,-20.21
ISL,Iceland,2020-03-22,-15.0
ISL,Iceland,2020-03-29,-36.89
ISL,Iceland,2020-04-05,-20.79
ISL,Iceland,2020-04-12,2.27
ISL,Iceland,2020-04-19,64.77
ISL,Iceland,2020-04-26,-27.71
ISL,Iceland,2020-05-03,4.65
ISL,Iceland,2020-05-10,-34.07
ISL,Iceland,2020-05-17,-13.98
ISL,Iceland,2020-05-24,12.5
ISL,Iceland,2020-05-31,19.57
ISL,Iceland,2020-06-07,-18.75
ISL,Iceland,2020-06-14,-6.25
ISL,Iceland,2020-06-21,-43.66
ISL,Iceland,2020-06-28,-42.71
ISL,Iceland,2020-07-05,-12.16
ISL,Iceland,2020-07-12,4.84
ISL,Iceland,2020-07-19,-11.76
ISL,Iceland,2020-07-26,-38.27
ISL,Iceland,2020-08-02,-17.72
ISL,Iceland,2020-08-09,-17.65
ISL,Iceland,2020-08-16,5.26
ISL,Iceland,2020-08-23,-48.86
ISL,Iceland,2020-08-30,-20.0
ISL,Iceland,2020-09-06,57.53
ISL,Iceland,2020-09-13,1.27
ISL,Iceland,2020-09-20,20.0
ISL,Iceland,2020-09-27,-35.64
ISL,Iceland,2020-10-04,3.45
ISL,Iceland,2020-10-11,2.15
ISL,Iceland,2020-10-18,19.05
ISL,Iceland,2020-10-25,32.53
ISL,Iceland,2020-11-01,17.98
ISL,Iceland,2020-11-08,60.92
ISL,Iceland,2020-11-15,39.24
ISL,Iceland,2020-11-22,-17.65
ISL,Iceland,2020-11-29,-19.35
ISL,Iceland,2020-12-06,15.85
ISL,Iceland,2020-12-13,36.36
ISL,Iceland,2020-12-20,3.26
ISL,Iceland,2020-12-27,-2.17
ISL,Iceland,2021-01-03,8.7
ISL,Iceland,2021-01-10,29.81
ISL,Iceland,2021-01-17,12.61
ISL,Iceland,2021-01-24,-2.06
ISL,Iceland,2021-01-31,2.41
ISL,Iceland,2021-02-07,7.14
ISL,Iceland,2021-02-14,-20.35
ISL,Iceland,2021-02-21,-15.84
ISL,Iceland,2021-02-28,31.87
ISL,Iceland,2021-03-07,2.15
ISL,Iceland,2021-03-14,-15.84
ISL,Iceland,2021-03-21,-9.57
ISR,Israel,2020-01-05,13.44
ISR,Israel,2020-01-12,-0.52
ISR,Israel,2020-01-19,8.0
ISR,Israel,2020-01-26,-5.68
ISR,Israel,2020-02-02,-8.08
ISR,Israel,2020-02-09,-9.14
ISR,Israel,2020-02-16,1.59
ISR,Israel,2020-02-23,2.74
ISR,Israel,2020-03-01,-8.07
ISR,Israel,2020-03-08,-0.95
ISR,Israel,2020-03-15,6.04
ISR,Israel,2020-03-22,12.98
ISR,Israel,2020-03-29,11.58
ISR,Israel,2020-04-05,15.23
ISR,Israel,2020-04-12,5.05
ISR,Israel,2020-04-19,11.69
ISR,Israel,2020-04-26,12.58
ISR,Israel,2020-05-03,-0.06
ISR,Israel,2020-05-10,12.65
ISR,Israel,2020-05-17,4.08
ISR,Israel,2020-05-24,26.75
ISR,Israel,2020-05-31,3.48
ISR,Israel,2020-06-07,2.63
ISR,Israel,2020-06-14,6.37
ISR,Israel,2020-06-21,4.01
ISR,Israel,2020-06-28,0.88
ISR,Israel,2020-07-05,3.53
ISR,Israel,2020-07-12,13.46
ISR,Israel,2020-07-19,9.0
ISR,Israel,2020-07-26,4.18
ISR,Israel,2020-08-02,26.74
ISR,Israel,2020-08-09,13.32
ISR,Israel,2020-08-16,32.79
ISR,Israel,2020-08-23,9.39
ISR,Israel,2020-08-30,18.42
ISR,Israel,2020-09-06,18.41
ISR,Israel,2020-09-13,25.72
ISR,Israel,2020-09-20,35.29
ISR,Israel,2020-09-27,31.88
ISR,Israel,2020-10-04,32.2
ISR,Israel,2020-10-11,38.55
ISR,Israel,2020-10-18,41.49
ISR,Israel,2020-10-25,34.8
ISR,Israel,2020-11-01,8.18
ISR,Israel,2020-11-08,16.15
ISR,Israel,2020-11-15,-7.95
ISR,Israel,2020-11-22,9.05
ISR,Israel,2020-11-29,-1.26
ISR,Israel,2020-12-06,10.89
ISR,Israel,2020-12-13,2.92
ISR,Israel,2020-12-20,1.03
ISR,Israel,2020-12-27,9.48
ISR,Israel,2021-01-03,15.89
ISR,Israel,2021-01-10,21.61
ISR,Israel,2021-01-17,23.8
ISR,Israel,2021-01-24,23.08
ISR,Israel,2021-01-31,24.14
ISR,Israel,2021-02-07,15.03
ISR,Israel,2021-02-14,2.84
ISR,Israel,2021-02-21,8.33
ISR,Israel,2021-02-28,-2.86
ISR,Israel,2021-03-07,-5.87
ISR,Israel,2021-03-14,12.86
ISR,Israel,2021-03-21,15.65
ISR,Israel,2021-03-28,15.72
ISR,Israel,2021-04-04,-1.27
ISR,Israel,2021-04-11,13.61
ISR,Israel,2021-04-18,7.89
ISR,Israel,2021-04-25,3.72
ISR,Israel,2021-05-02,3.08
ISR,Israel,2021-05-09,-2.47
ITA,Italy,2020-01-05,-12.5
ITA,Italy,2020-01-12,-10.01
ITA,Italy,2020-01-19,-9.15
ITA,Italy,2020-01-26,-4.27
ITA,Italy,2020-02-02,-3.75
ITA,Italy,2020-02-09,-3.1
ITA,Italy,2020-02-16,-2.06
ITA,Italy,2020-02-23,-2.88
ITA,Italy,2020-03-01,2.01
ITA,Italy,2020-03-08,8.64
ITA,Italy,2020-03-15,36.75
ITA,Italy,2020-03-22,68.9
ITA,Italy,2020-03-29,84.2
ITA,Italy,2020-04-05,79.17
ITA,Italy,2020-04-12,67.03
ITA,Italy,2020-04-19,54.06
ITA,Italy,2020-04-26,35.6
ITA,Italy,2020-05-03,21.34
ITA,Italy,2020-05-10,12.45
ITA,Italy,2020-05-17,10.21
ITA,Italy,2020-05-24,2.99
ITA,Italy,2020-05-31,0.85
ITA,Italy,2020-06-07,0.39
ITA,Italy,2020-06-14,-4.33
ITA,Italy,2020-06-21,3.6
ITA,Italy,2020-06-28,13.91
ITA,Italy,2020-07-05,13.63
ITA,Italy,2020-07-12,-1.2
ITA,Italy,2020-07-19,-3.0
ITA,Italy,2020-07-26,-4.84
ITA,Italy,2020-08-02,13.33
ITA,Italy,2020-08-09,1.33
ITA,Italy,2020-08-16,15.31
ITA,Italy,2020-08-23,16.23
ITA,Italy,2020-08-30,13.03
ITA,Italy,2020-09-06,9.84
ITA,Italy,2020-09-13,13.61
ITA,Italy,2020-09-20,12.42
ITA,Italy,2020-09-27,4.99
ITA,Italy,2020-10-04,9.46
ITA,Italy,2020-10-11,5.9
ITA,Italy,2020-10-18,13.62
ITA,Italy,2020-10-25,28.26
ITA,Italy,2020-11-01,39.91
ITA,Italy,2020-11-08,50.42
ITA,Italy,2020-11-15,58.36
ITA,Italy,2020-11-22,55.91
ITA,Italy,2020-11-29,55.79
ITA,Italy,2020-12-06,47.73
ITA,Italy,2020-12-13,37.15
ITA,Italy,2020-12-20,28.83
ITA,Italy,2020-12-27,12.35
ITA,Italy,2021-01-03,15.45
ITA,Italy,2021-01-10,3.64
ITA,Italy,2021-01-17,1.7
ITA,Italy,2021-01-24,5.04
ITA,Italy,2021-01-31,6.86
ITA,Italy,2021-02-07,0.98
ITA,Italy,2021-02-14,-6.33
ITA,Italy,2021-02-21,-0.59
ITA,Italy,2021-02-28,-3.69
KOR,"Korea, Rep.",2020-01-05,12.73
KOR,"Korea, Rep.",2020-01-12,15.87
KOR,"Korea, Rep.",2020-01-19,16.76
KOR,"Korea, Rep.",2020-01-26,22.39
KOR,"Korea, Rep.",2020-02-02,20.81
KOR,"Korea, Rep.",2020-02-09,24.51
KOR,"Korea, Rep.",2020-02-16,16.28
KOR,"Korea, Rep.",2020-02-23,13.7
KOR,"Korea, Rep.",2020-03-01,14.1
KOR,"Korea, Rep.",2020-03-08,12.03
KOR,"Korea, Rep.",2020-03-15,21.58
KOR,"Korea, Rep.",2020-03-22,9.57
KOR,"Korea, Rep.",2020-03-29,15.01
KOR,"Korea, Rep.",2020-04-05,16.43
KOR,"Korea, Rep.",2020-04-12,21.59
KOR,"Korea, Rep.",2020-04-19,20.29
KOR,"Korea, Rep.",2020-04-26,19.77
KOR,"Korea, Rep.",2020-05-03,26.36
KOR,"Korea, Rep.",2020-05-10,17.06
KOR,"Korea, Rep.",2020-05-17,15.34
KOR,"Korea, Rep.",2020-05-24,18.61
KOR,"Korea, Rep.",2020-05-31,12.53
KOR,"Korea, Rep.",2020-06-07,24.79
KOR,"Korea, Rep.",2020-06-14,24.69
KOR,"Korea, Rep.",2020-06-21,22.62
KOR,"Korea, Rep.",2020-06-28,19.12
KOR,"Korea, Rep.",2020-07-05,20.89
KOR,"Korea, Rep.",2020-07-12,19.72
KOR,"Korea, Rep.",2020-07-19,21.08
KOR,"Korea, Rep.",2020-07-26,22.5
KOR,"Korea, Rep.",2020-08-02,21.63
KOR,"Korea, Rep.",2020-08-09,20.58
KOR,"Korea, Rep.",2020-08-16,21.49
KOR,"Korea, Rep.",2020-08-23,35.87
KOR,"Korea, Rep.",2020-08-30,29.51
KOR,"Korea, Rep.",2020-09-06,23.67
KOR,"Korea, Rep.",2020-09-13,26.57
KOR,"Korea, Rep.",2020-09-20,29.68
KOR,"Korea, Rep.",2020-09-27,22.25
KOR,"Korea, Rep.",2020-10-04,25.92
KOR,"Korea, Rep.",2020-10-11,26.88
KOR,"Korea, Rep.",2020-10-18,20.82
KOR,"Korea, Rep.",2020-10-25,26.83
KOR,"Korea, Rep.",2020-11-01,27.41
KOR,"Korea, Rep.",2020-11-08,25.66
KOR,"Korea, Rep.",2020-11-15,19.49
KOR,"Korea, Rep.",2020-11-22,21.17
KOR,"Korea, Rep.",2020-11-29,17.8
KOR,"Korea, Rep.",2020-12-06,21.01
KOR,"Korea, Rep.",2020-12-13,17.21
KOR,"Korea, Rep.",2020-12-20,8.39
KOR,"Korea, Rep.",2020-12-27,23.78
KOR,"Korea, Rep.",2021-01-03,16.64
KOR,"Korea, Rep.",2021-01-10,15.02
KOR,"Korea, Rep.",2021-01-17,17.15
KOR,"Korea, Rep.",2021-01-24,17.66
KOR,"Korea, Rep.",2021-01-31,10.58
KOR,"Korea, Rep.",2021-02-07,12.66
KOR,"Korea, Rep.",2021-02-14,10.83
KOR,"Korea, Rep.",2021-02-21,14.44
KOR,"Korea, Rep.",2021-02-28,15.0
KOR,"Korea, Rep.",2021-03-07,14.22
KOR,"Korea, Rep.",2021-03-14,19.51
KOR,"Korea, Rep.",2021-03-21,21.9
KOR,"Korea, Rep.",2021-03-28,16.56
KOR,"Korea, Rep.",2021-04-04,23.05
LTU,Lithuania,2020-01-05,-2.42
LTU,Lithuania,2020-01-12,-13.82
LTU,Lithuania,2020-01-19,-13.72
LTU,Lithuania,2020-01-26,-12.16
LTU,Lithuania,2020-02-02,-24.98
LTU,Lithuania,2020-02-09,-15.53
LTU,Lithuania,2020-02-16,4.84
LTU,Lithuania,2020-02-23,-13.79
LTU,Lithuania,2020-03-01,-0.45
LTU,Lithuania,2020-03-08,-2.5
LTU,Lithuania,2020-03-15,-4.86
LTU,Lithuania,2020-03-22,1.07
LTU,Lithuania,2020-03-29,12.72
LTU,Lithuania,2020-04-05,1.16
LTU,Lithuania,2020-04-12,5.04
LTU,Lithuania,2020-04-19,-1.83
LTU,Lithuania,2020-04-26,9.78
LTU,Lithuania,2020-05-03,2.5
LTU,Lithuania,2020-05-10,-7.77
LTU,Lithuania,2020-05-17,0.96
LTU,Lithuania,2020-05-24,-0.91
LTU,Lithuania,2020-05-31,-2.55
LTU,Lithuania,2020-06-07,-3.09
LTU,Lithuania,2020-06-14,21.14
LTU,Lithuania,2020-06-21,12.27
LTU,Lithuania,2020-06-28,9.73
LTU,Lithuania,2020-07-05,-6.38
LTU,Lithuania,2020-07-12,-4.64
LTU,Lithuania,2020-07-19,8.2
LTU,Lithuania,2020-07-26,10.14
LTU,Lithuania,2020-08-02,2.71
LTU,Lithuania,2020-08-09,10.16
LTU,Lithuania,2020-08-16,5.55
LTU,Lithuania,2020-08-23,30.46
LTU,Lithuania,2020-08-30,0.6
LTU,Lithuania,2020-09-06,7.45
LTU,Lithuania,2020-09-13,1.27
LTU,Lithuania,2020-09-20,19.73
LTU,Lithuania,2020-09-27,18.42
LTU,Lithuania,2020-10-04,7.98
LTU,Lithuania,2020-10-11,10.14
LTU,Lithuania,2020-10-18,9.29
LTU,Lithuania,2020-10-25,18.5
LTU,Lithuania,2020-11-01,26.74
LTU,Lithuania,2020-11-08,38.33
LTU,Lithuania,2020-11-15,41.44
LTU,Lithuania,2020-11-22,63.98
LTU,Lithuania,2020-11-29,68.6
LTU,Lithuania,2020-12-06,67.53
LTU,Lithuania,2020-12-13,78.45
LTU,Lithuania,2020-12-20,79.91
LTU,Lithuania,2020-12-27,73.65
LTU,Lithuania,2021-01-03,60.51
LTU,Lithuania,2021-01-10,55.65
LTU,Lithuania,2021-01-17,48.82
LTU,Lithuania,2021-01-24,14.8
LTU,Lithuania,2021-01-31,14.2
LTU,Lithuania,2021-02-07,11.3
LTU,Lithuania,2021-02-14,2.36
LTU,Lithuania,2021-02-21,11.75
LTU,Lithuania,2021-02-28,-16.86
LTU,Lithuania,2021-03-07,4.38
LTU,Lithuania,2021-03-14,8.78
LTU,Lithuania,2021-03-21,0.59
LTU,Lithuania,2021-03-28,0.25
LTU,Lithuania,2021-04-04,-7.89
LTU,Lithuania,2021-04-11,18.08
LTU,Lithuania,2021-04-18,-2.65
LTU,Lithuania,2021-04-25,23.29
LTU,Lithuania,2021-05-02,3.56
LTU,Lithuania,2021-05-09,30.57
LTU,Lithuania,2021-05-16,12.97
LTU,Lithuania,2021-05-23,26.44
LUX,Luxembourg,2020-01-05,-30.72
LUX,Luxembourg,2020-01-12,-12.92
LUX,Luxembourg,2020-01-19,6.92
LUX,Luxembourg,2020-01-26,-5.71
LUX,Luxembourg,2020-02-02,-10.05
LUX,Luxembourg,2020-02-09,-2.01
LUX,Luxembourg,2020-02-16,-30.94
LUX,Luxembourg,2020-02-23,-22.11
LUX,Luxembourg,2020-03-01,-2.94
LUX,Luxembourg,2020-03-08,-17.91
LUX,Luxembourg,2020-03-15,-3.51
LUX,Luxembourg,2020-03-22,10.47
LUX,Luxembourg,2020-03-29,65.66
LUX,Luxembourg,2020-04-05,22.75
LUX,Luxembourg,2020-04-12,56.25
LUX,Luxembourg,2020-04-19,29.25
LUX,Luxembourg,2020-04-26,15.89
LUX,Luxembourg,2020-05-03,22.22
LUX,Luxembourg,2020-05-10,18.32
LUX,Luxembourg,2020-05-17,48.44
LUX,Luxembourg,2020-05-24,22.3
LUX,Luxembourg,2020-05-31,6.62
LUX,Luxembourg,2020-06-07,1.5
LUX,Luxembourg,2020-06-14,-4.41
LUX,Luxembourg,2020-06-21,27.05
LUX,Luxembourg,2020-06-28,9.02
LUX,Luxembourg,2020-07-05,27.91
LUX,Luxembourg,2020-07-12,9.68
LUX,Luxembourg,2020-07-19,-7.69
LUX,Luxembourg,2020-07-26,-6.47
LUX,Luxembourg,2020-08-02,27.91
LUX,Luxembourg,2020-08-09,56.03
LUX,Luxembourg,2020-08-16,55.3
LUX,Luxembourg,2020-08-23,-10.71
LUX,Luxembourg,2020-08-30,13.64
LUX,Luxembourg,2020-09-06,-7.28
LUX,Luxembourg,2020-09-13,20.3
LUX,Luxembourg,2020-09-20,23.02
LUX,Luxembourg,2020-09-27,4.03
LUX,Luxembourg,2020-10-04,21.71
LUX,Luxembourg,2020-10-11,-19.64
LUX,Luxembourg,2020-10-18,34.48
LUX,Luxembourg,2020-10-25,47.73
LUX,Luxembourg,2020-11-01,-5.03
LUX,Luxembourg,2020-11-08,55.06
LUX,Luxembourg,2020-11-15,70.81
LUX,Luxembourg,2020-11-22,58.94
LUX,Luxembourg,2020-11-29,79.86
LUX,Luxembourg,2020-12-06,46.15
LUX,Luxembourg,2020-12-13,67.74
LUX,Luxembourg,2020-12-20,29.63
LUX,Luxembourg,2020-12-27,59.38
LUX,Luxembourg,2021-01-03,31.25
LUX,Luxembourg,2021-01-10,20.48
LUX,Luxembourg,2021-01-17,17.98
LUX,Luxembourg,2021-01-24,6.92
LUX,Luxembourg,2021-01-31,48.57
LUX,Luxembourg,2021-02-07,3.17
LUX,Luxembourg,2021-02-14,-22.11
LUX,Luxembourg,2021-02-21,-11.6
LUX,Luxembourg,2021-02-28,13.07
LUX,Luxembourg,2021-03-07,20.59
LUX,Luxembourg,2021-03-14,16.92
LUX,Luxembourg,2021-03-21,34.5
LUX,Luxembourg,2021-03-28,1.74
LUX,Luxembourg,2021-04-04,2.41
LUX,Luxembourg,2021-04-11,-1.2
LUX,Luxembourg,2021-04-18,18.06
LUX,Luxembourg,2021-04-25,8.84
LUX,Luxembourg,2021-05-02,9.27
LVA,Latvia,2020-01-05,8.5
LVA,Latvia,2020-01-12,12.1
LVA,Latvia,2020-01-19,-12.87
LVA,Latvia,2020-01-26,-3.19
LVA,Latvia,2020-02-02,-5.99
LVA,Latvia,2020-02-09,0.13
LVA,Latvia,2020-02-16,-5.73
LVA,Latvia,2020-02-23,-10.97
LVA,Latvia,2020-03-01,-8.1
LVA,Latvia,2020-03-08,-0.82
LVA,Latvia,2020-03-15,5.16
LVA,Latvia,2020-03-22,-6.4
LVA,Latvia,2020-03-29,1.84
LVA,Latvia,2020-04-05,11.92
LVA,Latvia,2020-04-12,-1.06
LVA,Latvia,2020-04-19,4.14
LVA,Latvia,2020-04-26,-5.81
LVA,Latvia,2020-05-03,8.36
LVA,Latvia,2020-05-10,-29.02
LVA,Latvia,2020-05-17,8.89
LVA,Latvia,2020-05-24,-1.67
LVA,Latvia,2020-05-31,-11.93
LVA,Latvia,2020-06-07,2.16
LVA,Latvia,2020-06-14,15.8
LVA,Latvia,2020-06-21,8.95
LVA,Latvia,2020-06-28,20.12
LVA,Latvia,2020-07-05,23.24
LVA,Latvia,2020-07-12,10.45
LVA,Latvia,2020-07-19,3.58
LVA,Latvia,2020-07-26,6.22
LVA,Latvia,2020-08-02,8.89
LVA,Latvia,2020-08-09,12.98
LVA,Latvia,2020-08-16,22.08
LVA,Latvia,2020-08-23,21.31
LVA,Latvia,2020-08-30,-4.19
LVA,Latvia,2020-09-06,-1.29
LVA,Latvia,2020-09-13,19.72
LVA,Latvia,2020-09-20,18.0
LVA,Latvia,2020-09-27,9.22
LVA,Latvia,2020-10-04,-5.89
LVA,Latvia,2020-10-11,-3.4
LVA,Latvia,2020-10-18,10.68
LVA,Latvia,2020-10-25,1.29
LVA,Latvia,2020-11-01,13.36
LVA,Latvia,2020-11-08,13.07
LVA,Latvia,2020-11-15,29.97
LVA,Latvia,2020-11-22,41.42
LVA,Latvia,2020-11-29,15.69
LVA,Latvia,2020-12-06,38.42
LVA,Latvia,2020-12-13,35.29
LVA,Latvia,2020-12-20,33.67
LVA,Latvia,2020-12-27,39.97
LVA,Latvia,2021-01-03,25.64
LVA,Latvia,2021-01-10,44.25
LVA,Latvia,2021-01-17,47.13
LVA,Latvia,2021-01-24,32.06
LVA,Latvia,2021-01-31,31.2
LVA,Latvia,2021-02-07,32.23
LVA,Latvia,2021-02-14,25.68
LVA,Latvia,2021-02-21,5.68
LVA,Latvia,2021-02-28,20.62
LVA,Latvia,2021-03-07,5.57
LVA,Latvia,2021-03-14,0.94
LVA,Latvia,2021-03-21,-0.65
LVA,Latvia,2021-03-28,0.09
LVA,Latvia,2021-04-04,10.3
LVA,Latvia,2021-04-11,-9.29
LVA,Latvia,2021-04-18,4.09
LVA,Latvia,2021-04-25,4.0
LVA,Latvia,2021-05-02,12.59
LVA,Latvia,2021-05-09,19.11
LVA,Latvia,2021-05-16,16.82
NLD,Netherlands,2020-01-05,-4.86
NLD,Netherlands,2020-01-12,-4.46
NLD,Netherlands,2020-01-19,-7.58
NLD,Netherlands,2020-01-26,-11.36
NLD,Netherlands,2020-02-02,-7.6
NLD,Netherlands,2020-02-09,-4.44
NLD,Netherlands,2020-02-16,-6.07
NLD,Netherlands,2020-02-23,-11.58
NLD,Netherlands,2020-03-01,-9.32
NLD,Netherlands,2020-03-08,-8.64
NLD,Netherlands,2020-03-15,0.8
NLD,Netherlands,2020-03-22,15.46
NLD,Netherlands,2020-03-29,44.9
NLD,Netherlands,2020-04-05,89.97
NLD,Netherlands,2020-04-12,91.15
NLD,Netherlands,2020-04-19,74.02
NLD,Netherlands,2020-04-26,49.0
NLD,Netherlands,2020-05-03,27.68
NLD,Netherlands,2020-05-10,7.01
NLD,Netherlands,2020-05-17,5.84
NLD,Netherlands,2020-05-24,2.48
NLD,Netherlands,2020-05-31,1.67
NLD,Netherlands,2020-06-07,-3.14
NLD,Netherlands,2020-06-14,1.59
NLD,Netherlands,2020-06-21,2.85
NLD,Netherlands,2020-06-28,0.02
NLD,Netherlands,2020-07-05,-5.43
NLD,Netherlands,2020-07-12,-1.02
NLD,Netherlands,2020-07-19,-4.1
NLD,Netherlands,2020-07-26,-1.43
NLD,Netherlands,2020-08-02,2.84
NLD,Netherlands,2020-08-09,-0.85
NLD,Netherlands,2020-08-16,32.65
NLD,Netherlands,2020-08-23,12.04
NLD,Netherlands,2020-08-30,12.87
NLD,Netherlands,2020-09-06,6.24
NLD,Netherlands,2020-09-13,2.85
NLD,Netherlands,2020-09-20,4.9
NLD,Netherlands,2020-09-27,8.99
NLD,Netherlands,2020-10-04,12.01
NLD,Netherlands,2020-10-11,11.55
NLD,Netherlands,2020-10-18,17.69
NLD,Netherlands,2020-10-25,24.93
NLD,Netherlands,2020-11-01,34.98
NLD,Netherlands,2020-11-08,32.97
NLD,Netherlands,2020-11-15,32.03
NLD,Netherlands,2020-11-22,14.71
NLD,Netherlands,2020-11-29,18.54
NLD,Netherlands,2020-12-06,19.22
NLD,Netherlands,2020-12-13,18.65
NLD,Netherlands,2020-12-20,31.69
NLD,Netherlands,2020-12-27,38.84
NLD,Netherlands,2021-01-03,43.22
NLD,Netherlands,2021-01-10,28.78
NLD,Netherlands,2021-01-17,15.33
NLD,Netherlands,2021-01-24,19.91
NLD,Netherlands,2021-01-31,11.29
NLD,Netherlands,2021-02-07,10.16
NLD,Netherlands,2021-02-14,7.16
NLD,Netherlands,2021-02-21,0.06
NLD,Netherlands,2021-02-28,-11.03
NLD,Netherlands,2021-03-07,-15.58
NLD,Netherlands,2021-03-14,-6.9
NLD,Netherlands,2021-03-21,-10.24
NLD,Netherlands,2021-03-28,-7.04
NLD,Netherlands,2021-04-04,-6.61
NLD,Netherlands,2021-04-11,2.14
NLD,Netherlands,2021-04-18,-0.65
NLD,Netherlands,2021-04-25,7.73
NLD,Netherlands,2021-05-02,1.17
NLD,Netherlands,2021-05-09,1.94
NLD,Netherlands,2021-05-16,0.07
NLD,Netherlands,2021-05-23,0.17
NLD,Netherlands,2021-05-30,-2.8
NOR,Norway,2020-01-05,-9.48
NOR,Norway,2020-01-12,4.4
NOR,Norway,2020-01-19,-9.09
NOR,Norway,2020-01-26,-5.63
NOR,Norway,2020-02-02,-13.11
NOR,Norway,2020-02-09,-10.24
NOR,Norway,2020-02-16,-1.23
NOR,Norway,2020-02-23,-13.89
NOR,Norway,2020-03-01,-13.38
NOR,Norway,2020-03-08,-10.14
NOR,Norway,2020-03-15,0.38
NOR,Norway,2020-03-22,-17.58
NOR,Norway,2020-03-29,2.51
NOR,Norway,2020-04-05,8.33
NOR,Norway,2020-04-12,7.37
NOR,Norway,2020-04-19,11.28
NOR,Norway,2020-04-26,-9.25
NOR,Norway,2020-05-03,-7.08
NOR,Norway,2020-05-10,-11.06
NOR,Norway,2020-05-17,-6.8
NOR,Norway,2020-05-24,-3.91
NOR,Norway,2020-05-31,-12.9
NOR,Norway,2020-06-07,-7.73
NOR,Norway,2020-06-14,1.89
NOR,Norway,2020-06-21,-0.13
NOR,Norway,2020-06-28,-12.61
NOR,Norway,2020-07-05,-4.45
NOR,Norway,2020-07-12,-12.04
NOR,Norway,2020-07-19,4.63
NOR,Norway,2020-07-26,3.72
NOR,Norway,2020-08-02,9.25
NOR,Norway,2020-08-09,3.27
NOR,Norway,2020-08-16,1.6
NOR,Norway,2020-08-23,6.75
NOR,Norway,2020-08-30,-1.75
NOR,Norway,2020-09-06,4.97
NOR,Norway,2020-09-13,2.46
NOR,Norway,2020-09-20,4.31
NOR,Norway,2020-09-27,1.69
NOR,Norway,2020-10-04,19.82
NOR,Norway,2020-10-11,-3.15
NOR,Norway,2020-10-18,-3.75
NOR,Norway,2020-10-25,-4.31
NOR,Norway,2020-11-01,-3.25
NOR,Norway,2020-11-08,-7.41
NOR,Norway,2020-11-15,-4.29
NOR,Norway,2020-11-22,5.42
NOR,Norway,2020-11-29,-7.5
NOR,Norway,2020-12-06,-4.0
NOR,Norway,2020-12-13,0.22
NOR,Norway,2020-12-20,-4.99
NOR,Norway,2020-12-27,-6.95
NOR,Norway,2021-01-03,-2.77
NOR,Norway,2021-01-10,-16.11
NOR,Norway,2021-01-17,-12.57
NOR,Norway,2021-01-24,-14.5
NOR,Norway,2021-01-31,-6.39
NOR,Norway,2021-02-07,-18.75
NOR,Norway,2021-02-14,-10.5
NOR,Norway,2021-02-21,-18.42
NOR,Norway,2021-02-28,-8.61
NOR,Norway,2021-03-07,-25.36
NOR,Norway,2021-03-14,-15.66
NOR,Norway,2021-03-21,-19.05
NOR,Norway,2021-03-28,-17.58
NOR,Norway,2021-04-04,-15.3
NOR,Norway,2021-04-11,-4.89
NOR,Norway,2021-04-18,-17.88
NOR,Norway,2021-04-25,1.13
NOR,Norway,2021-05-02,-2.73
NOR,Norway,2021-05-09,-8.4
NOR,Norway,2021-05-16,-16.09
NOR,Norway,2021-05-23,-8.76
NZL,New Zealand,2020-01-05,1.2
NZL,New Zealand,2020-01-12,-4.64
NZL,New Zealand,2020-01-19,13.07
NZL,New Zealand,2020-01-26,4.74
NZL,New Zealand,2020-02-02,6.01
NZL,New Zealand,2020-02-09,9.34
NZL,New Zealand,2020-02-16,9.51
NZL,New Zealand,2020-02-23,10.47
NZL,New Zealand,2020-03-01,13.74
NZL,New Zealand,2020-03-08,5.73
NZL,New Zealand,2020-03-15,4.42
NZL,New Zealand,2020-03-22,11.03
NZL,New Zealand,2020-03-29,6.55
NZL,New Zealand,2020-04-05,6.88
NZL,New Zealand,2020-04-12,9.81
NZL,New Zealand,2020-04-19,11.11
NZL,New Zealand,2020-04-26,10.17
NZL,New Zealand,2020-05-03,-7.73
NZL,New Zealand,2020-05-10,1.14
NZL,New Zealand,2020-05-17,-1.51
NZL,New Zealand,2020-05-24,-7.26
NZL,New Zealand,2020-05-31,-15.31
NZL,New Zealand,2020-06-07,-12.88
NZL,New Zealand,2020-06-14,1.0
NZL,New Zealand,2020-06-21,0.77
NZL,New Zealand,2020-06-28,-10.99
NZL,New Zealand,2020-07-05,-17.51
NZL,New Zealand,2020-07-12,-14.62
NZL,New Zealand,2020-07-19,-6.86
NZL,New Zealand,2020-07-26,-19.69
NZL,New Zealand,2020-08-02,-15.12
NZL,New Zealand,2020-08-09,-15.82
NZL,New Zealand,2020-08-16,-11.3
NZL,New Zealand,2020-08-23,-5.46
NZL,New Zealand,2020-08-30,-22.83
NZL,New Zealand,2020-09-06,-9.39
NZL,New Zealand,2020-09-13,-11.87
NZL,New Zealand,2020-09-20,-16.71
NZL,New Zealand,2020-09-27,-8.16
NZL,New Zealand,2020-10-04,-6.17
NZL,New Zealand,2020-10-11,-10.72
NZL,New Zealand,2020-10-18,-3.65
NZL,New Zealand,2020-10-25,6.06
NZL,New Zealand,2020-11-01,-13.29
NZL,New Zealand,2020-11-08,1.72
NZL,New Zealand,2020-11-15,-2.71
NZL,New Zealand,2020-11-22,-6.58
NZL,New Zealand,2020-11-29,7.58
NZL,New Zealand,2020-12-06,5.48
NZL,New Zealand,2020-12-13,15.14
NZL,New Zealand,2020-12-20,19.61
NZL,New Zealand,2020-12-27,8.45
NZL,New Zealand,2021-01-03,21.49
NZL,New Zealand,2021-01-10,22.42
NZL,New Zealand,2021-01-17,5.49
NZL,New Zealand,2021-01-24,8.87
NZL,New Zealand,2021-01-31,5.07
NZL,New Zealand,2021-02-07,7.48
NZL,New Zealand,2021-02-14,15.0
NZL,New Zealand,2021-02-21,10.82
NZL,New Zealand,2021-02-28,7.64
NZL,New Zealand,2021-03-07,17.71
NZL,New Zealand,2021-03-14,5.15
NZL,New Zealand,2021-03-21,9.71
NZL,New Zealand,2021-03-28,17.18
NZL,New Zealand,2021-04-04,11.65
NZL,New Zealand,2021-04-11,12.22
NZL,New Zealand,2021-04-18,11.07
NZL,New Zealand,2021-04-25,5.28
NZL,New Zealand,2021-05-02,13.34
NZL,New Zealand,2021-05-09,5.91
NZL,New Zealand,2021-05-16,-8.45
POL,Poland,2020-01-05,11.24
POL,Poland,2020-01-12,7.92
POL,Poland,2020-01-19,4.66
POL,Poland,2020-01-26,1.99
POL,Poland,2020-02-02,5.71
POL,Poland,2020-02-09,5.56
POL,Poland,2020-02-16,9.02
POL,Poland,2020-02-23,7.95
POL,Poland,2020-03-01,9.52
POL,Poland,2020-03-08,6.23
POL,Poland,2020-03-15,13.8
POL,Poland,2020-03-22,13.54
POL,Poland,2020-03-29,11.3
POL,Poland,2020-04-05,6.45
POL,Poland,2020-04-12,12.74
POL,Poland,2020-04-19,23.26
POL,Poland,2020-04-26,14.36
POL,Poland,2020-05-03,15.88
POL,Poland,2020-05-10,13.43
POL,Poland,2020-05-17,13.46
POL,Poland,2020-05-24,15.79
POL,Poland,2020-05-31,15.68
POL,Poland,2020-06-07,19.75
POL,Poland,2020-06-14,15.22
POL,Poland,2020-06-21,18.07
POL,Poland,2020-06-28,13.99
POL,Poland,2020-07-05,21.29
POL,Poland,2020-07-12,9.89
POL,Poland,2020-07-19,12.9
POL,Poland,2020-07-26,9.74
POL,Poland,2020-08-02,19.86
POL,Poland,2020-08-09,22.11
POL,Poland,2020-08-16,23.02
POL,Poland,2020-08-23,28.03
POL,Poland,2020-08-30,13.58
POL,Poland,2020-09-06,12.9
POL,Poland,2020-09-13,23.41
POL,Poland,2020-09-20,27.32
POL,Poland,2020-09-27,19.98
POL,Poland,2020-10-04,17.5
POL,Poland,2020-10-11,30.56
POL,Poland,2020-10-18,41.66
POL,Poland,2020-10-25,78.45
POL,Poland,2020-11-01,110.26
POL,Poland,2020-11-08,140.42
POL,Poland,2020-11-15,121.93
POL,Poland,2020-11-22,111.02
POL,Poland,2020-11-29,92.12
POL,Poland,2020-12-06,73.54
POL,Poland,2020-12-13,60.61
POL,Poland,2020-12-20,47.85
POL,Poland,2020-12-27,46.99
POL,Poland,2021-01-03,48.92
POL,Poland,2021-01-10,52.78
POL,Poland,2021-01-17,46.91
POL,Poland,2021-01-24,43.65
POL,Poland,2021-01-31,30.45
POL,Poland,2021-02-07,21.53
POL,Poland,2021-02-14,18.42
POL,Poland,2021-02-21,21.47
POL,Poland,2021-02-28,21.28
POL,Poland,2021-03-07,28.0
POL,Poland,2021-03-14,26.7
POL,Poland,2021-03-21,40.8
POL,Poland,2021-03-28,56.68
POL,Poland,2021-04-04,69.82
POL,Poland,2021-04-11,68.03
POL,Poland,2021-04-18,65.81
POL,Poland,2021-04-25,57.59
POL,Poland,2021-05-02,42.57
POL,Poland,2021-05-09,29.73
PRT,Portugal,2020-01-05,-8.34
PRT,Portugal,2020-01-12,-2.17
PRT,Portugal,2020-01-19,3.26
PRT,Portugal,2020-01-26,-3.39
PRT,Portugal,2020-02-02,0.49
PRT,Portugal,2020-02-09,0.42
PRT,Portugal,2020-02-16,-10.29
PRT,Portugal,2020-02-23,-6.54
PRT,Portugal,2020-03-01,-6.95
PRT,Portugal,2020-03-08,-4.2
PRT,Portugal,2020-03-15,7.09
PRT,Portugal,2020-03-22,18.79
PRT,Portugal,2020-03-29,26.52
PRT,Portugal,2020-04-05,30.47
PRT,Portugal,2020-04-12,32.25
PRT,Portugal,2020-04-19,28.82
PRT,Portugal,2020-04-26,29.45
PRT,Portugal,2020-05-03,21.13
PRT,Portugal,2020-05-10,21.98
PRT,Portugal,2020-05-17,12.1
PRT,Portugal,2020-05-24,18.68
PRT,Portugal,2020-05-31,30.15
PRT,Portugal,2020-06-07,12.55
PRT,Portugal,2020-06-14,6.46
PRT,Portugal,2020-06-21,-1.39
PRT,Portugal,2020-06-28,21.03
PRT,Portugal,2020-07-05,11.67
PRT,Portugal,2020-07-12,38.36
PRT,Portugal,2020-07-19,65.97
PRT,Portugal,2020-07-26,47.24
PRT,Portugal,2020-08-02,24.97
PRT,Portugal,2020-08-09,17.02
PRT,Portugal,2020-08-16,11.63
PRT,Portugal,2020-08-23,16.89
PRT,Portugal,2020-08-30,29.07
PRT,Portugal,2020-09-06,16.49
PRT,Portugal,2020-09-13,32.23
PRT,Portugal,2020-09-20,29.4
PRT,Portugal,2020-09-27,7.41
PRT,Portugal,2020-10-04,18.65
PRT,Portugal,2020-10-11,20.17
PRT,Portugal,2020-10-18,20.3
PRT,Portugal,2020-10-25,19.07
PRT,Portugal,2020-11-01,35.15
PRT,Portugal,2020-11-08,32.07
PRT,Portugal,2020-11-15,36.68
PRT,Portugal,2020-11-22,33.41
PRT,Portugal,2020-11-29,24.95
PRT,Portugal,2020-12-06,33.79
PRT,Portugal,2020-12-13,44.35
PRT,Portugal,2020-12-20,27.69
PRT,Portugal,2020-12-27,18.01
PRT,Portugal,2021-01-03,28.98
PRT,Portugal,2021-01-10,44.3
PRT,Portugal,2021-01-17,78.46
PRT,Portugal,2021-01-24,94.0
PRT,Portugal,2021-01-31,84.21
PRT,Portugal,2021-02-07,54.99
PRT,Portugal,2021-02-14,32.01
PRT,Portugal,2021-02-21,12.14
PRT,Portugal,2021-02-28,0.68
PRT,Portugal,2021-03-07,-8.23
PRT,Portugal,2021-03-14,-10.53
PRT,Portugal,2021-03-21,-5.48
PRT,Portugal,2021-03-28,-4.41
PRT,Portugal,2021-04-04,-1.36
PRT,Portugal,2021-04-11,-13.75
PRT,Portugal,2021-04-18,-8.63
PRT,Portugal,2021-04-25,1.76
PRT,Portugal,2021-05-02,-6.9
PRT,Portugal,2021-05-09,8.77
PRT,Portugal,2021-05-16,-0.03
SVK,Slovak Republic,2020-01-05,-7.77
SVK,Slovak Republic,2020-01-12,-2.19
SVK,Slovak Republic,2020-01-19,-9.51
SVK,Slovak Republic,2020-01-26,-3.28
SVK,Slovak Republic,2020-02-02,-5.09
SVK,Slovak Republic,2020-02-09,-4.86
SVK,Slovak Republic,2020-02-16,2.59
SVK,Slovak Republic,2020-02-23,-15.49
SVK,Slovak Republic,2020-03-01,2.86
SVK,Slovak Republic,2020-03-08,-6.46
SVK,Slovak Republic,2020-03-15,3.21
SVK,Slovak Republic,2020-03-22,8.19
SVK,Slovak Republic,2020-03-29,5.72
SVK,Slovak Republic,2020-04-05,10.93
SVK,Slovak Republic,2020-04-12,3.61
SVK,Slovak Republic,2020-04-19,-4.44
SVK,Slovak Republic,2020-04-26,-6.58
SVK,Slovak Republic,2020-05-03,4.18
SVK,Slovak Republic,2020-05-10,1.01
SVK,Slovak Republic,2020-05-17,-7.49
SVK,Slovak Republic,2020-05-24,7.52
SVK,Slovak Republic,2020-05-31,-7.36
SVK,Slovak Republic,2020-06-07,4.17
SVK,Slovak Republic,2020-06-14,6.71
SVK,Slovak Republic,2020-06-21,3.59
SVK,Slovak Republic,2020-06-28,-3.56
SVK,Slovak Republic,2020-07-05,10.96
SVK,Slovak Republic,2020-07-12,7.92
SVK,Slovak Republic,2020-07-19,-7.69
SVK,Slovak Republic,2020-07-26,-18.67
SVK,Slovak Republic,2020-08-02,5.44
SVK,Slovak Republic,2020-08-09,26.32
SVK,Slovak Republic,2020-08-16,0.09
SVK,Slovak Republic,2020-08-23,17.24
SVK,Slovak Republic,2020-08-30,4.37
SVK,Slovak Republic,2020-09-06,-0.7
SVK,Slovak Republic,2020-09-13,8.56
SVK,Slovak Republic,2020-09-20,-2.55
SVK,Slovak Republic,2020-09-27,3.17
SVK,Slovak Republic,2020-10-04,6.31
SVK,Slovak Republic,2020-10-11,10.11
SVK,Slovak Republic,2020-10-18,12.89
SVK,Slovak Republic,2020-10-25,27.62
SVK,Slovak Republic,2020-11-01,47.13
SVK,Slovak Republic,2020-11-08,45.91
SVK,Slovak Republic,2020-11-15,44.15
SVK,Slovak Republic,2020-11-22,34.91
SVK,Slovak Republic,2020-11-29,31.2
SVK,Slovak Republic,2020-12-06,54.2
SVK,Slovak Republic,2020-12-13,69.52
SVK,Slovak Republic,2020-12-20,50.66
SVK,Slovak Republic,2020-12-27,58.33
SVK,Slovak Republic,2021-01-03,78.12
SVK,Slovak Republic,2021-01-10,71.64
SVK,Slovak Republic,2021-01-17,77.5
SVK,Slovak Republic,2021-01-24,43.33
SVK,Slovak Republic,2021-01-31,41.49
SVK,Slovak Republic,2021-02-07,43.84
SVK,Slovak Republic,2021-02-14,52.69
SVK,Slovak Republic,2021-02-21,35.46
SVK,Slovak Republic,2021-02-28,27.89
SVK,Slovak Republic,2021-03-07,16.16
SVK,Slovak Republic,2021-03-14,17.84
SVK,Slovak Republic,2021-03-21,22.17
SVK,Slovak Republic,2021-03-28,19.46
SVK,Slovak Republic,2021-04-04,14.86
SVK,Slovak Republic,2021-04-11,12.57
SVK,Slovak Republic,2021-04-18,7.14
SVK,Slovak Republic,2021-04-25,4.36
SVN,Slovenia,2020-01-05,-13.75
SVN,Slovenia,2020-01-12,-3.23
SVN,Slovenia,2020-01-19,9.77
SVN,Slovenia,2020-01-26,4.55
SVN,Slovenia,2020-02-02,0.1
SVN,Slovenia,2020-02-09,14.24
SVN,Slovenia,2020-02-16,15.43
SVN,Slovenia,2020-02-23,3.39
SVN,Slovenia,2020-03-01,3.1
SVN,Slovenia,2020-03-08,15.6
SVN,Slovenia,2020-03-15,10.07
SVN,Slovenia,2020-03-22,14.19
SVN,Slovenia,2020-03-29,2.17
SVN,Slovenia,2020-04-05,15.49
SVN,Slovenia,2020-04-12,28.55
SVN,Slovenia,2020-04-19,17.77
SVN,Slovenia,2020-04-26,14.58
SVN,Slovenia,2020-05-03,1.21
SVN,Slovenia,2020-05-10,10.67
SVN,Slovenia,2020-05-17,4.41
SVN,Slovenia,2020-05-24,14.42
SVN,Slovenia,2020-05-31,2.31
SVN,Slovenia,2020-06-07,2.43
SVN,Slovenia,2020-06-14,5.49
SVN,Slovenia,2020-06-21,6.83
SVN,Slovenia,2020-06-28,23.85
SVN,Slovenia,2020-07-05,12.08
SVN,Slovenia,2020-07-12,16.78
SVN,Slovenia,2020-07-19,18.77
SVN,Slovenia,2020-07-26,15.2
SVN,Slovenia,2020-08-02,33.39
SVN,Slovenia,2020-08-09,16.58
SVN,Slovenia,2020-08-16,7.84
SVN,Slovenia,2020-08-23,18.4
SVN,Slovenia,2020-08-30,6.33
SVN,Slovenia,2020-09-06,25.44
SVN,Slovenia,2020-09-13,22.76
SVN,Slovenia,2020-09-20,25.8
SVN,Slovenia,2020-09-27,6.42
SVN,Slovenia,2020-10-04,24.4
SVN,Slovenia,2020-10-11,10.69
SVN,Slovenia,2020-10-18,29.93
SVN,Slovenia,2020-10-25,54.12
SVN,Slovenia,2020-11-01,91.46
SVN,Slovenia,2020-11-08,99.05
SVN,Slovenia,2020-11-15,113.59
SVN,Slovenia,2020-11-22,128.15
SVN,Slovenia,2020-11-29,162.79
SVN,Slovenia,2020-12-06,156.7
SVN,Slovenia,2020-12-13,127.21
SVN,Slovenia,2020-12-20,132.49
SVN,Slovenia,2020-12-27,79.62
SVN,Slovenia,2021-01-03,77.07
SVN,Slovenia,2021-01-10,51.52
SVN,Slovenia,2021-01-17,67.63
SVN,Slovenia,2021-01-24,49.43
SVN,Slovenia,2021-01-31,31.82
SVN,Slovenia,2021-02-07,4.3
SVN,Slovenia,2021-02-14,1.61
SVN,Slovenia,2021-02-21,1.71
SVN,Slovenia,2021-02-28,12.73
SVN,Slovenia,2021-03-07,7.27
SVN,Slovenia,2021-03-14,23.26
SVN,Slovenia,2021-03-21,16.29
SVN,Slovenia,2021-03-28,6.76
SVN,Slovenia,2021-04-04,4.19
SVN,Slovenia,2021-04-11,7.88
SVN,Slovenia,2021-04-18,15.84
SWE,Sweden,2020-01-05,-10.78
SWE,Sweden,2020-01-12,-1.94
SWE,Sweden,2020-01-19,-7.27
SWE,Sweden,2020-01-26,-14.8
SWE,Sweden,2020-02-02,-4.62
SWE,Sweden,2020-02-09,-9.06
SWE,Sweden,2020-02-16,-5.52
SWE,Sweden,2020-02-23,-15.45
SWE,Sweden,2020-03-01,-13.64
SWE,Sweden,2020-03-08,-11.12
SWE,Sweden,2020-03-15,-8.23
SWE,Sweden,2020-03-22,3.5
SWE,Sweden,2020-03-29,8.65
SWE,Sweden,2020-04-05,29.04
SWE,Sweden,2020-04-12,50.82
SWE,Sweden,2020-04-19,47.24
SWE,Sweden,2020-04-26,41.43
SWE,Sweden,2020-05-03,41.2
SWE,Sweden,2020-05-10,38.3
SWE,Sweden,2020-05-17,27.84
SWE,Sweden,2020-05-24,26.05
SWE,Sweden,2020-05-31,10.86
SWE,Sweden,2020-06-07,9.69
SWE,Sweden,2020-06-14,10.44
SWE,Sweden,2020-06-21,6.05
SWE,Sweden,2020-06-28,14.5
SWE,Sweden,2020-07-05,-2.4
SWE,Sweden,2020-07-12,-3.96
SWE,Sweden,2020-07-19,-2.53
SWE,Sweden,2020-07-26,5.16
SWE,Sweden,2020-08-02,-10.73
SWE,Sweden,2020-08-09,3.88
SWE,Sweden,2020-08-16,-6.43
SWE,Sweden,2020-08-23,1.67
SWE,Sweden,2020-08-30,-9.09
SWE,Sweden,2020-09-06,-4.73
SWE,Sweden,2020-09-13,0.09
SWE,Sweden,2020-09-20,-5.19
SWE,Sweden,2020-09-27,-0.2
SWE,Sweden,2020-10-04,-8.35
SWE,Sweden,2020-10-11,-9.32
SWE,Sweden,2020-10-18,-2.91
SWE,Sweden,2020-10-25,-5.56
SWE,Sweden,2020-11-01,-0.21
SWE,Sweden,2020-11-08,-4.8
SWE,Sweden,2020-11-15,11.29
SWE,Sweden,2020-11-22,18.45
SWE,Sweden,2020-11-29,18.32
SWE,Sweden,2020-12-06,27.8
SWE,Sweden,2020-12-13,22.33
SWE,Sweden,2020-12-20,27.05
SWE,Sweden,2020-12-27,27.89
SWE,Sweden,2021-01-03,34.87
SWE,Sweden,2021-01-10,17.54
SWE,Sweden,2021-01-17,21.31
SWE,Sweden,2021-01-24,8.73
SWE,Sweden,2021-01-31,12.06
SWE,Sweden,2021-02-07,-3.47
SWE,Sweden,2021-02-14,-2.22
SWE,Sweden,2021-02-21,-6.53
SWE,Sweden,2021-02-28,-16.74
SWE,Sweden,2021-03-07,-28.11
SWE,Sweden,2021-03-14,-10.22
SWE,Sweden,2021-03-21,-21.88
SWE,Sweden,2021-03-28,-12.18
SWE,Sweden,2021-04-04,-16.95
SWE,Sweden,2021-04-11,-11.51
SWE,Sweden,2021-04-18,-14.41
SWE,Sweden,2021-04-25,-15.86
SWE,Sweden,2021-05-02,-13.93
SWE,Sweden,2021-05-09,-6.51
SWE,Sweden,2021-05-16,-6.91
TWN,Taiwan,2020-01-05,10.77
TWN,Taiwan,2020-01-12,7.25
TWN,Taiwan,2020-01-19,4.66
TWN,Taiwan,2020-01-26,6.72
TWN,Taiwan,2020-02-02,10.82
TWN,Taiwan,2020-02-09,13.55
TWN,Taiwan,2020-02-16,7.39
TWN,Taiwan,2020-02-23,10.47
TWN,Taiwan,2020-03-01,-3.4
TWN,Taiwan,2020-03-08,4.46
TWN,Taiwan,2020-03-15,-7.06
TWN,Taiwan,2020-03-22,8.44
TWN,Taiwan,2020-03-29,1.87
TWN,Taiwan,2020-04-05,0.44
TWN,Taiwan,2020-04-12,8.54
TWN,Taiwan,2020-04-19,17.18
TWN,Taiwan,2020-04-26,3.59
TWN,Taiwan,2020-05-03,8.59
TWN,Taiwan,2020-05-10,4.76
TWN,Taiwan,2020-05-17,6.77
TWN,Taiwan,2020-05-24,-5.06
TWN,Taiwan,2020-05-31,8.35
TWN,Taiwan,2020-06-07,5.56
TWN,Taiwan,2020-06-14,1.08
TWN,Taiwan,2020-06-21,6.27
TWN,Taiwan,2020-06-28,6.71
TWN,Taiwan,2020-07-05,4.11
TWN,Taiwan,2020-07-12,0.95
TWN,Taiwan,2020-07-19,4.61
TWN,Taiwan,2020-07-26,7.15
TWN,Taiwan,2020-08-02,-1.6
TWN,Taiwan,2020-08-09,-1.39
TWN,Taiwan,2020-08-16,-4.2
TWN,Taiwan,2020-08-23,3.04
TWN,Taiwan,2020-08-30,2.68
TWN,Taiwan,2020-09-06,2.59
TWN,Taiwan,2020-09-13,8.12
TWN,Taiwan,2020-09-20,8.55
TWN,Taiwan,2020-09-27,5.42
TWN,Taiwan,2020-10-04,2.46
TWN,Taiwan,2020-10-11,2.33
TWN,Taiwan,2020-10-18,10.03
TWN,Taiwan,2020-10-25,8.91
TWN,Taiwan,2020-11-01,12.13
TWN,Taiwan,2020-11-08,5.05
TWN,Taiwan,2020-11-15,9.12
TWN,Taiwan,2020-11-22,16.49
TWN,Taiwan,2020-11-29,7.83
TWN,Taiwan,2020-12-06,5.25
TWN,Taiwan,2020-12-13,7.89
TWN,Taiwan,2020-12-20,6.24
TWN,Taiwan,2020-12-27,11.79
USA,United States,2020-01-05,-4.83
USA,United States,2020-01-12,-6.97
USA,United States,2020-01-19,-7.22
USA,United States,2020-01-26,-6.31
USA,United States,2020-02-02,-3.61
USA,United States,2020-02-09,-2.55
USA,United States,2020-02-16,-3.5
USA,United States,2020-02-23,-1.61
USA,United States,2020-03-01,-0.15
USA,United States,2020-03-08,-0.24
USA,United States,2020-03-15,0.14
USA,United States,2020-03-22,-1.26
USA,United States,2020-03-29,10.82
USA,United States,2020-04-05,27.82
USA,United States,2020-04-12,43.26
USA,United States,2020-04-19,46.3
USA,United States,2020-04-26,43.68
USA,United States,2020-05-03,33.96
USA,United States,2020-05-10,27.03
USA,United States,2020-05-17,25.18
USA,United States,2020-05-24,17.56
USA,United States,2020-05-31,13.37
USA,United States,2020-06-07,8.79
USA,United States,2020-06-14,7.69
USA,United States,2020-06-21,7.4
USA,United States,2020-06-28,10.44
USA,United States,2020-07-05,11.56
USA,United States,2020-07-12,13.75
USA,United States,2020-07-19,18.86
USA,United States,2020-07-26,19.77
USA,United States,2020-08-02,19.83
USA,United States,2020-08-09,18.18
USA,United States,2020-08-16,19.23
USA,United States,2020-08-23,19.49
USA,United States,2020-08-30,16.81
USA,United States,2020-09-06,13.4
USA,United States,2020-09-13,10.92
USA,United States,2020-09-20,11.31
USA,United States,2020-09-27,14.59
USA,United States,2020-10-04,10.91
USA,United States,2020-10-11,13.0
USA,United States,2020-10-18,10.46
USA,United States,2020-10-25,14.47
USA,United States,2020-11-01,14.78
USA,United States,2020-11-08,22.98
USA,United States,2020-11-15,23.62
USA,United States,2020-11-22,29.55
USA,United States,2020-11-29,33.37
USA,United States,2020-12-06,37.98
USA,United States,2020-12-13,44.55
USA,United States,2020-12-20,43.53
USA,United States,2020-12-27,43.26
USA,United States,2021-01-03,45.54
USA,United States,2021-01-10,33.07
USA,United States,2021-01-17,27.34
USA,United States,2021-01-24,22.42
USA,United States,2021-01-31,19.37
USA,United States,2021-02-07,13.09
USA,United States,2021-02-14,3.8
USA,United States,2021-02-21,2.19
USA,United States,2021-02-28,-1.18
USA,United States,2021-03-07,-6.06
USA,United States,2021-03-14,-8.23
USA,United States,2021-03-21,-9.47
USA,United States,2021-03-28,-9.88
USA,United States,2021-04-04,-12.03
USA,United States,2021-04-11,-8.14
USA,United States,2021-04-18,-10.67
USA,United States,2021-04-25,-8.16
