iso_code,country,date,owid_weekly_excess_mortality_p_score
ALB,Albania,2020-01-31,-10.27
ALB,Albania,2020-02-29,4.33
ALB,Albania,2020-03-31,1.52
ALB,Albania,2020-04-30,5.62
ALB,Albania,2020-05-31,6.31
ALB,Albania,2020-06-30,8.2
ALB,Albania,2020-07-31,27.11
ALB,Albania,2020-08-31,44.5
ALB,Albania,2020-09-30,30.18
ALB,Albania,2020-10-31,42.13
ALB,Albania,2020-11-30,117.34
ALB,Albania,2020-12-31,52.93
ARM,Armenia,2020-01-31,-5.89
ARM,Armenia,2020-02-29,2.26
ARM,Armenia,2020-03-31,-6.6
ARM,Armenia,2020-04-30,-2.9
ARM,Armenia,2020-05-31,-6.72
ARM,Armenia,2020-06-30,38.05
ARM,Armenia,2020-07-31,26.37
ARM,Armenia,2020-08-31,1.09
ARM,Armenia,2020-09-30,12.72
ARM,Armenia,2020-10-31,71.71
ARM,Armenia,2020-11-30,161.57
ARM,Armenia,2020-12-31,78.76
ARM,Armenia,2021-01-31,20.8
AUS,Australia,2020-01-05,1.39
AUS,Australia,2020-01-12,0.95
AUS,Australia,2020-01-19,2.26
AUS,Australia,2020-01-26,5.12
AUS,Australia,2020-02-02,3.32
AUS,Australia,2020-02-09,4.42
AUS,Australia,2020-02-16,6.18
AUS,Australia,2020-02-23,4.53
AUS,Australia,2020-03-01,4.92
AUS,Australia,2020-03-08,4.67
AUS,Australia,2020-03-15,4.62
AUS,Australia,2020-03-22,7.28
AUS,Australia,2020-03-29,12.13
AUS,Australia,2020-04-05,11.31
AUS,Australia,2020-04-12,6.36
AUS,Australia,2020-04-19,2.95
AUS,Australia,2020-04-26,5.75
AUS,Australia,2020-05-03,3.18
AUS,Australia,2020-05-10,2.64
AUS,Australia,2020-05-17,-0.76
AUS,Australia,2020-05-24,-0.69
AUS,Australia,2020-05-31,-1.66
AUS,Australia,2020-06-07,-5.23
AUS,Australia,2020-06-14,-3.66
AUS,Australia,2020-06-21,-7.5
AUS,Australia,2020-06-28,-6.39
AUS,Australia,2020-07-05,-6.71
AUS,Australia,2020-07-12,-5.7
AUS,Australia,2020-07-19,-10.72
AUS,Australia,2020-07-26,0.01
AUS,Australia,2020-08-02,-5.84
AUS,Australia,2020-08-09,-0.7
AUS,Australia,2020-08-16,-0.99
AUS,Australia,2020-08-23,-8.0
AUS,Australia,2020-08-30,-8.37
AUS,Australia,2020-09-06,-4.72
AUS,Australia,2020-09-13,-6.67
AUS,Australia,2020-09-20,-4.05
AUS,Australia,2020-09-27,-2.82
AUS,Australia,2020-10-04,-2.18
AUS,Australia,2020-10-11,-4.11
AUS,Australia,2020-10-18,-4.49
AUS,Australia,2020-10-25,-1.52
AUS,Australia,2020-11-01,2.06
AUS,Australia,2020-11-08,1.08
AUS,Australia,2020-11-15,4.83
AUS,Australia,2020-11-22,0.34
AUS,Australia,2020-11-29,0.46
AUS,Australia,2020-12-06,4.23
AUS,Australia,2020-12-13,3.08
AUS,Australia,2020-12-20,3.86
AUS,Australia,2020-12-27,2.16
AUT,Austria,2020-01-05,-10.78
AUT,Austria,2020-01-12,-8.35
AUT,Austria,2020-01-19,0.59
AUT,Austria,2020-01-26,1.83
AUT,Austria,2020-02-02,7.06
AUT,Austria,2020-02-09,-8.43
AUT,Austria,2020-02-16,-5.06
AUT,Austria,2020-02-23,-5.65
AUT,Austria,2020-03-01,-2.62
AUT,Austria,2020-03-08,-0.55
AUT,Austria,2020-03-15,0.39
AUT,Austria,2020-03-22,14.89
AUT,Austria,2020-03-29,7.24
AUT,Austria,2020-04-05,15.3
AUT,Austria,2020-04-12,15.96
AUT,Austria,2020-04-19,11.86
AUT,Austria,2020-04-26,8.01
AUT,Austria,2020-05-03,1.05
AUT,Austria,2020-05-10,5.6
AUT,Austria,2020-05-17,1.78
AUT,Austria,2020-05-24,4.18
AUT,Austria,2020-05-31,0.25
AUT,Austria,2020-06-07,5.49
AUT,Austria,2020-06-14,1.22
AUT,Austria,2020-06-21,0.38
AUT,Austria,2020-06-28,2.73
AUT,Austria,2020-07-05,8.77
AUT,Austria,2020-07-12,0.41
AUT,Austria,2020-07-19,-1.82
AUT,Austria,2020-07-26,-2.47
AUT,Austria,2020-08-02,1.48
AUT,Austria,2020-08-09,0.48
AUT,Austria,2020-08-16,10.02
AUT,Austria,2020-08-23,3.01
AUT,Austria,2020-08-30,5.13
AUT,Austria,2020-09-06,10.59
AUT,Austria,2020-09-13,10.05
AUT,Austria,2020-09-20,10.26
AUT,Austria,2020-09-27,4.1
AUT,Austria,2020-10-04,5.07
AUT,Austria,2020-10-11,6.91
AUT,Austria,2020-10-18,7.56
AUT,Austria,2020-10-25,17.96
AUT,Austria,2020-11-01,25.31
AUT,Austria,2020-11-08,32.9
AUT,Austria,2020-11-15,47.32
AUT,Austria,2020-11-22,56.96
AUT,Austria,2020-11-29,57.94
AUT,Austria,2020-12-06,59.08
AUT,Austria,2020-12-13,54.28
AUT,Austria,2020-12-20,36.91
AUT,Austria,2020-12-27,22.81
AUT,Austria,2021-01-03,15.49
AUT,Austria,2021-01-10,8.24
AUT,Austria,2021-01-17,5.44
AUT,Austria,2021-01-24,12.35
AUT,Austria,2021-01-31,11.51
AUT,Austria,2021-02-07,2.55
AUT,Austria,2021-02-14,-4.29
AUT,Austria,2021-02-21,-5.45
AUT,Austria,2021-02-28,-8.78
AUT,Austria,2021-03-07,-13.09
AUT,Austria,2021-03-14,-0.55
AUT,Austria,2021-03-21,-0.26
AZE,Azerbaijan,2020-01-31,-4.77
AZE,Azerbaijan,2020-02-29,0.81
AZE,Azerbaijan,2020-03-31,23.09
AZE,Azerbaijan,2020-04-30,-11.46
AZE,Azerbaijan,2020-05-31,-9.38
AZE,Azerbaijan,2020-06-30,50.43
AZE,Azerbaijan,2020-07-31,29.42
AZE,Azerbaijan,2020-08-31,9.54
AZE,Azerbaijan,2020-09-30,9.24
AZE,Azerbaijan,2020-10-31,27.87
AZE,Azerbaijan,2020-11-30,79.99
AZE,Azerbaijan,2020-12-31,196.18
BEL,Belgium,2020-01-05,-6.25
BEL,Belgium,2020-01-12,-1.14
BEL,Belgium,2020-01-19,-4.0
BEL,Belgium,2020-01-26,-8.56
BEL,Belgium,2020-02-02,-5.42
BEL,Belgium,2020-02-09,-12.39
BEL,Belgium,2020-02-16,-7.91
BEL,Belgium,2020-02-23,-6.79
BEL,Belgium,2020-03-01,-11.15
BEL,Belgium,2020-03-08,-9.41
BEL,Belgium,2020-03-15,-3.82
BEL,Belgium,2020-03-22,10.8
BEL,Belgium,2020-03-29,44.47
BEL,Belgium,2020-04-05,90.74
BEL,Belgium,2020-04-12,105.66
BEL,Belgium,2020-04-19,81.44
BEL,Belgium,2020-04-26,50.43
BEL,Belgium,2020-05-03,21.01
BEL,Belgium,2020-05-10,18.07
BEL,Belgium,2020-05-17,3.47
BEL,Belgium,2020-05-24,6.03
BEL,Belgium,2020-05-31,3.14
BEL,Belgium,2020-06-07,-3.51
BEL,Belgium,2020-06-14,2.39
BEL,Belgium,2020-06-21,-5.13
BEL,Belgium,2020-06-28,4.01
BEL,Belgium,2020-07-05,-12.37
BEL,Belgium,2020-07-12,-8.74
BEL,Belgium,2020-07-19,-2.25
BEL,Belgium,2020-07-26,-8.86
BEL,Belgium,2020-08-02,3.9
BEL,Belgium,2020-08-09,9.2
BEL,Belgium,2020-08-16,55.62
BEL,Belgium,2020-08-23,16.94
BEL,Belgium,2020-08-30,-1.31
BEL,Belgium,2020-09-06,3.03
BEL,Belgium,2020-09-13,-2.17
BEL,Belgium,2020-09-20,6.86
BEL,Belgium,2020-09-27,1.38
BEL,Belgium,2020-10-04,-1.98
BEL,Belgium,2020-10-11,2.72
BEL,Belgium,2020-10-18,7.83
BEL,Belgium,2020-10-25,32.09
BEL,Belgium,2020-11-01,66.03
BEL,Belgium,2020-11-08,84.34
BEL,Belgium,2020-11-15,68.44
BEL,Belgium,2020-11-22,51.51
BEL,Belgium,2020-11-29,37.91
BEL,Belgium,2020-12-06,25.01
BEL,Belgium,2020-12-13,25.48
BEL,Belgium,2020-12-20,21.92
BEL,Belgium,2020-12-27,17.03
BEL,Belgium,2021-01-03,9.49
BEL,Belgium,2021-01-10,3.2
BEL,Belgium,2021-01-17,-1.38
BEL,Belgium,2021-01-24,0.46
BEL,Belgium,2021-01-31,0.31
BEL,Belgium,2021-02-07,-9.6
BEL,Belgium,2021-02-14,-10.83
BEL,Belgium,2021-02-21,-8.54
BEL,Belgium,2021-02-28,-14.34
BEL,Belgium,2021-03-07,-21.6
BEL,Belgium,2021-03-14,-13.65
BGR,Bulgaria,2020-01-05,-18.32
BGR,Bulgaria,2020-01-12,-11.47
BGR,Bulgaria,2020-01-19,-13.59
BGR,Bulgaria,2020-01-26,-4.59
BGR,Bulgaria,2020-02-02,-0.89
BGR,Bulgaria,2020-02-09,1.56
BGR,Bulgaria,2020-02-16,0.67
BGR,Bulgaria,2020-02-23,-5.58
BGR,Bulgaria,2020-03-01,-4.27
BGR,Bulgaria,2020-03-08,-9.64
BGR,Bulgaria,2020-03-15,-5.85
BGR,Bulgaria,2020-03-22,-5.46
BGR,Bulgaria,2020-03-29,-2.88
BGR,Bulgaria,2020-04-05,-4.24
BGR,Bulgaria,2020-04-12,-2.15
BGR,Bulgaria,2020-04-19,-2.04
BGR,Bulgaria,2020-04-26,-3.51
BGR,Bulgaria,2020-05-03,-6.06
BGR,Bulgaria,2020-05-10,-5.74
BGR,Bulgaria,2020-05-17,5.91
BGR,Bulgaria,2020-05-24,-3.81
BGR,Bulgaria,2020-05-31,-7.92
BGR,Bulgaria,2020-06-07,0.14
BGR,Bulgaria,2020-06-14,0.8
BGR,Bulgaria,2020-06-21,-1.63
BGR,Bulgaria,2020-06-28,-2.75
BGR,Bulgaria,2020-07-05,12.6
BGR,Bulgaria,2020-07-12,5.27
BGR,Bulgaria,2020-07-19,-1.39
BGR,Bulgaria,2020-07-26,0.72
BGR,Bulgaria,2020-08-02,10.17
BGR,Bulgaria,2020-08-09,6.49
BGR,Bulgaria,2020-08-16,6.17
BGR,Bulgaria,2020-08-23,4.26
BGR,Bulgaria,2020-08-30,6.43
BGR,Bulgaria,2020-09-06,7.28
BGR,Bulgaria,2020-09-13,5.16
BGR,Bulgaria,2020-09-20,2.02
BGR,Bulgaria,2020-09-27,2.19
BGR,Bulgaria,2020-10-04,1.95
BGR,Bulgaria,2020-10-11,4.9
BGR,Bulgaria,2020-10-18,4.82
BGR,Bulgaria,2020-10-25,15.58
BGR,Bulgaria,2020-11-01,30.91
BGR,Bulgaria,2020-11-08,53.79
BGR,Bulgaria,2020-11-15,85.81
BGR,Bulgaria,2020-11-22,111.61
BGR,Bulgaria,2020-11-29,125.45
BGR,Bulgaria,2020-12-06,120.47
BGR,Bulgaria,2020-12-13,99.11
BGR,Bulgaria,2020-12-20,77.26
BGR,Bulgaria,2020-12-27,37.57
BGR,Bulgaria,2021-01-03,25.01
BGR,Bulgaria,2021-01-10,-0.37
BGR,Bulgaria,2021-01-17,-4.87
BGR,Bulgaria,2021-01-24,-1.72
BGR,Bulgaria,2021-01-31,-3.72
BGR,Bulgaria,2021-02-07,-5.64
BGR,Bulgaria,2021-02-14,-0.08
BGR,Bulgaria,2021-02-21,5.81
BGR,Bulgaria,2021-02-28,9.98
BGR,Bulgaria,2021-03-07,17.3
BGR,Bulgaria,2021-03-14,30.01
BGR,Bulgaria,2021-03-21,49.59
BLR,Belarus,2020-01-31,-6.3
BLR,Belarus,2020-02-29,-2.74
BLR,Belarus,2020-03-31,-0.83
BLR,Belarus,2020-04-30,6.33
BLR,Belarus,2020-05-31,16.4
BLR,Belarus,2020-06-30,39.56
BOL,Bolivia,2020-01-31,9.22
BOL,Bolivia,2020-02-29,11.02
BOL,Bolivia,2020-03-31,-3.5
BOL,Bolivia,2020-04-30,-100.0
BOL,Bolivia,2020-05-31,-14.93
BOL,Bolivia,2020-06-30,93.05
BOL,Bolivia,2020-07-31,274.7
BOL,Bolivia,2020-08-31,174.62
BOL,Bolivia,2020-09-30,73.47
BOL,Bolivia,2020-10-31,30.61
BOL,Bolivia,2020-11-30,21.7
BOL,Bolivia,2020-12-31,21.95
BOL,Bolivia,2021-01-31,107.44
BRA,Brazil,2020-01-31,5.13
BRA,Brazil,2020-02-29,8.99
BRA,Brazil,2020-03-31,9.76
BRA,Brazil,2020-04-30,14.6
BRA,Brazil,2020-05-31,33.35
BRA,Brazil,2020-06-30,29.45
BRA,Brazil,2020-07-31,28.69
BRA,Brazil,2020-08-31,27.93
BRA,Brazil,2020-09-30,29.36
BRA,Brazil,2020-10-31,24.0
BRA,Brazil,2020-11-30,22.33
BRA,Brazil,2020-12-31,30.93
BRA,Brazil,2021-01-31,37.26
BRA,Brazil,2021-02-28,38.51
BRA,Brazil,2021-03-31,70.1
CAN,Canada,2020-01-05,1.62
CAN,Canada,2020-01-12,1.63
CAN,Canada,2020-01-19,1.19
CAN,Canada,2020-01-26,3.69
CAN,Canada,2020-02-02,0.59
CAN,Canada,2020-02-09,2.16
CAN,Canada,2020-02-16,-0.61
CAN,Canada,2020-02-23,-1.03
CAN,Canada,2020-03-01,1.99
CAN,Canada,2020-03-08,2.4
CAN,Canada,2020-03-15,2.53
CAN,Canada,2020-03-22,6.12
CAN,Canada,2020-03-29,7.98
CAN,Canada,2020-04-05,17.02
CAN,Canada,2020-04-12,22.46
CAN,Canada,2020-04-19,24.24
CAN,Canada,2020-04-26,31.26
CAN,Canada,2020-05-03,29.47
CAN,Canada,2020-05-10,23.72
CAN,Canada,2020-05-17,20.44
CAN,Canada,2020-05-24,16.36
CAN,Canada,2020-05-31,18.9
CAN,Canada,2020-06-07,12.19
CAN,Canada,2020-06-14,5.41
CAN,Canada,2020-06-21,8.09
CAN,Canada,2020-06-28,7.99
CAN,Canada,2020-07-05,4.59
CAN,Canada,2020-07-12,9.97
CAN,Canada,2020-07-19,8.8
CAN,Canada,2020-07-26,6.99
CAN,Canada,2020-08-02,8.46
CAN,Canada,2020-08-09,7.86
CAN,Canada,2020-08-16,11.43
CAN,Canada,2020-08-23,12.26
CAN,Canada,2020-08-30,6.79
CAN,Canada,2020-09-06,10.94
CAN,Canada,2020-09-13,7.86
CAN,Canada,2020-09-20,9.8
CAN,Canada,2020-09-27,13.21
CAN,Canada,2020-10-04,9.36
CAN,Canada,2020-10-11,11.31
CAN,Canada,2020-10-18,9.3
CAN,Canada,2020-10-25,10.1
CAN,Canada,2020-11-01,11.02
CAN,Canada,2020-11-08,18.34
CAN,Canada,2020-11-15,15.64
CAN,Canada,2020-11-22,13.07
CAN,Canada,2020-11-29,10.98
CAN,Canada,2020-12-06,13.36
CAN,Canada,2020-12-13,14.36
CHE,Switzerland,2020-01-05,-10.53
CHE,Switzerland,2020-01-12,-7.68
CHE,Switzerland,2020-01-19,-4.77
CHE,Switzerland,2020-01-26,-2.85
CHE,Switzerland,2020-02-02,-2.79
CHE,Switzerland,2020-02-09,-7.06
CHE,Switzerland,2020-02-16,-8.2
CHE,Switzerland,2020-02-23,-9.22
CHE,Switzerland,2020-03-01,-11.33
CHE,Switzerland,2020-03-08,-6.23
CHE,Switzerland,2020-03-15,0.55
CHE,Switzerland,2020-03-22,14.2
CHE,Switzerland,2020-03-29,27.05
CHE,Switzerland,2020-04-05,44.56
CHE,Switzerland,2020-04-12,33.34
CHE,Switzerland,2020-04-19,28.32
CHE,Switzerland,2020-04-26,14.88
CHE,Switzerland,2020-05-03,1.81
CHE,Switzerland,2020-05-10,-1.0
CHE,Switzerland,2020-05-17,-1.79
CHE,Switzerland,2020-05-24,-1.42
CHE,Switzerland,2020-05-31,-4.65
CHE,Switzerland,2020-06-07,0.74
CHE,Switzerland,2020-06-14,1.19
CHE,Switzerland,2020-06-21,-2.13
CHE,Switzerland,2020-06-28,-0.99
CHE,Switzerland,2020-07-05,-0.92
CHE,Switzerland,2020-07-12,-0.71
CHE,Switzerland,2020-07-19,-8.84
CHE,Switzerland,2020-07-26,-2.99
CHE,Switzerland,2020-08-02,9.29
CHE,Switzerland,2020-08-09,0.62
CHE,Switzerland,2020-08-16,5.71
CHE,Switzerland,2020-08-23,3.53
CHE,Switzerland,2020-08-30,0.67
CHE,Switzerland,2020-09-06,-0.05
CHE,Switzerland,2020-09-13,5.59
CHE,Switzerland,2020-09-20,2.76
CHE,Switzerland,2020-09-27,2.94
CHE,Switzerland,2020-10-04,-0.96
CHE,Switzerland,2020-10-11,7.27
CHE,Switzerland,2020-10-18,3.68
CHE,Switzerland,2020-10-25,20.58
CHE,Switzerland,2020-11-01,35.61
CHE,Switzerland,2020-11-08,64.28
CHE,Switzerland,2020-11-15,67.34
CHE,Switzerland,2020-11-22,68.91
CHE,Switzerland,2020-11-29,58.81
CHE,Switzerland,2020-12-06,64.82
CHE,Switzerland,2020-12-13,67.12
CHE,Switzerland,2020-12-20,59.93
CHE,Switzerland,2020-12-27,52.61
CHE,Switzerland,2021-01-03,42.88
CHE,Switzerland,2021-01-10,27.4
CHE,Switzerland,2021-01-17,19.15
CHE,Switzerland,2021-01-24,16.52
CHE,Switzerland,2021-01-31,8.26
CHE,Switzerland,2021-02-07,-4.43
CHE,Switzerland,2021-02-14,-8.66
CHE,Switzerland,2021-02-21,-16.77
CHE,Switzerland,2021-02-28,-17.04
CHE,Switzerland,2021-03-07,-21.72
CHE,Switzerland,2021-03-14,-21.37
CHL,Chile,2020-01-05,8.22
CHL,Chile,2020-01-12,11.21
CHL,Chile,2020-01-19,8.44
CHL,Chile,2020-01-26,2.59
CHL,Chile,2020-02-02,2.76
CHL,Chile,2020-02-09,8.33
CHL,Chile,2020-02-16,4.05
CHL,Chile,2020-02-23,0.93
CHL,Chile,2020-03-01,5.53
CHL,Chile,2020-03-08,5.29
CHL,Chile,2020-03-15,7.33
CHL,Chile,2020-03-22,10.95
CHL,Chile,2020-03-29,8.75
CHL,Chile,2020-04-05,10.11
CHL,Chile,2020-04-12,2.92
CHL,Chile,2020-04-19,9.21
CHL,Chile,2020-04-26,5.48
CHL,Chile,2020-05-03,5.15
CHL,Chile,2020-05-10,19.55
CHL,Chile,2020-05-17,19.48
CHL,Chile,2020-05-24,34.59
CHL,Chile,2020-05-31,53.56
CHL,Chile,2020-06-07,68.62
CHL,Chile,2020-06-14,64.8
CHL,Chile,2020-06-21,53.75
CHL,Chile,2020-06-28,44.04
CHL,Chile,2020-07-05,28.41
CHL,Chile,2020-07-12,25.6
CHL,Chile,2020-07-19,16.01
CHL,Chile,2020-07-26,13.79
CHL,Chile,2020-08-02,13.13
CHL,Chile,2020-08-09,10.44
CHL,Chile,2020-08-16,8.21
CHL,Chile,2020-08-23,16.67
CHL,Chile,2020-08-30,14.99
CHL,Chile,2020-09-06,8.12
CHL,Chile,2020-09-13,11.57
CHL,Chile,2020-09-20,8.37
CHL,Chile,2020-09-27,11.24
CHL,Chile,2020-10-04,13.01
CHL,Chile,2020-10-11,19.38
CHL,Chile,2020-10-18,16.41
CHL,Chile,2020-10-25,17.51
CHL,Chile,2020-11-01,16.69
CHL,Chile,2020-11-08,15.01
CHL,Chile,2020-11-15,11.7
CHL,Chile,2020-11-22,12.42
CHL,Chile,2020-11-29,16.11
CHL,Chile,2020-12-06,17.5
CHL,Chile,2020-12-13,15.69
CHL,Chile,2020-12-20,14.68
CHL,Chile,2020-12-27,28.36
CHL,Chile,2021-01-03,25.39
CHL,Chile,2021-01-10,26.22
CHL,Chile,2021-01-17,31.91
CHL,Chile,2021-01-24,42.3
CHL,Chile,2021-01-31,33.23
CHL,Chile,2021-02-07,36.67
CHL,Chile,2021-02-14,36.05
CHL,Chile,2021-02-21,35.82
CHL,Chile,2021-02-28,37.6
CHL,Chile,2021-03-07,47.65
CHL,Chile,2021-03-14,46.4
CHL,Chile,2021-03-21,32.94
COL,Colombia,2020-01-05,5.66
COL,Colombia,2020-01-12,9.53
COL,Colombia,2020-01-19,7.01
COL,Colombia,2020-01-26,7.35
COL,Colombia,2020-02-02,5.31
COL,Colombia,2020-02-09,9.14
COL,Colombia,2020-02-16,10.25
COL,Colombia,2020-02-23,10.44
COL,Colombia,2020-03-01,5.38
COL,Colombia,2020-03-08,4.9
COL,Colombia,2020-03-15,1.89
COL,Colombia,2020-03-22,4.12
COL,Colombia,2020-03-29,0.15
COL,Colombia,2020-04-05,-2.59
COL,Colombia,2020-04-12,-0.59
COL,Colombia,2020-04-19,1.37
COL,Colombia,2020-04-26,1.06
COL,Colombia,2020-05-03,-1.97
COL,Colombia,2020-05-10,1.46
COL,Colombia,2020-05-17,0.78
COL,Colombia,2020-05-24,4.06
COL,Colombia,2020-05-31,4.88
COL,Colombia,2020-06-07,12.4
COL,Colombia,2020-06-14,17.35
COL,Colombia,2020-06-21,25.85
COL,Colombia,2020-06-28,32.45
COL,Colombia,2020-07-05,35.01
COL,Colombia,2020-07-12,47.17
COL,Colombia,2020-07-19,62.55
COL,Colombia,2020-07-26,76.37
COL,Colombia,2020-08-02,83.35
COL,Colombia,2020-08-09,75.56
COL,Colombia,2020-08-16,71.71
COL,Colombia,2020-08-23,63.15
COL,Colombia,2020-08-30,54.21
COL,Colombia,2020-09-06,49.5
COL,Colombia,2020-09-13,46.75
COL,Colombia,2020-09-20,41.05
COL,Colombia,2020-09-27,43.41
COL,Colombia,2020-10-04,37.98
COL,Colombia,2020-10-11,41.11
COL,Colombia,2020-10-18,42.08
COL,Colombia,2020-10-25,47.0
COL,Colombia,2020-11-01,38.14
COL,Colombia,2020-11-08,41.06
COL,Colombia,2020-11-15,37.68
COL,Colombia,2020-11-22,39.67
COL,Colombia,2020-11-29,38.07
COL,Colombia,2020-12-06,33.51
COL,Colombia,2020-12-13,42.2
COL,Colombia,2020-12-20,42.33
COL,Colombia,2020-12-27,47.47
COL,Colombia,2021-01-03,59.32
COL,Colombia,2021-01-10,60.58
COL,Colombia,2021-01-17,78.05
CRI,Costa Rica,2020-01-31,6.81
CRI,Costa Rica,2020-02-29,13.52
CRI,Costa Rica,2020-03-31,6.87
CRI,Costa Rica,2020-04-30,2.56
CRI,Costa Rica,2020-05-31,-2.35
CRI,Costa Rica,2020-06-30,-2.87
CRI,Costa Rica,2020-07-31,8.4
CRI,Costa Rica,2020-08-31,18.25
CRI,Costa Rica,2020-09-30,35.35
CRI,Costa Rica,2020-10-31,26.34
CRI,Costa Rica,2020-11-30,17.96
CRI,Costa Rica,2020-12-31,34.71
CYP,Cyprus,2020-01-05,16.21
CYP,Cyprus,2020-01-12,10.64
CYP,Cyprus,2020-01-19,19.53
CYP,Cyprus,2020-01-26,7.68
CYP,Cyprus,2020-02-02,14.44
CYP,Cyprus,2020-02-09,-4.19
CYP,Cyprus,2020-02-16,-16.67
CYP,Cyprus,2020-02-23,11.96
CYP,Cyprus,2020-03-01,3.09
CYP,Cyprus,2020-03-08,-4.8
CYP,Cyprus,2020-03-15,5.35
CYP,Cyprus,2020-03-22,14.82
CYP,Cyprus,2020-03-29,21.24
CYP,Cyprus,2020-04-05,14.36
CYP,Cyprus,2020-04-12,-3.2
CYP,Cyprus,2020-04-19,8.58
CYP,Cyprus,2020-04-26,-0.68
CYP,Cyprus,2020-05-03,5.03
CYP,Cyprus,2020-05-10,8.74
CYP,Cyprus,2020-05-17,44.63
CYP,Cyprus,2020-05-24,71.32
CYP,Cyprus,2020-05-31,6.3
CYP,Cyprus,2020-06-07,32.7
CYP,Cyprus,2020-06-14,3.75
CYP,Cyprus,2020-06-21,-3.17
CYP,Cyprus,2020-06-28,4.54
CYP,Cyprus,2020-07-05,12.22
CYP,Cyprus,2020-07-12,-3.51
CYP,Cyprus,2020-07-19,7.29
CYP,Cyprus,2020-07-26,15.69
CYP,Cyprus,2020-08-02,10.89
CYP,Cyprus,2020-08-09,-16.82
CYP,Cyprus,2020-08-16,7.61
CYP,Cyprus,2020-08-23,8.35
CYP,Cyprus,2020-08-30,2.61
CYP,Cyprus,2020-09-06,-2.06
CYP,Cyprus,2020-09-13,17.87
CYP,Cyprus,2020-09-20,4.17
CYP,Cyprus,2020-09-27,3.27
CYP,Cyprus,2020-10-04,15.54
CYP,Cyprus,2020-10-11,5.21
CYP,Cyprus,2020-10-18,10.89
CYP,Cyprus,2020-10-25,20.12
CYP,Cyprus,2020-11-01,3.38
CYP,Cyprus,2020-11-08,12.77
CYP,Cyprus,2020-11-15,12.37
CYP,Cyprus,2020-11-22,6.18
CYP,Cyprus,2020-11-29,13.87
CYP,Cyprus,2020-12-06,18.1
CYP,Cyprus,2020-12-13,35.33
CYP,Cyprus,2020-12-20,16.97
CYP,Cyprus,2020-12-27,14.19
CYP,Cyprus,2021-01-03,37.85
CYP,Cyprus,2021-01-10,27.68
CYP,Cyprus,2021-01-17,-13.87
CYP,Cyprus,2021-01-24,-0.87
CYP,Cyprus,2021-01-31,11.8
CYP,Cyprus,2021-02-07,-2.59
CZE,Czech Republic,2020-01-05,-2.55
CZE,Czech Republic,2020-01-12,-0.88
CZE,Czech Republic,2020-01-19,-6.03
CZE,Czech Republic,2020-01-26,-2.06
CZE,Czech Republic,2020-02-02,-1.52
CZE,Czech Republic,2020-02-09,-4.6
CZE,Czech Republic,2020-02-16,-4.32
CZE,Czech Republic,2020-02-23,-6.16
CZE,Czech Republic,2020-03-01,-4.29
CZE,Czech Republic,2020-03-08,-4.94
CZE,Czech Republic,2020-03-15,-1.24
CZE,Czech Republic,2020-03-22,2.57
CZE,Czech Republic,2020-03-29,4.32
CZE,Czech Republic,2020-04-05,7.41
CZE,Czech Republic,2020-04-12,5.79
CZE,Czech Republic,2020-04-19,3.0
CZE,Czech Republic,2020-04-26,-3.75
CZE,Czech Republic,2020-05-03,4.17
CZE,Czech Republic,2020-05-10,-1.23
CZE,Czech Republic,2020-05-17,2.34
CZE,Czech Republic,2020-05-24,-3.4
CZE,Czech Republic,2020-05-31,-5.02
CZE,Czech Republic,2020-06-07,9.18
CZE,Czech Republic,2020-06-14,1.31
CZE,Czech Republic,2020-06-21,4.0
CZE,Czech Republic,2020-06-28,6.06
CZE,Czech Republic,2020-07-05,6.52
CZE,Czech Republic,2020-07-12,0.4
CZE,Czech Republic,2020-07-19,-0.14
CZE,Czech Republic,2020-07-26,2.81
CZE,Czech Republic,2020-08-02,9.59
CZE,Czech Republic,2020-08-09,7.14
CZE,Czech Republic,2020-08-16,6.42
CZE,Czech Republic,2020-08-23,7.19
CZE,Czech Republic,2020-08-30,3.97
CZE,Czech Republic,2020-09-06,4.24
CZE,Czech Republic,2020-09-13,6.42
CZE,Czech Republic,2020-09-20,11.83
CZE,Czech Republic,2020-09-27,18.37
CZE,Czech Republic,2020-10-04,13.38
CZE,Czech Republic,2020-10-11,23.68
CZE,Czech Republic,2020-10-18,42.37
CZE,Czech Republic,2020-10-25,75.29
CZE,Czech Republic,2020-11-01,105.16
CZE,Czech Republic,2020-11-08,107.92
CZE,Czech Republic,2020-11-15,84.89
CZE,Czech Republic,2020-11-22,63.83
CZE,Czech Republic,2020-11-29,51.59
CZE,Czech Republic,2020-12-06,46.42
CZE,Czech Republic,2020-12-13,43.64
CZE,Czech Republic,2020-12-20,45.94
CZE,Czech Republic,2020-12-27,43.02
CZE,Czech Republic,2021-01-03,55.29
CZE,Czech Republic,2021-01-10,59.72
CZE,Czech Republic,2021-01-17,58.11
CZE,Czech Republic,2021-01-24,48.14
CZE,Czech Republic,2021-01-31,41.35
CZE,Czech Republic,2021-02-07,33.94
CZE,Czech Republic,2021-02-14,36.27
CZE,Czech Republic,2021-02-21,35.77
DEU,Germany,2020-01-05,-2.33
DEU,Germany,2020-01-12,-0.92
DEU,Germany,2020-01-19,-1.87
DEU,Germany,2020-01-26,-4.62
DEU,Germany,2020-02-02,-2.7
DEU,Germany,2020-02-09,-6.38
DEU,Germany,2020-02-16,-4.74
DEU,Germany,2020-02-23,-9.67
DEU,Germany,2020-03-01,-9.47
DEU,Germany,2020-03-08,-7.74
DEU,Germany,2020-03-15,-2.72
DEU,Germany,2020-03-22,0.95
DEU,Germany,2020-03-29,4.01
DEU,Germany,2020-04-05,11.67
DEU,Germany,2020-04-12,14.58
DEU,Germany,2020-04-19,11.01
DEU,Germany,2020-04-26,6.56
DEU,Germany,2020-05-03,5.56
DEU,Germany,2020-05-10,1.81
DEU,Germany,2020-05-17,0.75
DEU,Germany,2020-05-24,3.52
DEU,Germany,2020-05-31,-0.2
DEU,Germany,2020-06-07,4.93
DEU,Germany,2020-06-14,4.01
DEU,Germany,2020-06-21,-0.93
DEU,Germany,2020-06-28,4.4
DEU,Germany,2020-07-05,-0.06
DEU,Germany,2020-07-12,0.77
DEU,Germany,2020-07-19,-1.51
DEU,Germany,2020-07-26,-3.64
DEU,Germany,2020-08-02,0.45
DEU,Germany,2020-08-09,5.51
DEU,Germany,2020-08-16,20.75
DEU,Germany,2020-08-23,6.57
DEU,Germany,2020-08-30,1.16
DEU,Germany,2020-09-06,4.26
DEU,Germany,2020-09-13,5.05
DEU,Germany,2020-09-20,7.51
DEU,Germany,2020-09-27,4.72
DEU,Germany,2020-10-04,5.75
DEU,Germany,2020-10-11,0.43
DEU,Germany,2020-10-18,2.71
DEU,Germany,2020-10-25,8.29
DEU,Germany,2020-11-01,8.06
DEU,Germany,2020-11-08,7.94
DEU,Germany,2020-11-15,10.84
DEU,Germany,2020-11-22,12.28
DEU,Germany,2020-11-29,17.07
DEU,Germany,2020-12-06,21.43
DEU,Germany,2020-12-13,28.67
DEU,Germany,2020-12-20,30.13
DEU,Germany,2020-12-27,36.71
DEU,Germany,2021-01-03,36.07
DEU,Germany,2021-01-10,27.56
DEU,Germany,2021-01-17,23.89
DEU,Germany,2021-01-24,22.34
DEU,Germany,2021-01-31,13.07
DEU,Germany,2021-02-07,5.71
DEU,Germany,2021-02-14,2.31
DEU,Germany,2021-02-21,-1.37
DEU,Germany,2021-02-28,-10.0
DEU,Germany,2021-03-07,-14.4
DEU,Germany,2021-03-14,-12.16
DEU,Germany,2021-03-21,-8.05
DNK,Denmark,2020-01-05,-0.39
DNK,Denmark,2020-01-12,3.14
DNK,Denmark,2020-01-19,-2.85
DNK,Denmark,2020-01-26,-6.09
DNK,Denmark,2020-02-02,-4.8
DNK,Denmark,2020-02-09,-5.25
DNK,Denmark,2020-02-16,-9.29
DNK,Denmark,2020-02-23,-10.57
DNK,Denmark,2020-03-01,-13.31
DNK,Denmark,2020-03-08,-9.29
DNK,Denmark,2020-03-15,-7.96
DNK,Denmark,2020-03-22,1.59
DNK,Denmark,2020-03-29,2.47
DNK,Denmark,2020-04-05,9.51
DNK,Denmark,2020-04-12,6.96
DNK,Denmark,2020-04-19,5.13
DNK,Denmark,2020-04-26,10.46
DNK,Denmark,2020-05-03,1.28
DNK,Denmark,2020-05-10,1.3
DNK,Denmark,2020-05-17,-2.24
DNK,Denmark,2020-05-24,2.66
DNK,Denmark,2020-05-31,-0.12
DNK,Denmark,2020-06-07,-0.97
DNK,Denmark,2020-06-14,2.67
DNK,Denmark,2020-06-21,-2.25
DNK,Denmark,2020-06-28,5.83
DNK,Denmark,2020-07-05,5.67
DNK,Denmark,2020-07-12,1.51
DNK,Denmark,2020-07-19,7.1
DNK,Denmark,2020-07-26,-3.59
DNK,Denmark,2020-08-02,1.78
DNK,Denmark,2020-08-09,0.06
DNK,Denmark,2020-08-16,5.17
DNK,Denmark,2020-08-23,2.66
DNK,Denmark,2020-08-30,1.28
DNK,Denmark,2020-09-06,4.56
DNK,Denmark,2020-09-13,3.56
DNK,Denmark,2020-09-20,12.1
DNK,Denmark,2020-09-27,-0.51
DNK,Denmark,2020-10-04,2.64
DNK,Denmark,2020-10-11,-5.42
DNK,Denmark,2020-10-18,2.56
DNK,Denmark,2020-10-25,11.4
DNK,Denmark,2020-11-01,-0.77
DNK,Denmark,2020-11-08,2.97
DNK,Denmark,2020-11-15,7.74
DNK,Denmark,2020-11-22,6.16
DNK,Denmark,2020-11-29,5.3
DNK,Denmark,2020-12-06,2.24
DNK,Denmark,2020-12-13,2.28
DNK,Denmark,2020-12-20,20.55
DNK,Denmark,2020-12-27,13.89
DNK,Denmark,2021-01-03,18.02
DNK,Denmark,2021-01-10,9.86
DNK,Denmark,2021-01-17,8.79
DNK,Denmark,2021-01-24,15.11
DNK,Denmark,2021-01-31,10.55
DNK,Denmark,2021-02-07,4.86
DNK,Denmark,2021-02-14,-2.35
DNK,Denmark,2021-02-21,-9.2
DNK,Denmark,2021-02-28,-16.28
DNK,Denmark,2021-03-07,-17.96
DNK,Denmark,2021-03-14,-10.23
ECU,Ecuador,2020-01-05,-2.03
ECU,Ecuador,2020-01-12,12.0
ECU,Ecuador,2020-01-19,9.34
ECU,Ecuador,2020-01-26,6.38
ECU,Ecuador,2020-02-02,0.03
ECU,Ecuador,2020-02-09,2.07
ECU,Ecuador,2020-02-16,7.82
ECU,Ecuador,2020-02-23,5.73
ECU,Ecuador,2020-03-01,10.2
ECU,Ecuador,2020-03-08,-1.77
ECU,Ecuador,2020-03-15,2.54
ECU,Ecuador,2020-03-22,8.52
ECU,Ecuador,2020-03-29,169.36
ECU,Ecuador,2020-04-05,408.55
ECU,Ecuador,2020-04-12,322.36
ECU,Ecuador,2020-04-19,225.59
ECU,Ecuador,2020-04-26,156.23
ECU,Ecuador,2020-05-03,104.41
ECU,Ecuador,2020-05-10,96.65
ECU,Ecuador,2020-05-17,69.89
ECU,Ecuador,2020-05-24,60.19
ECU,Ecuador,2020-05-31,57.1
ECU,Ecuador,2020-06-07,53.32
ECU,Ecuador,2020-06-14,64.23
ECU,Ecuador,2020-06-21,58.45
ECU,Ecuador,2020-06-28,59.17
ECU,Ecuador,2020-07-05,65.52
ECU,Ecuador,2020-07-12,84.93
ECU,Ecuador,2020-07-19,91.26
ECU,Ecuador,2020-07-26,97.71
ECU,Ecuador,2020-08-02,91.06
ECU,Ecuador,2020-08-09,86.77
ECU,Ecuador,2020-08-16,77.68
ECU,Ecuador,2020-08-23,68.78
ECU,Ecuador,2020-08-30,51.99
ECU,Ecuador,2020-09-06,56.62
ECU,Ecuador,2020-09-13,48.96
ECU,Ecuador,2020-09-20,44.8
ECU,Ecuador,2020-09-27,35.78
ECU,Ecuador,2020-10-04,27.44
ECU,Ecuador,2020-10-11,40.09
ECU,Ecuador,2020-10-18,31.95
ECU,Ecuador,2020-10-25,35.35
ECU,Ecuador,2020-11-01,26.15
ECU,Ecuador,2020-11-08,23.09
ECU,Ecuador,2020-11-15,33.31
ECU,Ecuador,2020-11-22,38.91
ECU,Ecuador,2020-11-29,30.6
ECU,Ecuador,2020-12-06,34.35
ECU,Ecuador,2020-12-13,22.3
ECU,Ecuador,2020-12-20,29.2
ECU,Ecuador,2020-12-27,31.93
ECU,Ecuador,2021-01-03,41.76
ECU,Ecuador,2021-01-10,42.15
ECU,Ecuador,2021-01-17,56.11
ECU,Ecuador,2021-01-24,66.84
ECU,Ecuador,2021-01-31,57.16
ECU,Ecuador,2021-02-07,61.21
ECU,Ecuador,2021-02-14,56.06
ECU,Ecuador,2021-02-21,58.02
ECU,Ecuador,2021-02-28,61.09
ECU,Ecuador,2021-03-07,54.64
ECU,Ecuador,2021-03-14,57.89
ECU,Ecuador,2021-03-21,70.97
EGY,"Egypt, Arab Rep.",2020-01-31,-2.68
EGY,"Egypt, Arab Rep.",2020-02-29,3.28
EGY,"Egypt, Arab Rep.",2020-03-31,4.63
EGY,"Egypt, Arab Rep.",2020-04-30,-0.37
EGY,"Egypt, Arab Rep.",2020-05-31,29.29
EGY,"Egypt, Arab Rep.",2020-06-30,82.18
EGY,"Egypt, Arab Rep.",2020-07-31,29.73
EGY,"Egypt, Arab Rep.",2020-08-31,12.63
EGY,"Egypt, Arab Rep.",2020-10-31,7.21
ESP,Spain,2020-01-05,-12.26
ESP,Spain,2020-01-12,-9.15
ESP,Spain,2020-01-19,-5.65
ESP,Spain,2020-01-26,-2.4
ESP,Spain,2020-02-02,-1.11
ESP,Spain,2020-02-09,-6.48
ESP,Spain,2020-02-16,-8.58
ESP,Spain,2020-02-23,-10.73
ESP,Spain,2020-03-01,-8.98
ESP,Spain,2020-03-08,-4.93
ESP,Spain,2020-03-15,10.43
ESP,Spain,2020-03-22,54.49
ESP,Spain,2020-03-29,137.89
ESP,Spain,2020-04-05,156.3
ESP,Spain,2020-04-12,115.22
ESP,Spain,2020-04-19,68.99
ESP,Spain,2020-04-26,34.86
ESP,Spain,2020-05-03,18.77
ESP,Spain,2020-05-10,10.74
ESP,Spain,2020-05-17,-0.71
ESP,Spain,2020-05-24,1.51
ESP,Spain,2020-05-31,3.36
ESP,Spain,2020-06-07,-3.89
ESP,Spain,2020-06-14,-7.09
ESP,Spain,2020-06-21,-6.84
ESP,Spain,2020-06-28,0.38
ESP,Spain,2020-07-05,2.68
ESP,Spain,2020-07-12,3.82
ESP,Spain,2020-07-19,3.57
ESP,Spain,2020-07-26,7.86
ESP,Spain,2020-08-02,16.08
ESP,Spain,2020-08-09,15.47
ESP,Spain,2020-08-16,16.39
ESP,Spain,2020-08-23,14.05
ESP,Spain,2020-08-30,15.6
ESP,Spain,2020-09-06,15.22
ESP,Spain,2020-09-13,20.99
ESP,Spain,2020-09-20,19.74
ESP,Spain,2020-09-27,16.54
ESP,Spain,2020-10-04,17.64
ESP,Spain,2020-10-11,22.04
ESP,Spain,2020-10-18,20.65
ESP,Spain,2020-10-25,31.4
ESP,Spain,2020-11-01,30.81
ESP,Spain,2020-11-08,37.63
ESP,Spain,2020-11-15,29.9
ESP,Spain,2020-11-22,24.93
ESP,Spain,2020-11-29,19.97
ESP,Spain,2020-12-06,19.49
ESP,Spain,2020-12-13,13.87
ESP,Spain,2020-12-20,8.99
ESP,Spain,2020-12-27,1.26
ESP,Spain,2021-01-03,3.96
ESP,Spain,2021-01-10,7.9
ESP,Spain,2021-01-17,17.59
ESP,Spain,2021-01-24,26.44
ESP,Spain,2021-01-31,27.61
ESP,Spain,2021-02-07,18.21
ESP,Spain,2021-02-14,8.87
ESP,Spain,2021-02-21,1.13
ESP,Spain,2021-02-28,-2.02
ESP,Spain,2021-03-07,-5.86
ESP,Spain,2021-03-14,-6.35
EST,Estonia,2020-01-05,-13.9
EST,Estonia,2020-01-12,-4.0
EST,Estonia,2020-01-19,-4.47
EST,Estonia,2020-01-26,-10.61
EST,Estonia,2020-02-02,-9.01
EST,Estonia,2020-02-09,-19.01
EST,Estonia,2020-02-16,0.12
EST,Estonia,2020-02-23,-1.36
EST,Estonia,2020-03-01,-5.82
EST,Estonia,2020-03-08,-12.38
EST,Estonia,2020-03-15,5.38
EST,Estonia,2020-03-22,0.06
EST,Estonia,2020-03-29,3.54
EST,Estonia,2020-04-05,4.28
EST,Estonia,2020-04-12,4.28
EST,Estonia,2020-04-19,4.54
EST,Estonia,2020-04-26,14.31
EST,Estonia,2020-05-03,6.43
EST,Estonia,2020-05-10,9.87
EST,Estonia,2020-05-17,-4.33
EST,Estonia,2020-05-24,-3.0
EST,Estonia,2020-05-31,10.42
EST,Estonia,2020-06-07,-2.36
EST,Estonia,2020-06-14,3.79
EST,Estonia,2020-06-21,1.84
EST,Estonia,2020-06-28,11.49
EST,Estonia,2020-07-05,3.36
EST,Estonia,2020-07-12,3.99
EST,Estonia,2020-07-19,4.81
EST,Estonia,2020-07-26,5.84
EST,Estonia,2020-08-02,14.18
EST,Estonia,2020-08-09,3.42
EST,Estonia,2020-08-16,6.76
EST,Estonia,2020-08-23,-0.08
EST,Estonia,2020-08-30,10.21
EST,Estonia,2020-09-06,6.47
EST,Estonia,2020-09-13,-6.09
EST,Estonia,2020-09-20,11.86
EST,Estonia,2020-09-27,15.84
EST,Estonia,2020-10-04,6.0
EST,Estonia,2020-10-11,-3.99
EST,Estonia,2020-10-18,7.39
EST,Estonia,2020-10-25,4.19
EST,Estonia,2020-11-01,-8.29
EST,Estonia,2020-11-08,3.65
EST,Estonia,2020-11-15,0.69
EST,Estonia,2020-11-22,13.68
EST,Estonia,2020-11-29,16.12
EST,Estonia,2020-12-06,15.8
EST,Estonia,2020-12-13,15.69
EST,Estonia,2020-12-20,9.93
EST,Estonia,2020-12-27,14.19
EST,Estonia,2021-01-03,17.68
EST,Estonia,2021-01-10,9.95
EST,Estonia,2021-01-17,13.98
EST,Estonia,2021-01-24,22.13
EST,Estonia,2021-01-31,4.59
EST,Estonia,2021-02-07,1.88
EST,Estonia,2021-02-14,10.04
EST,Estonia,2021-02-21,7.59
EST,Estonia,2021-02-28,17.54
EST,Estonia,2021-03-07,24.78
EST,Estonia,2021-03-14,22.01
FIN,Finland,2020-01-05,-10.23
FIN,Finland,2020-01-12,-9.52
FIN,Finland,2020-01-19,-9.67
FIN,Finland,2020-01-26,-7.82
FIN,Finland,2020-02-02,-5.59
FIN,Finland,2020-02-09,-0.71
FIN,Finland,2020-02-16,-0.07
FIN,Finland,2020-02-23,-0.38
FIN,Finland,2020-03-01,-6.27
FIN,Finland,2020-03-08,0.31
FIN,Finland,2020-03-15,0.2
FIN,Finland,2020-03-22,3.16
FIN,Finland,2020-03-29,4.14
FIN,Finland,2020-04-05,2.88
FIN,Finland,2020-04-12,12.66
FIN,Finland,2020-04-19,3.42
FIN,Finland,2020-04-26,12.47
FIN,Finland,2020-05-03,8.98
FIN,Finland,2020-05-10,8.33
FIN,Finland,2020-05-17,13.72
FIN,Finland,2020-05-24,-0.17
FIN,Finland,2020-05-31,4.17
FIN,Finland,2020-06-07,1.84
FIN,Finland,2020-06-14,5.58
FIN,Finland,2020-06-21,10.34
FIN,Finland,2020-06-28,7.41
FIN,Finland,2020-07-05,5.41
FIN,Finland,2020-07-12,0.0
FIN,Finland,2020-07-19,6.61
FIN,Finland,2020-07-26,-0.97
FIN,Finland,2020-08-02,4.62
FIN,Finland,2020-08-09,3.16
FIN,Finland,2020-08-16,2.8
FIN,Finland,2020-08-23,6.09
FIN,Finland,2020-08-30,2.6
FIN,Finland,2020-09-06,1.22
FIN,Finland,2020-09-13,16.37
FIN,Finland,2020-09-20,5.72
FIN,Finland,2020-09-27,9.71
FIN,Finland,2020-10-04,-3.88
FIN,Finland,2020-10-11,-3.79
FIN,Finland,2020-10-18,5.57
FIN,Finland,2020-10-25,3.5
FIN,Finland,2020-11-01,9.24
FIN,Finland,2020-11-08,3.11
FIN,Finland,2020-11-15,2.53
FIN,Finland,2020-11-22,8.68
FIN,Finland,2020-11-29,6.43
FIN,Finland,2020-12-06,3.78
FIN,Finland,2020-12-13,2.68
FIN,Finland,2020-12-20,0.26
FIN,Finland,2020-12-27,-19.3
FIN,Finland,2021-01-03,-19.91
FIN,Finland,2021-01-10,-5.77
FIN,Finland,2021-01-17,-5.12
FIN,Finland,2021-01-24,2.35
FIN,Finland,2021-01-31,1.67
FIN,Finland,2021-02-07,-4.71
FIN,Finland,2021-02-14,-7.03
FIN,Finland,2021-02-21,4.02
FIN,Finland,2021-02-28,0.62
FIN,Finland,2021-03-07,-7.34
FRA,France,2020-01-05,-5.27
FRA,France,2020-01-12,-2.68
FRA,France,2020-01-19,-4.63
FRA,France,2020-01-26,-5.66
FRA,France,2020-02-02,-4.06
FRA,France,2020-02-09,-5.93
FRA,France,2020-02-16,-5.86
FRA,France,2020-02-23,-8.21
FRA,France,2020-03-01,-6.81
FRA,France,2020-03-08,-3.84
FRA,France,2020-03-15,4.3
FRA,France,2020-03-22,18.68
FRA,France,2020-03-29,39.04
FRA,France,2020-04-05,65.24
FRA,France,2020-04-12,57.18
FRA,France,2020-04-19,39.61
FRA,France,2020-04-26,17.44
FRA,France,2020-05-03,4.48
FRA,France,2020-05-10,3.67
FRA,France,2020-05-17,2.11
FRA,France,2020-05-24,5.56
FRA,France,2020-05-31,1.64
FRA,France,2020-06-07,1.81
FRA,France,2020-06-14,2.64
FRA,France,2020-06-21,0.59
FRA,France,2020-06-28,6.98
FRA,France,2020-07-05,-6.76
FRA,France,2020-07-12,0.95
FRA,France,2020-07-19,-3.02
FRA,France,2020-07-26,1.01
FRA,France,2020-08-02,6.98
FRA,France,2020-08-09,4.77
FRA,France,2020-08-16,17.4
FRA,France,2020-08-23,1.88
FRA,France,2020-08-30,2.15
FRA,France,2020-09-06,5.4
FRA,France,2020-09-13,8.14
FRA,France,2020-09-20,10.99
FRA,France,2020-09-27,2.25
FRA,France,2020-10-04,9.03
FRA,France,2020-10-11,6.22
FRA,France,2020-10-18,10.49
FRA,France,2020-10-25,22.69
FRA,France,2020-11-01,30.78
FRA,France,2020-11-08,38.26
FRA,France,2020-11-15,36.85
FRA,France,2020-11-22,31.26
FRA,France,2020-11-29,27.24
FRA,France,2020-12-06,24.51
FRA,France,2020-12-13,21.25
FRA,France,2020-12-20,14.63
FRA,France,2020-12-27,9.37
FRA,France,2021-01-03,13.84
FRA,France,2021-01-10,8.86
FRA,France,2021-01-17,7.59
FRA,France,2021-01-24,14.24
FRA,France,2021-01-31,12.63
FRA,France,2021-02-07,9.87
FRA,France,2021-02-14,6.72
FRA,France,2021-02-21,7.53
FRA,France,2021-02-28,1.97
FRA,France,2021-03-07,-1.78
FRA,France,2021-03-14,-4.73
GBR,United Kingdom,2020-01-05,-0.27
GBR,United Kingdom,2020-01-12,1.5
GBR,United Kingdom,2020-01-19,-1.74
GBR,United Kingdom,2020-01-26,-7.12
GBR,United Kingdom,2020-02-02,-5.15
GBR,United Kingdom,2020-02-09,-7.21
GBR,United Kingdom,2020-02-16,-5.95
GBR,United Kingdom,2020-02-23,-6.46
GBR,United Kingdom,2020-03-01,-2.72
GBR,United Kingdom,2020-03-08,-4.99
GBR,United Kingdom,2020-03-15,-1.15
GBR,United Kingdom,2020-03-22,0.91
GBR,United Kingdom,2020-03-29,8.32
GBR,United Kingdom,2020-04-05,58.96
GBR,United Kingdom,2020-04-12,75.63
GBR,United Kingdom,2020-04-19,108.4
GBR,United Kingdom,2020-04-26,105.22
GBR,United Kingdom,2020-05-03,77.34
GBR,United Kingdom,2020-05-10,32.55
GBR,United Kingdom,2020-05-17,41.95
GBR,United Kingdom,2020-05-24,22.73
GBR,United Kingdom,2020-05-31,19.29
GBR,United Kingdom,2020-06-07,6.93
GBR,United Kingdom,2020-06-14,5.62
GBR,United Kingdom,2020-06-21,-0.02
GBR,United Kingdom,2020-06-28,-3.01
GBR,United Kingdom,2020-07-05,-0.65
GBR,United Kingdom,2020-07-12,-5.39
GBR,United Kingdom,2020-07-19,-2.51
GBR,United Kingdom,2020-07-26,-1.45
GBR,United Kingdom,2020-08-02,-0.42
GBR,United Kingdom,2020-08-09,-1.2
GBR,United Kingdom,2020-08-16,2.46
GBR,United Kingdom,2020-08-23,5.36
GBR,United Kingdom,2020-08-30,9.45
GBR,United Kingdom,2020-09-06,-13.48
GBR,United Kingdom,2020-09-13,5.35
GBR,United Kingdom,2020-09-20,2.38
GBR,United Kingdom,2020-09-27,1.71
GBR,United Kingdom,2020-10-04,5.34
GBR,United Kingdom,2020-10-11,1.7
GBR,United Kingdom,2020-10-18,6.46
GBR,United Kingdom,2020-10-25,11.04
GBR,United Kingdom,2020-11-01,11.26
GBR,United Kingdom,2020-11-08,14.69
GBR,United Kingdom,2020-11-15,18.62
GBR,United Kingdom,2020-11-22,20.94
GBR,United Kingdom,2020-11-29,19.79
GBR,United Kingdom,2020-12-06,15.07
GBR,United Kingdom,2020-12-13,13.13
GBR,United Kingdom,2020-12-20,11.42
GBR,United Kingdom,2020-12-27,41.23
GBR,United Kingdom,2021-01-03,25.47
GBR,United Kingdom,2021-01-10,45.17
GBR,United Kingdom,2021-01-17,26.96
GBR,United Kingdom,2021-01-24,38.22
GBR,United Kingdom,2021-01-31,41.74
GBR,United Kingdom,2021-02-07,38.48
GBR,United Kingdom,2021-02-14,26.97
GBR,United Kingdom,2021-02-21,18.05
GBR,United Kingdom,2021-02-28,8.68
GBR,United Kingdom,2021-03-07,3.45
GBR,United Kingdom,2021-03-14,-4.54
GEO,Georgia,2020-01-31,-3.84
GEO,Georgia,2020-02-29,0.76
GEO,Georgia,2020-03-31,-8.61
GEO,Georgia,2020-04-30,-11.43
GEO,Georgia,2020-05-31,-4.63
GEO,Georgia,2020-06-30,-4.88
GEO,Georgia,2020-07-31,2.08
GEO,Georgia,2020-08-31,-9.44
GEO,Georgia,2020-09-30,-1.83
GEO,Georgia,2020-10-31,6.95
GEO,Georgia,2020-11-30,46.57
GEO,Georgia,2020-12-31,43.0
GRC,Greece,2020-01-05,-2.63
GRC,Greece,2020-01-12,-1.55
GRC,Greece,2020-01-19,0.91
GRC,Greece,2020-01-26,-0.41
GRC,Greece,2020-02-02,7.27
GRC,Greece,2020-02-09,6.41
GRC,Greece,2020-02-16,9.71
GRC,Greece,2020-02-23,-0.15
GRC,Greece,2020-03-01,2.65
GRC,Greece,2020-03-08,9.03
GRC,Greece,2020-03-15,8.26
GRC,Greece,2020-03-22,8.84
GRC,Greece,2020-03-29,5.94
GRC,Greece,2020-04-05,4.51
GRC,Greece,2020-04-12,2.13
GRC,Greece,2020-04-19,0.73
GRC,Greece,2020-04-26,-1.91
GRC,Greece,2020-05-03,1.44
GRC,Greece,2020-05-10,-1.83
GRC,Greece,2020-05-17,16.0
GRC,Greece,2020-05-24,12.63
GRC,Greece,2020-05-31,-12.01
GRC,Greece,2020-06-07,-3.48
GRC,Greece,2020-06-14,-2.22
GRC,Greece,2020-06-21,-1.3
GRC,Greece,2020-06-28,-8.3
GRC,Greece,2020-07-05,13.24
GRC,Greece,2020-07-12,2.15
GRC,Greece,2020-07-19,0.14
GRC,Greece,2020-07-26,-0.22
GRC,Greece,2020-08-02,17.39
GRC,Greece,2020-08-09,5.15
GRC,Greece,2020-08-16,4.55
GRC,Greece,2020-08-23,9.5
GRC,Greece,2020-08-30,6.6
GRC,Greece,2020-09-06,11.1
GRC,Greece,2020-09-13,10.68
GRC,Greece,2020-09-20,12.78
GRC,Greece,2020-09-27,7.71
GRC,Greece,2020-10-04,4.72
GRC,Greece,2020-10-11,3.63
GRC,Greece,2020-10-18,-0.96
GRC,Greece,2020-10-25,1.45
GRC,Greece,2020-11-01,7.89
GRC,Greece,2020-11-08,10.81
GRC,Greece,2020-11-15,22.13
GRC,Greece,2020-11-22,33.94
GRC,Greece,2020-11-29,39.47
GRC,Greece,2020-12-06,37.34
GRC,Greece,2020-12-13,26.69
GRC,Greece,2020-12-20,16.78
GRC,Greece,2020-12-27,5.64
GRC,Greece,2021-01-03,2.39
GTM,Guatemala,2020-01-05,9.38
GTM,Guatemala,2020-01-12,2.11
GTM,Guatemala,2020-01-19,2.91
GTM,Guatemala,2020-01-26,3.04
GTM,Guatemala,2020-02-02,6.31
GTM,Guatemala,2020-02-09,2.98
GTM,Guatemala,2020-02-16,-0.01
GTM,Guatemala,2020-02-23,-3.95
GTM,Guatemala,2020-03-01,1.65
GTM,Guatemala,2020-03-08,-0.16
GTM,Guatemala,2020-03-15,-6.92
GTM,Guatemala,2020-03-22,-12.88
GTM,Guatemala,2020-03-29,-18.39
GTM,Guatemala,2020-04-05,-19.38
GTM,Guatemala,2020-04-12,-21.06
GTM,Guatemala,2020-04-19,-18.76
GTM,Guatemala,2020-04-26,-16.27
GTM,Guatemala,2020-05-03,-16.52
GTM,Guatemala,2020-05-10,-13.62
GTM,Guatemala,2020-05-17,-12.74
GTM,Guatemala,2020-05-24,-6.66
GTM,Guatemala,2020-05-31,2.5
GTM,Guatemala,2020-06-07,15.39
GTM,Guatemala,2020-06-14,22.94
GTM,Guatemala,2020-06-21,29.39
GTM,Guatemala,2020-06-28,44.73
GTM,Guatemala,2020-07-05,60.2
GTM,Guatemala,2020-07-12,82.8
GTM,Guatemala,2020-07-19,71.97
GTM,Guatemala,2020-07-26,66.28
GTM,Guatemala,2020-08-02,64.76
GTM,Guatemala,2020-08-09,47.66
GTM,Guatemala,2020-08-16,44.01
GTM,Guatemala,2020-08-23,34.48
GTM,Guatemala,2020-08-30,39.02
GTM,Guatemala,2020-09-06,29.43
GTM,Guatemala,2020-09-13,24.03
GTM,Guatemala,2020-09-20,21.47
GTM,Guatemala,2020-09-27,21.32
GTM,Guatemala,2020-10-04,10.54
GTM,Guatemala,2020-10-11,19.51
GTM,Guatemala,2020-10-18,14.79
GTM,Guatemala,2020-10-25,13.81
GTM,Guatemala,2020-11-01,16.81
GTM,Guatemala,2020-11-08,18.95
GTM,Guatemala,2020-11-15,17.3
GTM,Guatemala,2020-11-22,20.65
GTM,Guatemala,2020-11-29,22.18
GTM,Guatemala,2020-12-06,14.48
GTM,Guatemala,2020-12-13,17.74
GTM,Guatemala,2020-12-20,16.74
GTM,Guatemala,2020-12-27,13.03
HKG,Hong Kong SAR China,2020-01-31,-2.99
HKG,Hong Kong SAR China,2020-02-29,8.11
HKG,Hong Kong SAR China,2020-03-31,-15.41
HKG,Hong Kong SAR China,2020-04-30,-10.35
HKG,Hong Kong SAR China,2020-05-31,27.59
HKG,Hong Kong SAR China,2020-06-30,27.43
HKG,Hong Kong SAR China,2020-07-31,7.72
HKG,Hong Kong SAR China,2020-08-31,4.73
HKG,Hong Kong SAR China,2020-09-30,23.11
HKG,Hong Kong SAR China,2020-10-31,5.88
HKG,Hong Kong SAR China,2020-11-30,13.78
HKG,Hong Kong SAR China,2020-12-31,8.09
HKG,Hong Kong SAR China,2021-01-31,8.39
HRV,Croatia,2020-01-05,-16.21
HRV,Croatia,2020-01-12,-16.0
HRV,Croatia,2020-01-19,-19.01
HRV,Croatia,2020-01-26,-8.18
HRV,Croatia,2020-02-02,-8.45
HRV,Croatia,2020-02-09,-8.64
HRV,Croatia,2020-02-16,-4.32
HRV,Croatia,2020-02-23,-6.36
HRV,Croatia,2020-03-01,-8.43
HRV,Croatia,2020-03-08,-6.31
HRV,Croatia,2020-03-15,-0.92
HRV,Croatia,2020-03-22,3.01
HRV,Croatia,2020-03-29,8.04
HRV,Croatia,2020-04-05,-3.29
HRV,Croatia,2020-04-12,0.32
HRV,Croatia,2020-04-19,1.37
HRV,Croatia,2020-04-26,-14.45
HRV,Croatia,2020-05-03,-6.25
HRV,Croatia,2020-05-10,-7.51
HRV,Croatia,2020-05-17,-3.42
HRV,Croatia,2020-05-24,-4.46
HRV,Croatia,2020-05-31,-8.72
HRV,Croatia,2020-06-07,2.36
HRV,Croatia,2020-06-14,4.06
HRV,Croatia,2020-06-21,-3.54
HRV,Croatia,2020-06-28,1.58
HRV,Croatia,2020-07-05,1.83
HRV,Croatia,2020-07-12,-3.2
HRV,Croatia,2020-07-19,-7.24
HRV,Croatia,2020-07-26,-1.34
HRV,Croatia,2020-08-02,10.36
HRV,Croatia,2020-08-09,-0.38
HRV,Croatia,2020-08-16,-1.41
HRV,Croatia,2020-08-23,1.75
HRV,Croatia,2020-08-30,6.12
HRV,Croatia,2020-09-06,4.92
HRV,Croatia,2020-09-13,11.21
HRV,Croatia,2020-09-20,4.69
HRV,Croatia,2020-09-27,1.69
HRV,Croatia,2020-10-04,10.69
HRV,Croatia,2020-10-11,-0.39
HRV,Croatia,2020-10-18,16.2
HRV,Croatia,2020-10-25,18.7
HRV,Croatia,2020-11-01,20.27
HRV,Croatia,2020-11-08,31.82
HRV,Croatia,2020-11-15,38.74
HRV,Croatia,2020-11-22,55.3
HRV,Croatia,2020-11-29,52.24
HRV,Croatia,2020-12-06,68.94
HRV,Croatia,2020-12-13,68.01
HRV,Croatia,2020-12-20,70.39
HRV,Croatia,2020-12-27,52.07
HRV,Croatia,2021-01-03,37.05
HRV,Croatia,2021-01-10,10.45
HRV,Croatia,2021-01-17,7.44
HRV,Croatia,2021-01-24,3.73
HRV,Croatia,2021-01-31,0.41
HRV,Croatia,2021-02-07,-0.25
HRV,Croatia,2021-02-14,-1.31
HRV,Croatia,2021-02-21,-4.41
HRV,Croatia,2021-02-28,-7.17
HUN,Hungary,2020-01-05,-9.58
HUN,Hungary,2020-01-12,-11.39
HUN,Hungary,2020-01-19,-11.71
HUN,Hungary,2020-01-26,-9.83
HUN,Hungary,2020-02-02,-8.38
HUN,Hungary,2020-02-09,-14.12
HUN,Hungary,2020-02-16,-7.82
HUN,Hungary,2020-02-23,-12.51
HUN,Hungary,2020-03-01,-3.86
HUN,Hungary,2020-03-08,-7.36
HUN,Hungary,2020-03-15,-4.88
HUN,Hungary,2020-03-22,6.29
HUN,Hungary,2020-03-29,-0.02
HUN,Hungary,2020-04-05,0.57
HUN,Hungary,2020-04-12,3.79
HUN,Hungary,2020-04-19,3.24
HUN,Hungary,2020-04-26,-3.32
HUN,Hungary,2020-05-03,-4.94
HUN,Hungary,2020-05-10,-1.02
HUN,Hungary,2020-05-17,3.18
HUN,Hungary,2020-05-24,-7.24
HUN,Hungary,2020-05-31,-4.14
HUN,Hungary,2020-06-07,5.96
HUN,Hungary,2020-06-14,-0.17
HUN,Hungary,2020-06-21,-7.96
HUN,Hungary,2020-06-28,3.13
HUN,Hungary,2020-07-05,4.28
HUN,Hungary,2020-07-12,-4.73
HUN,Hungary,2020-07-19,-7.34
HUN,Hungary,2020-07-26,-9.6
HUN,Hungary,2020-08-02,2.15
HUN,Hungary,2020-08-09,1.19
HUN,Hungary,2020-08-16,-1.8
HUN,Hungary,2020-08-23,1.41
HUN,Hungary,2020-08-30,-3.91
HUN,Hungary,2020-09-06,-0.16
HUN,Hungary,2020-09-13,2.71
HUN,Hungary,2020-09-20,6.69
HUN,Hungary,2020-09-27,4.4
HUN,Hungary,2020-10-04,6.69
HUN,Hungary,2020-10-11,4.53
HUN,Hungary,2020-10-18,13.35
HUN,Hungary,2020-10-25,23.74
HUN,Hungary,2020-11-01,33.39
HUN,Hungary,2020-11-08,47.53
HUN,Hungary,2020-11-15,65.1
HUN,Hungary,2020-11-22,59.95
HUN,Hungary,2020-11-29,65.55
HUN,Hungary,2020-12-06,61.64
HUN,Hungary,2020-12-13,59.47
HUN,Hungary,2020-12-20,40.95
HUN,Hungary,2020-12-27,39.44
HUN,Hungary,2021-01-03,27.79
HUN,Hungary,2021-01-10,8.37
HUN,Hungary,2021-01-17,6.6
HUN,Hungary,2021-01-24,-0.02
HUN,Hungary,2021-01-31,-8.94
HUN,Hungary,2021-02-07,-10.77
HUN,Hungary,2021-02-14,-12.33
HUN,Hungary,2021-02-21,-9.7
ISL,Iceland,2020-01-05,24.45
ISL,Iceland,2020-01-12,15.06
ISL,Iceland,2020-01-19,17.12
ISL,Iceland,2020-01-26,23.32
ISL,Iceland,2020-02-02,-14.47
ISL,Iceland,2020-02-09,-1.67
ISL,Iceland,2020-02-16,3.81
ISL,Iceland,2020-02-23,3.9
ISL,Iceland,2020-03-01,-1.38
ISL,Iceland,2020-03-08,10.36
ISL,Iceland,2020-03-15,-7.08
ISL,Iceland,2020-03-22,-6.25
ISL,Iceland,2020-03-29,-11.02
ISL,Iceland,2020-04-05,15.21
ISL,Iceland,2020-04-12,10.36
ISL,Iceland,2020-04-19,23.46
ISL,Iceland,2020-04-26,-21.17
ISL,Iceland,2020-05-03,9.45
ISL,Iceland,2020-05-10,-11.06
ISL,Iceland,2020-05-17,-2.84
ISL,Iceland,2020-05-24,14.68
ISL,Iceland,2020-05-31,17.37
ISL,Iceland,2020-06-07,-24.44
ISL,Iceland,2020-06-14,1.01
ISL,Iceland,2020-06-21,-17.11
ISL,Iceland,2020-06-28,-27.66
ISL,Iceland,2020-07-05,-18.6
ISL,Iceland,2020-07-12,20.42
ISL,Iceland,2020-07-19,7.14
ISL,Iceland,2020-07-26,-22.22
ISL,Iceland,2020-08-02,-2.78
ISL,Iceland,2020-08-09,-4.64
ISL,Iceland,2020-08-16,10.26
ISL,Iceland,2020-08-23,-22.02
ISL,Iceland,2020-08-30,-21.79
ISL,Iceland,2020-09-06,40.31
ISL,Iceland,2020-09-13,-5.66
ISL,Iceland,2020-09-20,10.58
ISL,Iceland,2020-09-27,-26.0
ISL,Iceland,2020-10-04,-10.38
ISL,Iceland,2020-10-11,22.64
ISL,Iceland,2020-10-18,11.37
ISL,Iceland,2020-10-25,8.7
ISL,Iceland,2020-11-01,32.85
ISL,Iceland,2020-11-08,30.21
ISL,Iceland,2020-11-15,14.89
ISL,Iceland,2020-11-22,1.81
ISL,Iceland,2020-11-29,-20.45
ISL,Iceland,2020-12-06,-6.7
ISL,Iceland,2020-12-13,9.0
ISL,Iceland,2020-12-20,-1.83
ISL,Iceland,2020-12-27,23.81
ISL,Iceland,2021-01-03,-28.57
ISR,Israel,2020-01-05,7.99
ISR,Israel,2020-01-12,-4.19
ISR,Israel,2020-01-19,6.37
ISR,Israel,2020-01-26,-4.56
ISR,Israel,2020-02-02,-6.14
ISR,Israel,2020-02-09,-10.27
ISR,Israel,2020-02-16,-2.29
ISR,Israel,2020-02-23,0.47
ISR,Israel,2020-03-01,-6.02
ISR,Israel,2020-03-08,-1.06
ISR,Israel,2020-03-15,4.66
ISR,Israel,2020-03-22,3.36
ISR,Israel,2020-03-29,10.46
ISR,Israel,2020-04-05,18.44
ISR,Israel,2020-04-12,4.93
ISR,Israel,2020-04-19,12.54
ISR,Israel,2020-04-26,5.61
ISR,Israel,2020-05-03,1.86
ISR,Israel,2020-05-10,4.87
ISR,Israel,2020-05-17,5.72
ISR,Israel,2020-05-24,20.31
ISR,Israel,2020-05-31,6.22
ISR,Israel,2020-06-07,4.62
ISR,Israel,2020-06-14,4.25
ISR,Israel,2020-06-21,3.69
ISR,Israel,2020-06-28,2.69
ISR,Israel,2020-07-05,1.17
ISR,Israel,2020-07-12,10.23
ISR,Israel,2020-07-19,10.41
ISR,Israel,2020-07-26,3.29
ISR,Israel,2020-08-02,22.42
ISR,Israel,2020-08-09,9.59
ISR,Israel,2020-08-16,23.01
ISR,Israel,2020-08-23,17.49
ISR,Israel,2020-08-30,15.52
ISR,Israel,2020-09-06,16.45
ISR,Israel,2020-09-13,26.34
ISR,Israel,2020-09-20,30.05
ISR,Israel,2020-09-27,31.44
ISR,Israel,2020-10-04,28.53
ISR,Israel,2020-10-11,39.47
ISR,Israel,2020-10-18,31.39
ISR,Israel,2020-10-25,27.96
ISR,Israel,2020-11-01,11.5
ISR,Israel,2020-11-08,8.37
ISR,Israel,2020-11-15,-4.69
ISR,Israel,2020-11-22,10.94
ISR,Israel,2020-11-29,3.49
ISR,Israel,2020-12-06,6.81
ISR,Israel,2020-12-13,2.66
ISR,Israel,2020-12-20,7.03
ISR,Israel,2020-12-27,3.67
ISR,Israel,2021-01-03,16.51
ISR,Israel,2021-01-10,19.26
ISR,Israel,2021-01-17,18.1
ISR,Israel,2021-01-24,22.92
ISR,Israel,2021-01-31,22.23
ISR,Israel,2021-02-07,17.16
ISR,Israel,2021-02-14,10.55
ISR,Israel,2021-02-21,7.94
ISR,Israel,2021-02-28,-0.24
ITA,Italy,2020-01-05,-12.65
ITA,Italy,2020-01-12,-11.18
ITA,Italy,2020-01-19,-9.43
ITA,Italy,2020-01-26,-6.56
ITA,Italy,2020-02-02,-6.5
ITA,Italy,2020-02-09,-5.94
ITA,Italy,2020-02-16,-4.14
ITA,Italy,2020-02-23,-5.1
ITA,Italy,2020-03-01,-1.43
ITA,Italy,2020-03-08,8.14
ITA,Italy,2020-03-15,37.79
ITA,Italy,2020-03-22,72.25
ITA,Italy,2020-03-29,84.9
ITA,Italy,2020-04-05,68.31
ITA,Italy,2020-04-12,55.41
ITA,Italy,2020-04-19,39.61
ITA,Italy,2020-04-26,24.63
ITA,Italy,2020-05-03,13.08
ITA,Italy,2020-05-10,8.31
ITA,Italy,2020-05-17,5.96
ITA,Italy,2020-05-24,0.32
ITA,Italy,2020-05-31,-1.79
ITA,Italy,2020-06-07,-2.63
ITA,Italy,2020-06-14,-5.71
ITA,Italy,2020-06-21,-0.88
ITA,Italy,2020-06-28,6.94
ITA,Italy,2020-07-05,7.32
ITA,Italy,2020-07-12,-2.63
ITA,Italy,2020-07-19,-5.49
ITA,Italy,2020-07-26,-4.81
ITA,Italy,2020-08-02,7.3
ITA,Italy,2020-08-09,-0.79
ITA,Italy,2020-08-16,8.87
ITA,Italy,2020-08-23,8.37
ITA,Italy,2020-08-30,7.44
ITA,Italy,2020-09-06,4.61
ITA,Italy,2020-09-13,7.41
ITA,Italy,2020-09-20,7.98
ITA,Italy,2020-09-27,1.39
ITA,Italy,2020-10-04,6.56
ITA,Italy,2020-10-11,3.69
ITA,Italy,2020-10-18,9.02
ITA,Italy,2020-10-25,22.78
ITA,Italy,2020-11-01,34.96
ITA,Italy,2020-11-08,45.62
ITA,Italy,2020-11-15,54.06
ITA,Italy,2020-11-22,54.59
ITA,Italy,2020-11-29,55.03
ITA,Italy,2020-12-06,43.43
ITA,Italy,2020-12-13,35.0
ITA,Italy,2020-12-20,27.26
ITA,Italy,2020-12-27,12.44
ITA,Italy,2021-01-03,14.04
ITA,Italy,2021-01-10,2.6
ITA,Italy,2021-01-17,0.71
ITA,Italy,2021-01-24,3.18
ITA,Italy,2021-01-31,2.22
JAM,Jamaica,2020-01-31,-5.7
JAM,Jamaica,2020-02-29,-8.28
JAM,Jamaica,2020-03-31,-7.05
JAM,Jamaica,2020-04-30,-0.22
JAM,Jamaica,2020-05-31,-4.27
JAM,Jamaica,2020-06-30,-1.07
JAM,Jamaica,2020-07-31,-4.42
JAM,Jamaica,2020-08-31,8.42
JAM,Jamaica,2020-09-30,11.67
JAM,Jamaica,2020-10-31,7.61
JAM,Jamaica,2020-11-30,6.21
JPN,Japan,2020-01-31,-1.19
JPN,Japan,2020-02-29,-0.6
JPN,Japan,2020-03-31,0.18
JPN,Japan,2020-04-30,4.02
JPN,Japan,2020-05-31,1.68
JPN,Japan,2020-06-30,2.76
JPN,Japan,2020-07-31,1.91
JPN,Japan,2020-08-31,6.19
JPN,Japan,2020-09-30,5.0
JPN,Japan,2020-10-31,6.42
JPN,Japan,2020-11-30,3.99
JPN,Japan,2020-12-31,8.27
JPN,Japan,2021-01-31,4.94
KGZ,Kyrgyz Republic,2020-01-31,1.04
KGZ,Kyrgyz Republic,2020-02-29,10.4
KGZ,Kyrgyz Republic,2020-03-31,-14.58
KGZ,Kyrgyz Republic,2020-04-30,-53.64
KGZ,Kyrgyz Republic,2020-05-31,3.53
KGZ,Kyrgyz Republic,2020-06-30,34.11
KGZ,Kyrgyz Republic,2020-07-31,38.38
KGZ,Kyrgyz Republic,2020-08-31,70.98
KGZ,Kyrgyz Republic,2020-09-30,32.68
KGZ,Kyrgyz Republic,2020-10-31,21.97
KGZ,Kyrgyz Republic,2020-11-30,48.61
KGZ,Kyrgyz Republic,2020-12-31,37.23
KGZ,Kyrgyz Republic,2021-01-31,-2.05
KOR,"Korea, Rep.",2020-01-05,5.64
KOR,"Korea, Rep.",2020-01-12,3.11
KOR,"Korea, Rep.",2020-01-19,5.09
KOR,"Korea, Rep.",2020-01-26,7.84
KOR,"Korea, Rep.",2020-02-02,6.89
KOR,"Korea, Rep.",2020-02-09,9.75
KOR,"Korea, Rep.",2020-02-16,5.17
KOR,"Korea, Rep.",2020-02-23,1.09
KOR,"Korea, Rep.",2020-03-01,2.39
KOR,"Korea, Rep.",2020-03-08,2.75
KOR,"Korea, Rep.",2020-03-15,3.66
KOR,"Korea, Rep.",2020-03-22,3.98
KOR,"Korea, Rep.",2020-03-29,1.93
KOR,"Korea, Rep.",2020-04-05,0.72
KOR,"Korea, Rep.",2020-04-12,7.74
KOR,"Korea, Rep.",2020-04-19,4.06
KOR,"Korea, Rep.",2020-04-26,3.81
KOR,"Korea, Rep.",2020-05-03,9.28
KOR,"Korea, Rep.",2020-05-10,3.23
KOR,"Korea, Rep.",2020-05-17,1.11
KOR,"Korea, Rep.",2020-05-24,4.22
KOR,"Korea, Rep.",2020-05-31,1.27
KOR,"Korea, Rep.",2020-06-07,8.56
KOR,"Korea, Rep.",2020-06-14,7.96
KOR,"Korea, Rep.",2020-06-21,5.08
KOR,"Korea, Rep.",2020-06-28,6.13
KOR,"Korea, Rep.",2020-07-05,6.18
KOR,"Korea, Rep.",2020-07-12,2.96
KOR,"Korea, Rep.",2020-07-19,7.58
KOR,"Korea, Rep.",2020-07-26,6.67
KOR,"Korea, Rep.",2020-08-02,4.16
KOR,"Korea, Rep.",2020-08-09,3.04
KOR,"Korea, Rep.",2020-08-16,11.2
KOR,"Korea, Rep.",2020-08-23,15.51
KOR,"Korea, Rep.",2020-08-30,13.04
KOR,"Korea, Rep.",2020-09-06,7.16
KOR,"Korea, Rep.",2020-09-13,7.92
KOR,"Korea, Rep.",2020-09-20,9.32
KOR,"Korea, Rep.",2020-09-27,8.07
KOR,"Korea, Rep.",2020-10-04,6.08
KOR,"Korea, Rep.",2020-10-11,9.36
KOR,"Korea, Rep.",2020-10-18,5.45
KOR,"Korea, Rep.",2020-10-25,8.63
KOR,"Korea, Rep.",2020-11-01,8.9
KOR,"Korea, Rep.",2020-11-08,8.05
KOR,"Korea, Rep.",2020-11-15,7.69
KOR,"Korea, Rep.",2020-11-22,6.13
KOR,"Korea, Rep.",2020-11-29,2.13
KOR,"Korea, Rep.",2020-12-06,8.25
KOR,"Korea, Rep.",2020-12-13,3.66
KOR,"Korea, Rep.",2020-12-20,-0.06
KOR,"Korea, Rep.",2020-12-27,2.84
KOR,"Korea, Rep.",2021-01-03,2.9
KOR,"Korea, Rep.",2021-01-10,0.32
KOR,"Korea, Rep.",2021-01-17,0.89
KOR,"Korea, Rep.",2021-01-24,-0.79
KOR,"Korea, Rep.",2021-01-31,-6.34
LIE,Liechtenstein,2020-01-31,-24.0
LIE,Liechtenstein,2020-02-29,48.51
LIE,Liechtenstein,2020-03-31,-16.06
LIE,Liechtenstein,2020-04-30,8.91
LIE,Liechtenstein,2020-05-31,14.13
LIE,Liechtenstein,2020-06-30,-7.22
LIE,Liechtenstein,2020-07-31,-12.04
LIE,Liechtenstein,2020-08-31,1.77
LIE,Liechtenstein,2020-09-30,44.23
LIE,Liechtenstein,2020-10-31,2.68
LIE,Liechtenstein,2020-11-30,77.27
LIE,Liechtenstein,2020-12-31,133.94
LIE,Liechtenstein,2021-01-31,24.0
LIE,Liechtenstein,2021-02-28,-5.94
LTU,Lithuania,2020-01-05,-6.37
LTU,Lithuania,2020-01-12,-8.42
LTU,Lithuania,2020-01-19,-14.46
LTU,Lithuania,2020-01-26,-13.96
LTU,Lithuania,2020-02-02,-16.41
LTU,Lithuania,2020-02-09,-15.07
LTU,Lithuania,2020-02-16,-7.67
LTU,Lithuania,2020-02-23,-21.11
LTU,Lithuania,2020-03-01,-6.78
LTU,Lithuania,2020-03-08,-8.13
LTU,Lithuania,2020-03-15,-5.66
LTU,Lithuania,2020-03-22,-0.3
LTU,Lithuania,2020-03-29,3.64
LTU,Lithuania,2020-04-05,-2.71
LTU,Lithuania,2020-04-12,1.65
LTU,Lithuania,2020-04-19,-0.28
LTU,Lithuania,2020-04-26,2.86
LTU,Lithuania,2020-05-03,2.67
LTU,Lithuania,2020-05-10,-6.0
LTU,Lithuania,2020-05-17,-0.57
LTU,Lithuania,2020-05-24,-7.91
LTU,Lithuania,2020-05-31,-0.72
LTU,Lithuania,2020-06-07,-1.08
LTU,Lithuania,2020-06-14,14.95
LTU,Lithuania,2020-06-21,6.92
LTU,Lithuania,2020-06-28,10.84
LTU,Lithuania,2020-07-05,-1.23
LTU,Lithuania,2020-07-12,-0.28
LTU,Lithuania,2020-07-19,7.86
LTU,Lithuania,2020-07-26,0.68
LTU,Lithuania,2020-08-02,2.38
LTU,Lithuania,2020-08-09,0.97
LTU,Lithuania,2020-08-16,6.54
LTU,Lithuania,2020-08-23,12.82
LTU,Lithuania,2020-08-30,1.0
LTU,Lithuania,2020-09-06,-1.86
LTU,Lithuania,2020-09-13,9.46
LTU,Lithuania,2020-09-20,2.07
LTU,Lithuania,2020-09-27,8.32
LTU,Lithuania,2020-10-04,-0.92
LTU,Lithuania,2020-10-11,5.38
LTU,Lithuania,2020-10-18,6.07
LTU,Lithuania,2020-10-25,8.35
LTU,Lithuania,2020-11-01,-2.66
LTU,Lithuania,2020-11-08,17.87
LTU,Lithuania,2020-11-15,25.97
LTU,Lithuania,2020-11-22,45.77
LTU,Lithuania,2020-11-29,45.77
LTU,Lithuania,2020-12-06,59.27
LTU,Lithuania,2020-12-13,60.85
LTU,Lithuania,2020-12-20,73.52
LTU,Lithuania,2020-12-27,67.19
LTU,Lithuania,2021-01-03,49.32
LTU,Lithuania,2021-01-10,36.62
LTU,Lithuania,2021-01-17,34.39
LTU,Lithuania,2021-01-24,17.61
LTU,Lithuania,2021-01-31,18.85
LTU,Lithuania,2021-02-07,5.64
LTU,Lithuania,2021-02-14,9.27
LTU,Lithuania,2021-02-21,4.66
LTU,Lithuania,2021-02-28,-13.64
LTU,Lithuania,2021-03-07,-1.34
LUX,Luxembourg,2020-01-05,-27.42
LUX,Luxembourg,2020-01-12,-8.03
LUX,Luxembourg,2020-01-19,2.97
LUX,Luxembourg,2020-01-26,-2.47
LUX,Luxembourg,2020-02-02,-9.47
LUX,Luxembourg,2020-02-09,-7.22
LUX,Luxembourg,2020-02-16,-29.01
LUX,Luxembourg,2020-02-23,-5.97
LUX,Luxembourg,2020-03-01,-15.53
LUX,Luxembourg,2020-03-08,-10.78
LUX,Luxembourg,2020-03-15,11.52
LUX,Luxembourg,2020-03-22,3.49
LUX,Luxembourg,2020-03-29,29.93
LUX,Luxembourg,2020-04-05,7.66
LUX,Luxembourg,2020-04-12,62.01
LUX,Luxembourg,2020-04-19,12.66
LUX,Luxembourg,2020-04-26,13.21
LUX,Luxembourg,2020-05-03,-3.9
LUX,Luxembourg,2020-05-10,26.42
LUX,Luxembourg,2020-05-17,7.84
LUX,Luxembourg,2020-05-24,2.09
LUX,Luxembourg,2020-05-31,14.16
LUX,Luxembourg,2020-06-07,-1.08
LUX,Luxembourg,2020-06-14,-7.51
LUX,Luxembourg,2020-06-21,17.12
LUX,Luxembourg,2020-06-28,-1.16
LUX,Luxembourg,2020-07-05,-5.59
LUX,Luxembourg,2020-07-12,-9.2
LUX,Luxembourg,2020-07-19,-0.28
LUX,Luxembourg,2020-07-26,-5.08
LUX,Luxembourg,2020-08-02,18.67
LUX,Luxembourg,2020-08-09,26.01
LUX,Luxembourg,2020-08-16,35.14
LUX,Luxembourg,2020-08-23,10.12
LUX,Luxembourg,2020-08-30,-19.74
LUX,Luxembourg,2020-09-06,13.16
LUX,Luxembourg,2020-09-13,-1.08
LUX,Luxembourg,2020-09-20,32.05
LUX,Luxembourg,2020-09-27,-8.42
LUX,Luxembourg,2020-10-04,7.51
LUX,Luxembourg,2020-10-11,-17.45
LUX,Luxembourg,2020-10-18,14.97
LUX,Luxembourg,2020-10-25,23.66
LUX,Luxembourg,2020-11-01,15.02
LUX,Luxembourg,2020-11-08,38.55
LUX,Luxembourg,2020-11-15,48.99
LUX,Luxembourg,2020-11-22,48.24
LUX,Luxembourg,2020-11-29,83.29
LUX,Luxembourg,2020-12-06,45.04
LUX,Luxembourg,2020-12-13,61.84
LUX,Luxembourg,2020-12-20,28.88
LUX,Luxembourg,2020-12-27,47.27
LUX,Luxembourg,2021-01-03,18.76
LUX,Luxembourg,2021-01-10,16.36
LUX,Luxembourg,2021-01-17,1.48
LUX,Luxembourg,2021-01-24,1.83
LUX,Luxembourg,2021-01-31,23.32
LVA,Latvia,2020-01-05,-6.37
LVA,Latvia,2020-01-12,-5.88
LVA,Latvia,2020-01-19,-16.61
LVA,Latvia,2020-01-26,-11.0
LVA,Latvia,2020-02-02,-10.17
LVA,Latvia,2020-02-09,-10.37
LVA,Latvia,2020-02-16,-10.7
LVA,Latvia,2020-02-23,-14.19
LVA,Latvia,2020-03-01,-17.51
LVA,Latvia,2020-03-08,-20.05
LVA,Latvia,2020-03-15,-8.69
LVA,Latvia,2020-03-22,-10.24
LVA,Latvia,2020-03-29,-11.58
LVA,Latvia,2020-04-05,-2.68
LVA,Latvia,2020-04-12,-1.98
LVA,Latvia,2020-04-19,-7.58
LVA,Latvia,2020-04-26,-0.62
LVA,Latvia,2020-05-03,1.25
LVA,Latvia,2020-05-10,-16.3
LVA,Latvia,2020-05-17,9.65
LVA,Latvia,2020-05-24,1.92
LVA,Latvia,2020-05-31,-5.7
LVA,Latvia,2020-06-07,-0.76
LVA,Latvia,2020-06-14,7.37
LVA,Latvia,2020-06-21,-2.87
LVA,Latvia,2020-06-28,11.49
LVA,Latvia,2020-07-05,3.43
LVA,Latvia,2020-07-12,-7.96
LVA,Latvia,2020-07-19,-1.62
LVA,Latvia,2020-07-26,-1.37
LVA,Latvia,2020-08-02,-2.22
LVA,Latvia,2020-08-09,4.02
LVA,Latvia,2020-08-16,5.31
LVA,Latvia,2020-08-23,5.56
LVA,Latvia,2020-08-30,-1.79
LVA,Latvia,2020-09-06,0.0
LVA,Latvia,2020-09-13,-4.77
LVA,Latvia,2020-09-20,-3.76
LVA,Latvia,2020-09-27,0.04
LVA,Latvia,2020-10-04,-0.97
LVA,Latvia,2020-10-11,-3.14
LVA,Latvia,2020-10-18,2.57
LVA,Latvia,2020-10-25,9.24
LVA,Latvia,2020-11-01,1.26
LVA,Latvia,2020-11-08,7.66
LVA,Latvia,2020-11-15,7.39
LVA,Latvia,2020-11-22,11.17
LVA,Latvia,2020-11-29,13.51
LVA,Latvia,2020-12-06,20.48
LVA,Latvia,2020-12-13,28.32
LVA,Latvia,2020-12-20,22.67
LVA,Latvia,2020-12-27,39.55
LVA,Latvia,2021-01-03,27.23
LVA,Latvia,2021-01-10,36.6
LVA,Latvia,2021-01-17,31.58
LVA,Latvia,2021-01-24,24.76
LVA,Latvia,2021-01-31,26.75
LVA,Latvia,2021-02-07,24.67
LVA,Latvia,2021-02-14,18.37
LVA,Latvia,2021-02-21,12.08
LVA,Latvia,2021-02-28,5.67
LVA,Latvia,2021-03-07,-5.59
LVA,Latvia,2021-03-14,-2.8
MAC,Macao SAR China,2020-01-31,-3.64
MAC,Macao SAR China,2020-02-29,6.98
MAC,Macao SAR China,2020-03-31,-10.31
MAC,Macao SAR China,2020-04-30,9.0
MAC,Macao SAR China,2020-05-31,-4.51
MAC,Macao SAR China,2020-06-30,3.25
MAC,Macao SAR China,2020-07-31,1.85
MAC,Macao SAR China,2020-08-31,15.34
MAC,Macao SAR China,2020-09-30,13.58
MAC,Macao SAR China,2020-10-31,11.25
MAC,Macao SAR China,2020-11-30,14.42
MAC,Macao SAR China,2020-12-31,-4.33
MAC,Macao SAR China,2021-01-31,0.67
MDA,Moldova,2020-01-31,-12.66
MDA,Moldova,2020-02-29,-6.65
MDA,Moldova,2020-03-31,-20.04
MDA,Moldova,2020-04-30,-26.54
MDA,Moldova,2020-05-31,21.08
MDA,Moldova,2020-06-30,12.92
MDA,Moldova,2020-07-31,21.67
MDA,Moldova,2020-08-31,1.68
MDA,Moldova,2020-09-30,22.92
MDA,Moldova,2020-10-31,21.61
MDA,Moldova,2020-11-30,14.75
MDA,Moldova,2020-12-31,46.79
MEX,Mexico,2020-01-05,-11.4
MEX,Mexico,2020-01-12,7.21
MEX,Mexico,2020-01-19,5.04
MEX,Mexico,2020-01-26,3.26
MEX,Mexico,2020-02-02,1.06
MEX,Mexico,2020-02-09,3.96
MEX,Mexico,2020-02-16,0.38
MEX,Mexico,2020-02-23,0.15
MEX,Mexico,2020-03-01,-2.24
MEX,Mexico,2020-03-08,0.87
MEX,Mexico,2020-03-15,1.59
MEX,Mexico,2020-03-22,-2.96
MEX,Mexico,2020-03-29,3.19
MEX,Mexico,2020-04-05,1.23
MEX,Mexico,2020-04-12,7.6
MEX,Mexico,2020-04-19,16.32
MEX,Mexico,2020-04-26,30.51
MEX,Mexico,2020-05-03,45.53
MEX,Mexico,2020-05-10,59.93
MEX,Mexico,2020-05-17,71.95
MEX,Mexico,2020-05-24,75.84
MEX,Mexico,2020-05-31,80.81
MEX,Mexico,2020-06-07,88.74
MEX,Mexico,2020-06-14,94.99
MEX,Mexico,2020-06-21,93.58
MEX,Mexico,2020-06-28,94.02
MEX,Mexico,2020-07-05,99.3
MEX,Mexico,2020-07-12,106.93
MEX,Mexico,2020-07-19,104.43
MEX,Mexico,2020-07-26,98.72
MEX,Mexico,2020-08-02,90.99
MEX,Mexico,2020-08-09,87.75
MEX,Mexico,2020-08-16,77.69
MEX,Mexico,2020-08-23,72.33
MEX,Mexico,2020-08-30,66.21
MEX,Mexico,2020-09-06,58.94
MEX,Mexico,2020-09-13,50.74
MEX,Mexico,2020-09-20,43.44
MEX,Mexico,2020-09-27,47.42
MEX,Mexico,2020-10-04,40.19
MEX,Mexico,2020-10-11,41.61
MEX,Mexico,2020-10-18,41.18
MEX,Mexico,2020-10-25,45.98
MEX,Mexico,2020-11-01,48.31
MEX,Mexico,2020-11-08,54.97
MEX,Mexico,2020-11-15,54.74
MEX,Mexico,2020-11-22,53.45
MEX,Mexico,2020-11-29,56.55
MEX,Mexico,2020-12-06,61.7
MEX,Mexico,2020-12-13,66.11
MEX,Mexico,2020-12-20,72.57
MEX,Mexico,2020-12-27,85.95
MEX,Mexico,2021-01-03,105.26
MEX,Mexico,2021-01-10,116.84
MEX,Mexico,2021-01-17,154.03
MEX,Mexico,2021-01-24,183.31
MEX,Mexico,2021-01-31,130.45
MEX,Mexico,2021-02-07,95.1
MEX,Mexico,2021-02-14,59.12
MKD,North Macedonia,2020-01-31,-14.0
MKD,North Macedonia,2020-02-29,-6.58
MKD,North Macedonia,2020-03-31,-7.15
MKD,North Macedonia,2020-04-30,0.85
MKD,North Macedonia,2020-05-31,-2.13
MKD,North Macedonia,2020-06-30,20.83
MKD,North Macedonia,2020-07-31,20.45
MKD,North Macedonia,2020-08-31,11.66
MKD,North Macedonia,2020-09-30,17.45
MKD,North Macedonia,2020-10-31,4.54
MKD,North Macedonia,2020-11-30,94.53
MKD,North Macedonia,2020-12-31,141.92
MKD,North Macedonia,2021-01-31,4.18
MLT,Malta,2020-01-05,-3.33
MLT,Malta,2020-01-12,10.45
MLT,Malta,2020-01-19,8.3
MLT,Malta,2020-01-26,0.69
MLT,Malta,2020-02-02,-10.47
MLT,Malta,2020-02-09,3.21
MLT,Malta,2020-02-16,-12.2
MLT,Malta,2020-02-23,-17.23
MLT,Malta,2020-03-01,-16.67
MLT,Malta,2020-03-08,-11.62
MLT,Malta,2020-03-15,23.63
MLT,Malta,2020-03-22,36.48
MLT,Malta,2020-03-29,18.34
MLT,Malta,2020-04-05,4.46
MLT,Malta,2020-04-12,15.62
MLT,Malta,2020-04-19,38.81
MLT,Malta,2020-04-26,-7.89
MLT,Malta,2020-05-03,11.78
MLT,Malta,2020-05-10,8.9
MLT,Malta,2020-05-17,17.55
MLT,Malta,2020-05-24,-15.03
MLT,Malta,2020-05-31,2.13
MLT,Malta,2020-06-07,12.46
MLT,Malta,2020-06-14,-11.21
MLT,Malta,2020-06-21,9.32
MLT,Malta,2020-06-28,-20.07
MLT,Malta,2020-07-05,16.16
MLT,Malta,2020-07-12,2.99
MLT,Malta,2020-07-19,18.08
MLT,Malta,2020-07-26,-0.32
MLT,Malta,2020-08-02,1.59
MLT,Malta,2020-08-09,0.0
MLT,Malta,2020-08-16,0.0
MLT,Malta,2020-08-23,44.13
MLT,Malta,2020-08-30,21.67
MLT,Malta,2020-09-06,14.89
MLT,Malta,2020-09-13,5.61
MLT,Malta,2020-09-20,17.1
MLT,Malta,2020-09-27,44.93
MLT,Malta,2020-10-04,48.41
MLT,Malta,2020-10-11,16.78
MLT,Malta,2020-10-18,-2.52
MLT,Malta,2020-10-25,11.3
MLT,Malta,2020-11-01,47.35
MLT,Malta,2020-11-08,44.33
MLT,Malta,2020-11-15,41.37
MLT,Malta,2020-11-22,36.65
MLT,Malta,2020-11-29,35.17
MLT,Malta,2020-12-06,55.88
MLT,Malta,2020-12-13,42.86
MLT,Malta,2020-12-20,53.3
MLT,Malta,2020-12-27,31.09
MLT,Malta,2021-01-03,3.25
MLT,Malta,2021-01-10,-7.48
MLT,Malta,2021-01-17,-0.24
MLT,Malta,2021-01-24,15.38
MLT,Malta,2021-01-31,2.97
MLT,Malta,2021-02-07,1.16
MLT,Malta,2021-02-14,-3.67
MLT,Malta,2021-02-21,0.0
MNE,Montenegro,2020-01-05,-43.05
MNE,Montenegro,2020-01-12,-21.44
MNE,Montenegro,2020-01-19,-4.35
MNE,Montenegro,2020-01-26,-7.51
MNE,Montenegro,2020-02-02,-5.44
MNE,Montenegro,2020-02-09,12.78
MNE,Montenegro,2020-02-16,1.72
MNE,Montenegro,2020-02-23,-2.87
MNE,Montenegro,2020-03-01,-15.72
MNE,Montenegro,2020-03-08,1.59
MNE,Montenegro,2020-03-15,-6.15
MNE,Montenegro,2020-03-22,-3.96
MNE,Montenegro,2020-03-29,28.42
MNE,Montenegro,2020-04-05,-13.36
MNE,Montenegro,2020-04-12,2.52
MNE,Montenegro,2020-04-19,-3.75
MNE,Montenegro,2020-04-26,-18.55
MNE,Montenegro,2020-05-03,-7.28
MNE,Montenegro,2020-05-10,-13.16
MNE,Montenegro,2020-05-17,4.55
MNE,Montenegro,2020-05-24,1.8
MNE,Montenegro,2020-05-31,4.55
MNE,Montenegro,2020-06-07,-7.74
MNE,Montenegro,2020-06-14,-7.07
MNE,Montenegro,2020-06-21,-12.17
MNE,Montenegro,2020-06-28,-3.04
MNE,Montenegro,2020-07-05,38.74
MNE,Montenegro,2020-07-12,20.18
MNE,Montenegro,2020-07-19,28.98
MNE,Montenegro,2020-07-26,20.37
MNE,Montenegro,2020-08-02,26.47
MNE,Montenegro,2020-08-09,5.86
MNE,Montenegro,2020-08-16,2.75
MNE,Montenegro,2020-08-23,24.55
MNE,Montenegro,2020-08-30,30.93
MNE,Montenegro,2020-09-06,23.54
MNE,Montenegro,2020-09-13,13.47
MNE,Montenegro,2020-09-20,14.91
MNE,Montenegro,2020-09-27,35.33
MNE,Montenegro,2020-10-04,18.44
MNE,Montenegro,2020-10-11,25.86
MNE,Montenegro,2020-10-18,36.83
MNE,Montenegro,2020-10-25,55.61
MNE,Montenegro,2020-11-01,46.91
MNE,Montenegro,2020-11-08,42.5
MNE,Montenegro,2020-11-15,30.82
MNE,Montenegro,2020-11-22,59.39
MNE,Montenegro,2020-11-29,38.84
MNE,Montenegro,2020-12-06,31.75
MNE,Montenegro,2020-12-13,18.8
MNE,Montenegro,2020-12-20,30.38
MNE,Montenegro,2020-12-27,38.13
MNG,Mongolia,2020-01-31,-3.44
MNG,Mongolia,2020-02-29,-0.22
MNG,Mongolia,2020-03-31,-10.14
MNG,Mongolia,2020-04-30,-2.6
MNG,Mongolia,2020-05-31,-9.33
MNG,Mongolia,2020-06-30,-1.69
MNG,Mongolia,2020-07-31,1.87
MNG,Mongolia,2020-08-31,-2.61
MNG,Mongolia,2020-09-30,1.18
MNG,Mongolia,2020-10-31,2.16
MNG,Mongolia,2020-11-30,-2.61
MUS,Mauritius,2020-01-31,6.94
MUS,Mauritius,2020-02-29,7.48
MUS,Mauritius,2020-03-31,4.66
MUS,Mauritius,2020-04-30,5.77
MUS,Mauritius,2020-05-31,5.81
MUS,Mauritius,2020-06-30,12.21
MUS,Mauritius,2020-07-31,1.6
MUS,Mauritius,2020-08-31,7.6
MUS,Mauritius,2020-09-30,-0.07
MUS,Mauritius,2020-10-31,8.12
MUS,Mauritius,2020-11-30,10.71
MUS,Mauritius,2020-12-31,6.39
NIC,Nicaragua,2020-01-31,1.66
NIC,Nicaragua,2020-02-29,3.98
NIC,Nicaragua,2020-03-31,42.47
NIC,Nicaragua,2020-04-30,66.69
NIC,Nicaragua,2020-05-31,73.11
NIC,Nicaragua,2020-06-30,66.71
NIC,Nicaragua,2020-07-31,71.15
NIC,Nicaragua,2020-08-31,70.84
NLD,Netherlands,2020-01-05,-5.45
NLD,Netherlands,2020-01-12,0.34
NLD,Netherlands,2020-01-19,-4.01
NLD,Netherlands,2020-01-26,-8.71
NLD,Netherlands,2020-02-02,-4.45
NLD,Netherlands,2020-02-09,-2.94
NLD,Netherlands,2020-02-16,-4.05
NLD,Netherlands,2020-02-23,-12.69
NLD,Netherlands,2020-03-01,-6.4
NLD,Netherlands,2020-03-08,-6.99
NLD,Netherlands,2020-03-15,0.85
NLD,Netherlands,2020-03-22,17.83
NLD,Netherlands,2020-03-29,46.53
NLD,Netherlands,2020-04-05,74.62
NLD,Netherlands,2020-04-12,74.98
NLD,Netherlands,2020-04-19,52.09
NLD,Netherlands,2020-04-26,39.73
NLD,Netherlands,2020-05-03,23.72
NLD,Netherlands,2020-05-10,7.31
NLD,Netherlands,2020-05-17,1.92
NLD,Netherlands,2020-05-24,1.85
NLD,Netherlands,2020-05-31,0.63
NLD,Netherlands,2020-06-07,1.39
NLD,Netherlands,2020-06-14,2.33
NLD,Netherlands,2020-06-21,2.96
NLD,Netherlands,2020-06-28,-0.02
NLD,Netherlands,2020-07-05,-3.67
NLD,Netherlands,2020-07-12,-0.61
NLD,Netherlands,2020-07-19,-4.89
NLD,Netherlands,2020-07-26,-0.52
NLD,Netherlands,2020-08-02,2.65
NLD,Netherlands,2020-08-09,0.43
NLD,Netherlands,2020-08-16,24.73
NLD,Netherlands,2020-08-23,9.71
NLD,Netherlands,2020-08-30,4.99
NLD,Netherlands,2020-09-06,4.75
NLD,Netherlands,2020-09-13,3.63
NLD,Netherlands,2020-09-20,3.53
NLD,Netherlands,2020-09-27,7.29
NLD,Netherlands,2020-10-04,10.24
NLD,Netherlands,2020-10-11,7.32
NLD,Netherlands,2020-10-18,16.77
NLD,Netherlands,2020-10-25,23.13
NLD,Netherlands,2020-11-01,31.86
NLD,Netherlands,2020-11-08,26.2
NLD,Netherlands,2020-11-15,25.56
NLD,Netherlands,2020-11-22,14.66
NLD,Netherlands,2020-11-29,17.15
NLD,Netherlands,2020-12-06,18.74
NLD,Netherlands,2020-12-13,17.29
NLD,Netherlands,2020-12-20,27.24
NLD,Netherlands,2020-12-27,28.07
NLD,Netherlands,2021-01-03,35.51
NLD,Netherlands,2021-01-10,26.12
NLD,Netherlands,2021-01-17,14.59
NLD,Netherlands,2021-01-24,16.96
NLD,Netherlands,2021-01-31,11.06
NLD,Netherlands,2021-02-07,10.08
NLD,Netherlands,2021-02-14,7.61
NLD,Netherlands,2021-02-21,5.33
NLD,Netherlands,2021-02-28,-5.87
NLD,Netherlands,2021-03-07,-7.09
NLD,Netherlands,2021-03-14,-3.85
NLD,Netherlands,2021-03-21,-3.38
NOR,Norway,2020-01-05,-6.75
NOR,Norway,2020-01-12,3.75
NOR,Norway,2020-01-19,-7.74
NOR,Norway,2020-01-26,-2.24
NOR,Norway,2020-02-02,-8.96
NOR,Norway,2020-02-09,-7.41
NOR,Norway,2020-02-16,-1.9
NOR,Norway,2020-02-23,-6.18
NOR,Norway,2020-03-01,-4.49
NOR,Norway,2020-03-08,-7.99
NOR,Norway,2020-03-15,-0.27
NOR,Norway,2020-03-22,-0.98
NOR,Norway,2020-03-29,9.45
NOR,Norway,2020-04-05,4.08
NOR,Norway,2020-04-12,6.92
NOR,Norway,2020-04-19,6.42
NOR,Norway,2020-04-26,-0.51
NOR,Norway,2020-05-03,1.81
NOR,Norway,2020-05-10,0.76
NOR,Norway,2020-05-17,-5.47
NOR,Norway,2020-05-24,1.07
NOR,Norway,2020-05-31,-7.23
NOR,Norway,2020-06-07,-4.93
NOR,Norway,2020-06-14,1.02
NOR,Norway,2020-06-21,2.07
NOR,Norway,2020-06-28,-6.97
NOR,Norway,2020-07-05,-6.63
NOR,Norway,2020-07-12,-7.38
NOR,Norway,2020-07-19,4.26
NOR,Norway,2020-07-26,1.05
NOR,Norway,2020-08-02,7.44
NOR,Norway,2020-08-09,2.76
NOR,Norway,2020-08-16,3.5
NOR,Norway,2020-08-23,4.02
NOR,Norway,2020-08-30,-4.83
NOR,Norway,2020-09-06,-1.77
NOR,Norway,2020-09-13,10.81
NOR,Norway,2020-09-20,7.13
NOR,Norway,2020-09-27,0.22
NOR,Norway,2020-10-04,7.64
NOR,Norway,2020-10-11,-0.99
NOR,Norway,2020-10-18,-4.83
NOR,Norway,2020-10-25,4.6
NOR,Norway,2020-11-01,4.46
NOR,Norway,2020-11-08,1.2
NOR,Norway,2020-11-15,-0.31
NOR,Norway,2020-11-22,2.82
NOR,Norway,2020-11-29,-3.23
NOR,Norway,2020-12-06,-4.63
NOR,Norway,2020-12-13,1.89
NOR,Norway,2020-12-20,-2.01
NOR,Norway,2020-12-27,-5.73
NOR,Norway,2021-01-03,-5.5
NOR,Norway,2021-01-10,-11.29
NOR,Norway,2021-01-17,-6.17
NOR,Norway,2021-01-24,-6.08
NOR,Norway,2021-01-31,-5.4
NOR,Norway,2021-02-07,-12.87
NOR,Norway,2021-02-14,-8.8
NOR,Norway,2021-02-21,-15.49
NOR,Norway,2021-02-28,-15.05
NOR,Norway,2021-03-07,-24.09
NZL,New Zealand,2020-01-05,3.97
NZL,New Zealand,2020-01-12,-1.19
NZL,New Zealand,2020-01-19,11.59
NZL,New Zealand,2020-01-26,4.21
NZL,New Zealand,2020-02-02,7.33
NZL,New Zealand,2020-02-09,3.7
NZL,New Zealand,2020-02-16,11.75
NZL,New Zealand,2020-02-23,9.35
NZL,New Zealand,2020-03-01,3.05
NZL,New Zealand,2020-03-08,5.96
NZL,New Zealand,2020-03-15,2.04
NZL,New Zealand,2020-03-22,6.28
NZL,New Zealand,2020-03-29,3.23
NZL,New Zealand,2020-04-05,6.22
NZL,New Zealand,2020-04-12,11.28
NZL,New Zealand,2020-04-19,7.79
NZL,New Zealand,2020-04-26,4.19
NZL,New Zealand,2020-05-03,-8.18
NZL,New Zealand,2020-05-10,-0.41
NZL,New Zealand,2020-05-17,0.75
NZL,New Zealand,2020-05-24,-4.46
NZL,New Zealand,2020-05-31,-8.82
NZL,New Zealand,2020-06-07,-6.96
NZL,New Zealand,2020-06-14,-3.54
NZL,New Zealand,2020-06-21,-6.14
NZL,New Zealand,2020-06-28,-7.99
NZL,New Zealand,2020-07-05,-9.38
NZL,New Zealand,2020-07-12,-12.48
NZL,New Zealand,2020-07-19,-3.61
NZL,New Zealand,2020-07-26,-6.36
NZL,New Zealand,2020-08-02,-7.71
NZL,New Zealand,2020-08-09,-12.64
NZL,New Zealand,2020-08-16,-11.55
NZL,New Zealand,2020-08-23,-4.57
NZL,New Zealand,2020-08-30,-12.45
NZL,New Zealand,2020-09-06,-5.01
NZL,New Zealand,2020-09-13,-8.67
NZL,New Zealand,2020-09-20,-10.2
NZL,New Zealand,2020-09-27,-5.56
NZL,New Zealand,2020-10-04,1.24
NZL,New Zealand,2020-10-11,-7.1
NZL,New Zealand,2020-10-18,0.0
NZL,New Zealand,2020-10-25,12.14
NZL,New Zealand,2020-11-01,-5.82
NZL,New Zealand,2020-11-08,3.24
NZL,New Zealand,2020-11-15,-0.31
NZL,New Zealand,2020-11-22,0.1
NZL,New Zealand,2020-11-29,10.13
NZL,New Zealand,2020-12-06,11.46
NZL,New Zealand,2020-12-13,6.39
NZL,New Zealand,2020-12-20,15.04
NZL,New Zealand,2020-12-27,6.56
NZL,New Zealand,2021-01-03,14.75
NZL,New Zealand,2021-01-10,17.32
NZL,New Zealand,2021-01-17,7.14
NZL,New Zealand,2021-01-24,14.38
NZL,New Zealand,2021-01-31,2.84
NZL,New Zealand,2021-02-07,11.69
NZL,New Zealand,2021-02-14,13.76
NZL,New Zealand,2021-02-21,5.97
NZL,New Zealand,2021-02-28,5.49
NZL,New Zealand,2021-03-07,8.78
NZL,New Zealand,2021-03-14,2.67
OMN,Oman,2020-01-31,2.3
OMN,Oman,2020-02-29,2.23
OMN,Oman,2020-03-31,8.04
OMN,Oman,2020-04-30,2.0
OMN,Oman,2020-05-31,10.69
OMN,Oman,2020-06-30,29.01
OMN,Oman,2020-07-31,43.47
OMN,Oman,2020-08-31,43.08
OMN,Oman,2020-09-30,58.26
OMN,Oman,2020-10-31,53.47
OMN,Oman,2020-11-30,29.57
OMN,Oman,2020-12-31,13.61
OMN,Oman,2021-01-31,4.56
OMN,Oman,2021-02-28,7.81
PAN,Panama,2020-01-31,22.06
PAN,Panama,2020-02-29,5.59
PAN,Panama,2020-03-31,-18.48
PAN,Panama,2020-04-30,-95.59
PAN,Panama,2020-05-31,59.45
PAN,Panama,2020-06-30,42.36
PAN,Panama,2020-07-31,62.69
PAN,Panama,2020-08-31,62.74
PAN,Panama,2020-09-30,45.98
PAN,Panama,2020-10-31,27.44
PAN,Panama,2020-11-30,31.67
PAN,Panama,2020-12-31,29.04
PHL,Philippines,2020-01-31,2.83
PHL,Philippines,2020-02-29,1.68
PHL,Philippines,2020-03-31,-4.52
PHL,Philippines,2020-04-30,-5.82
PHL,Philippines,2020-05-31,2.08
PHL,Philippines,2020-06-30,4.98
PHL,Philippines,2020-07-31,11.14
PHL,Philippines,2020-08-31,11.97
PHL,Philippines,2020-09-30,8.79
PHL,Philippines,2020-10-31,4.46
PHL,Philippines,2020-11-30,2.71
POL,Poland,2020-01-05,-0.47
POL,Poland,2020-01-12,-3.18
POL,Poland,2020-01-19,-5.63
POL,Poland,2020-01-26,-6.94
POL,Poland,2020-02-02,-3.51
POL,Poland,2020-02-09,-5.41
POL,Poland,2020-02-16,-2.86
POL,Poland,2020-02-23,-3.59
POL,Poland,2020-03-01,-3.61
POL,Poland,2020-03-08,-3.08
POL,Poland,2020-03-15,0.02
POL,Poland,2020-03-22,0.56
POL,Poland,2020-03-29,0.02
POL,Poland,2020-04-05,0.43
POL,Poland,2020-04-12,2.45
POL,Poland,2020-04-19,7.57
POL,Poland,2020-04-26,1.65
POL,Poland,2020-05-03,4.47
POL,Poland,2020-05-10,4.06
POL,Poland,2020-05-17,5.46
POL,Poland,2020-05-24,3.87
POL,Poland,2020-05-31,5.44
POL,Poland,2020-06-07,8.35
POL,Poland,2020-06-14,7.59
POL,Poland,2020-06-21,3.26
POL,Poland,2020-06-28,5.29
POL,Poland,2020-07-05,9.11
POL,Poland,2020-07-12,4.45
POL,Poland,2020-07-19,6.22
POL,Poland,2020-07-26,3.36
POL,Poland,2020-08-02,8.01
POL,Poland,2020-08-09,10.87
POL,Poland,2020-08-16,15.15
POL,Poland,2020-08-23,16.03
POL,Poland,2020-08-30,4.33
POL,Poland,2020-09-06,7.86
POL,Poland,2020-09-13,10.96
POL,Poland,2020-09-20,14.25
POL,Poland,2020-09-27,10.82
POL,Poland,2020-10-04,10.43
POL,Poland,2020-10-11,21.37
POL,Poland,2020-10-18,32.93
POL,Poland,2020-10-25,62.7
POL,Poland,2020-11-01,94.01
POL,Poland,2020-11-08,116.66
POL,Poland,2020-11-15,107.31
POL,Poland,2020-11-22,94.23
POL,Poland,2020-11-29,77.7
POL,Poland,2020-12-06,64.78
POL,Poland,2020-12-13,53.21
POL,Poland,2020-12-20,45.6
POL,Poland,2020-12-27,46.35
POL,Poland,2021-01-03,42.1
POL,Poland,2021-01-10,34.78
POL,Poland,2021-01-17,28.79
POL,Poland,2021-01-24,28.92
POL,Poland,2021-01-31,20.4
POL,Poland,2021-02-07,10.85
POL,Poland,2021-02-14,12.04
POL,Poland,2021-02-21,13.28
POL,Poland,2021-02-28,9.96
POL,Poland,2021-03-07,8.34
POL,Poland,2021-03-14,12.81
PRT,Portugal,2020-01-05,-10.18
PRT,Portugal,2020-01-12,-10.61
PRT,Portugal,2020-01-19,-6.81
PRT,Portugal,2020-01-26,-1.9
PRT,Portugal,2020-02-02,-0.59
PRT,Portugal,2020-02-09,1.59
PRT,Portugal,2020-02-16,-5.8
PRT,Portugal,2020-02-23,-8.73
PRT,Portugal,2020-03-01,-4.11
PRT,Portugal,2020-03-08,-1.3
PRT,Portugal,2020-03-15,-4.15
PRT,Portugal,2020-03-22,6.81
PRT,Portugal,2020-03-29,12.93
PRT,Portugal,2020-04-05,16.42
PRT,Portugal,2020-04-12,25.9
PRT,Portugal,2020-04-19,29.88
PRT,Portugal,2020-04-26,20.07
PRT,Portugal,2020-05-03,16.99
PRT,Portugal,2020-05-10,13.3
PRT,Portugal,2020-05-17,10.87
PRT,Portugal,2020-05-24,7.25
PRT,Portugal,2020-05-31,8.0
PRT,Portugal,2020-06-07,24.08
PRT,Portugal,2020-06-14,7.92
PRT,Portugal,2020-06-21,-5.75
PRT,Portugal,2020-06-28,4.76
PRT,Portugal,2020-07-05,17.14
PRT,Portugal,2020-07-12,11.57
PRT,Portugal,2020-07-19,21.31
PRT,Portugal,2020-07-26,42.63
PRT,Portugal,2020-08-02,28.16
PRT,Portugal,2020-08-09,14.33
PRT,Portugal,2020-08-16,14.43
PRT,Portugal,2020-08-23,0.95
PRT,Portugal,2020-08-30,12.04
PRT,Portugal,2020-09-06,12.15
PRT,Portugal,2020-09-13,15.36
PRT,Portugal,2020-09-20,22.62
PRT,Portugal,2020-09-27,13.67
PRT,Portugal,2020-10-04,-1.4
PRT,Portugal,2020-10-11,14.04
PRT,Portugal,2020-10-18,10.88
PRT,Portugal,2020-10-25,11.38
PRT,Portugal,2020-11-01,11.83
PRT,Portugal,2020-11-08,21.59
PRT,Portugal,2020-11-15,22.94
PRT,Portugal,2020-11-22,29.29
PRT,Portugal,2020-11-29,22.7
PRT,Portugal,2020-12-06,19.84
PRT,Portugal,2020-12-13,24.71
PRT,Portugal,2020-12-20,26.05
PRT,Portugal,2020-12-27,14.38
PRT,Portugal,2021-01-03,9.55
PRT,Portugal,2021-01-10,12.44
PRT,Portugal,2021-01-17,35.97
PRT,Portugal,2021-01-24,61.23
PRT,Portugal,2021-01-31,78.14
PRT,Portugal,2021-02-07,78.8
PRT,Portugal,2021-02-14,49.19
PRT,Portugal,2021-02-21,27.15
PRT,Portugal,2021-02-28,13.52
PRT,Portugal,2021-03-07,1.74
PRT,Portugal,2021-03-14,-1.68
PRY,Paraguay,2020-01-31,8.63
PRY,Paraguay,2020-02-29,22.64
PRY,Paraguay,2020-03-31,18.44
PRY,Paraguay,2020-04-30,2.25
PRY,Paraguay,2020-05-31,-5.22
PRY,Paraguay,2020-06-30,-9.12
PRY,Paraguay,2020-07-31,-6.04
PRY,Paraguay,2020-08-31,17.07
PRY,Paraguay,2020-09-30,28.22
PRY,Paraguay,2020-10-31,30.57
PRY,Paraguay,2020-11-30,20.96
PRY,Paraguay,2020-12-31,23.54
QAT,Qatar,2020-01-31,-2.83
QAT,Qatar,2020-02-29,5.1
QAT,Qatar,2020-03-31,14.75
QAT,Qatar,2020-04-30,-12.35
QAT,Qatar,2020-05-31,17.71
QAT,Qatar,2020-06-30,62.21
QAT,Qatar,2020-07-31,49.94
QAT,Qatar,2020-08-31,14.71
QAT,Qatar,2020-09-30,16.38
QAT,Qatar,2020-10-31,16.86
QAT,Qatar,2020-11-30,-16.5
QAT,Qatar,2020-12-31,5.34
QAT,Qatar,2021-01-31,7.29
ROU,Romania,2020-01-05,-9.79
ROU,Romania,2020-01-12,-8.94
ROU,Romania,2020-01-19,-7.32
ROU,Romania,2020-01-26,-8.0
ROU,Romania,2020-02-02,-6.61
ROU,Romania,2020-02-09,-3.04
ROU,Romania,2020-02-16,-4.3
ROU,Romania,2020-02-23,-7.81
ROU,Romania,2020-03-01,-5.54
ROU,Romania,2020-03-08,-6.12
ROU,Romania,2020-03-15,-6.29
ROU,Romania,2020-03-22,-5.96
ROU,Romania,2020-03-29,-2.01
ROU,Romania,2020-04-05,-0.28
ROU,Romania,2020-04-12,2.49
ROU,Romania,2020-04-19,1.66
ROU,Romania,2020-04-26,3.49
ROU,Romania,2020-05-03,-1.23
ROU,Romania,2020-05-10,2.15
ROU,Romania,2020-05-17,4.64
ROU,Romania,2020-05-24,-2.91
ROU,Romania,2020-05-31,-1.61
ROU,Romania,2020-06-07,5.15
ROU,Romania,2020-06-14,7.9
ROU,Romania,2020-06-21,-2.85
ROU,Romania,2020-06-28,5.17
ROU,Romania,2020-07-05,17.86
ROU,Romania,2020-07-12,8.75
ROU,Romania,2020-07-19,6.91
ROU,Romania,2020-07-26,6.66
ROU,Romania,2020-08-02,18.27
ROU,Romania,2020-08-09,17.65
ROU,Romania,2020-08-16,17.43
ROU,Romania,2020-08-23,18.0
ROU,Romania,2020-08-30,18.63
ROU,Romania,2020-09-06,15.83
ROU,Romania,2020-09-13,15.21
ROU,Romania,2020-09-20,15.39
ROU,Romania,2020-09-27,11.26
ROU,Romania,2020-10-04,11.57
ROU,Romania,2020-10-11,18.52
ROU,Romania,2020-10-18,23.44
ROU,Romania,2020-10-25,31.41
ROU,Romania,2020-11-01,40.02
ROU,Romania,2020-11-08,55.36
ROU,Romania,2020-11-15,59.95
ROU,Romania,2020-11-22,66.0
ROU,Romania,2020-11-29,68.32
ROU,Romania,2020-12-06,66.4
ROU,Romania,2020-12-13,55.29
ROU,Romania,2020-12-20,38.35
ROU,Romania,2020-12-27,34.52
ROU,Romania,2021-01-03,26.91
ROU,Romania,2021-01-10,10.92
ROU,Romania,2021-01-17,6.65
ROU,Romania,2021-01-24,14.53
RUS,Russian Federation,2020-01-31,-4.85
RUS,Russian Federation,2020-02-29,-4.77
RUS,Russian Federation,2020-03-31,-7.44
RUS,Russian Federation,2020-04-30,-1.89
RUS,Russian Federation,2020-05-31,8.94
RUS,Russian Federation,2020-06-30,8.08
RUS,Russian Federation,2020-07-31,20.95
RUS,Russian Federation,2020-08-31,4.99
RUS,Russian Federation,2020-09-30,18.34
RUS,Russian Federation,2020-10-31,32.73
RUS,Russian Federation,2020-11-30,49.66
RUS,Russian Federation,2020-12-31,58.13
RUS,Russian Federation,2021-01-31,27.45
SGP,Singapore,2020-01-31,17.37
SGP,Singapore,2020-02-29,10.66
SGP,Singapore,2020-03-31,6.73
SGP,Singapore,2020-04-30,13.48
SGP,Singapore,2020-05-31,4.57
SGP,Singapore,2020-06-30,-0.4
SGP,Singapore,2020-07-31,-3.49
SGP,Singapore,2020-08-31,5.36
SGP,Singapore,2020-09-30,7.98
SGP,Singapore,2020-10-31,1.6
SGP,Singapore,2020-11-30,7.35
SGP,Singapore,2020-12-31,5.19
SLV,El Salvador,2020-01-31,-2.02
SLV,El Salvador,2020-02-29,-0.08
SLV,El Salvador,2020-03-31,-13.21
SLV,El Salvador,2020-04-30,-17.1
SLV,El Salvador,2020-05-31,-7.02
SLV,El Salvador,2020-06-30,64.17
SLV,El Salvador,2020-07-31,132.11
SLV,El Salvador,2020-08-31,40.04
SMR,San Marino,2020-01-31,-3.36
SMR,San Marino,2020-02-29,17.12
SMR,San Marino,2020-03-31,135.85
SMR,San Marino,2020-04-30,37.17
SMR,San Marino,2020-05-31,23.76
SMR,San Marino,2020-06-30,35.51
SMR,San Marino,2020-07-31,26.32
SMR,San Marino,2020-08-31,2.94
SMR,San Marino,2020-09-30,-9.09
SMR,San Marino,2020-10-31,30.21
SMR,San Marino,2020-11-30,23.81
SMR,San Marino,2020-12-31,110.28
SRB,Serbia,2020-01-31,-11.42
SRB,Serbia,2020-02-29,-1.49
SRB,Serbia,2020-03-31,-11.61
SRB,Serbia,2020-04-30,1.8
SRB,Serbia,2020-05-31,4.05
SRB,Serbia,2020-06-30,6.85
SRB,Serbia,2020-07-31,24.09
SRB,Serbia,2020-08-31,13.29
SRB,Serbia,2020-09-30,8.04
SRB,Serbia,2020-10-31,-1.42
SRB,Serbia,2020-11-30,31.0
SRB,Serbia,2020-12-31,80.6
SRB,Serbia,2021-01-31,5.99
SRB,Serbia,2021-02-28,9.78
SVK,Slovak Republic,2020-01-05,-1.02
SVK,Slovak Republic,2020-01-12,-4.21
SVK,Slovak Republic,2020-01-19,-9.5
SVK,Slovak Republic,2020-01-26,-4.6
SVK,Slovak Republic,2020-02-02,-5.08
SVK,Slovak Republic,2020-02-09,-7.74
SVK,Slovak Republic,2020-02-16,-0.62
SVK,Slovak Republic,2020-02-23,-8.57
SVK,Slovak Republic,2020-03-01,-3.32
SVK,Slovak Republic,2020-03-08,-1.34
SVK,Slovak Republic,2020-03-15,1.83
SVK,Slovak Republic,2020-03-22,9.93
SVK,Slovak Republic,2020-03-29,0.25
SVK,Slovak Republic,2020-04-05,6.4
SVK,Slovak Republic,2020-04-12,-4.07
SVK,Slovak Republic,2020-04-19,-4.76
SVK,Slovak Republic,2020-04-26,-3.15
SVK,Slovak Republic,2020-05-03,-0.94
SVK,Slovak Republic,2020-05-10,5.3
SVK,Slovak Republic,2020-05-17,3.69
SVK,Slovak Republic,2020-05-24,-0.79
SVK,Slovak Republic,2020-05-31,-4.26
SVK,Slovak Republic,2020-06-07,4.42
SVK,Slovak Republic,2020-06-14,0.91
SVK,Slovak Republic,2020-06-21,-5.88
SVK,Slovak Republic,2020-06-28,1.12
SVK,Slovak Republic,2020-07-05,4.76
SVK,Slovak Republic,2020-07-12,3.29
SVK,Slovak Republic,2020-07-19,-0.04
SVK,Slovak Republic,2020-07-26,-6.49
SVK,Slovak Republic,2020-08-02,0.92
SVK,Slovak Republic,2020-08-09,10.45
SVK,Slovak Republic,2020-08-16,0.23
SVK,Slovak Republic,2020-08-23,2.7
SVK,Slovak Republic,2020-08-30,7.21
SVK,Slovak Republic,2020-09-06,2.47
SVK,Slovak Republic,2020-09-13,8.89
SVK,Slovak Republic,2020-09-20,-1.55
SVK,Slovak Republic,2020-09-27,5.13
SVK,Slovak Republic,2020-10-04,14.72
SVK,Slovak Republic,2020-10-11,8.91
SVK,Slovak Republic,2020-10-18,19.16
SVK,Slovak Republic,2020-10-25,30.1
SVK,Slovak Republic,2020-11-01,36.23
SVK,Slovak Republic,2020-11-08,42.73
SVK,Slovak Republic,2020-11-15,40.31
SVK,Slovak Republic,2020-11-22,35.96
SVK,Slovak Republic,2020-11-29,41.34
SVK,Slovak Republic,2020-12-06,49.35
SVK,Slovak Republic,2020-12-13,53.52
SVK,Slovak Republic,2020-12-20,48.67
SVK,Slovak Republic,2020-12-27,64.07
SVK,Slovak Republic,2021-01-03,88.42
SVK,Slovak Republic,2021-01-10,75.79
SVK,Slovak Republic,2021-01-17,76.63
SVK,Slovak Republic,2021-01-24,59.42
SVK,Slovak Republic,2021-01-31,50.12
SVN,Slovenia,2020-01-05,-5.12
SVN,Slovenia,2020-01-12,-6.62
SVN,Slovenia,2020-01-19,-7.9
SVN,Slovenia,2020-01-26,-4.5
SVN,Slovenia,2020-02-02,-2.75
SVN,Slovenia,2020-02-09,-2.61
SVN,Slovenia,2020-02-16,8.01
SVN,Slovenia,2020-02-23,-3.18
SVN,Slovenia,2020-03-01,-6.44
SVN,Slovenia,2020-03-08,3.18
SVN,Slovenia,2020-03-15,-1.23
SVN,Slovenia,2020-03-22,5.64
SVN,Slovenia,2020-03-29,-8.75
SVN,Slovenia,2020-04-05,-5.08
SVN,Slovenia,2020-04-12,14.7
SVN,Slovenia,2020-04-19,8.47
SVN,Slovenia,2020-04-26,3.0
SVN,Slovenia,2020-05-03,-2.53
SVN,Slovenia,2020-05-10,5.38
SVN,Slovenia,2020-05-17,-0.23
SVN,Slovenia,2020-05-24,14.25
SVN,Slovenia,2020-05-31,-6.18
SVN,Slovenia,2020-06-07,-0.98
SVN,Slovenia,2020-06-14,10.72
SVN,Slovenia,2020-06-21,7.99
SVN,Slovenia,2020-06-28,25.15
SVN,Slovenia,2020-07-05,4.74
SVN,Slovenia,2020-07-12,-4.65
SVN,Slovenia,2020-07-19,-0.68
SVN,Slovenia,2020-07-26,0.33
SVN,Slovenia,2020-08-02,11.58
SVN,Slovenia,2020-08-09,5.55
SVN,Slovenia,2020-08-16,11.11
SVN,Slovenia,2020-08-23,-2.0
SVN,Slovenia,2020-08-30,-5.01
SVN,Slovenia,2020-09-06,10.32
SVN,Slovenia,2020-09-13,9.44
SVN,Slovenia,2020-09-20,16.28
SVN,Slovenia,2020-09-27,0.74
SVN,Slovenia,2020-10-04,8.68
SVN,Slovenia,2020-10-11,7.91
SVN,Slovenia,2020-10-18,17.81
SVN,Slovenia,2020-10-25,32.51
SVN,Slovenia,2020-11-01,57.26
SVN,Slovenia,2020-11-08,66.13
SVN,Slovenia,2020-11-15,87.82
SVN,Slovenia,2020-11-22,93.18
SVN,Slovenia,2020-11-29,108.65
SVN,Slovenia,2020-12-06,98.65
SVN,Slovenia,2020-12-13,92.29
SVN,Slovenia,2020-12-20,74.86
SVN,Slovenia,2020-12-27,65.94
SVN,Slovenia,2021-01-03,59.84
SVN,Slovenia,2021-01-10,35.42
SVN,Slovenia,2021-01-17,35.91
SVN,Slovenia,2021-01-24,25.81
SVN,Slovenia,2021-01-31,10.43
SVN,Slovenia,2021-02-07,7.3
SVN,Slovenia,2021-02-14,-7.41
SWE,Sweden,2020-01-05,-7.77
SWE,Sweden,2020-01-12,-3.15
SWE,Sweden,2020-01-19,-5.98
SWE,Sweden,2020-01-26,-10.06
SWE,Sweden,2020-02-02,-2.05
SWE,Sweden,2020-02-09,-8.58
SWE,Sweden,2020-02-16,-5.36
SWE,Sweden,2020-02-23,-10.77
SWE,Sweden,2020-03-01,-10.07
SWE,Sweden,2020-03-08,-4.65
SWE,Sweden,2020-03-15,-8.94
SWE,Sweden,2020-03-22,3.73
SWE,Sweden,2020-03-29,12.05
SWE,Sweden,2020-04-05,32.11
SWE,Sweden,2020-04-12,47.05
SWE,Sweden,2020-04-19,43.37
SWE,Sweden,2020-04-26,33.83
SWE,Sweden,2020-05-03,35.78
SWE,Sweden,2020-05-10,33.28
SWE,Sweden,2020-05-17,26.53
SWE,Sweden,2020-05-24,22.76
SWE,Sweden,2020-05-31,6.02
SWE,Sweden,2020-06-07,13.92
SWE,Sweden,2020-06-14,12.85
SWE,Sweden,2020-06-21,8.7
SWE,Sweden,2020-06-28,7.34
SWE,Sweden,2020-07-05,-0.91
SWE,Sweden,2020-07-12,0.28
SWE,Sweden,2020-07-19,-3.79
SWE,Sweden,2020-07-26,-1.38
SWE,Sweden,2020-08-02,-2.24
SWE,Sweden,2020-08-09,2.71
SWE,Sweden,2020-08-16,-0.69
SWE,Sweden,2020-08-23,2.55
SWE,Sweden,2020-08-30,-6.4
SWE,Sweden,2020-09-06,-3.47
SWE,Sweden,2020-09-13,-1.52
SWE,Sweden,2020-09-20,-3.56
SWE,Sweden,2020-09-27,-1.91
SWE,Sweden,2020-10-04,-5.68
SWE,Sweden,2020-10-11,-6.53
SWE,Sweden,2020-10-18,-0.93
SWE,Sweden,2020-10-25,-6.01
SWE,Sweden,2020-11-01,-0.26
SWE,Sweden,2020-11-08,0.6
SWE,Sweden,2020-11-15,10.55
SWE,Sweden,2020-11-22,19.45
SWE,Sweden,2020-11-29,12.73
SWE,Sweden,2020-12-06,20.27
SWE,Sweden,2020-12-13,20.79
SWE,Sweden,2020-12-20,27.68
SWE,Sweden,2020-12-27,26.5
SWE,Sweden,2021-01-03,29.67
SWE,Sweden,2021-01-10,16.43
SWE,Sweden,2021-01-17,16.66
SWE,Sweden,2021-01-24,14.82
SWE,Sweden,2021-01-31,7.04
SWE,Sweden,2021-02-07,-2.31
SWE,Sweden,2021-02-14,-1.7
SWE,Sweden,2021-02-21,-5.11
SWE,Sweden,2021-02-28,-10.36
SWE,Sweden,2021-03-07,-17.86
SWE,Sweden,2021-03-14,-8.36
THA,Thailand,2020-01-31,10.03
THA,Thailand,2020-02-29,3.77
THA,Thailand,2020-03-31,9.93
THA,Thailand,2020-04-30,-5.31
THA,Thailand,2020-05-31,-2.98
THA,Thailand,2020-06-30,6.54
THA,Thailand,2020-07-31,1.3
THA,Thailand,2020-08-31,2.4
THA,Thailand,2020-09-30,1.18
THA,Thailand,2020-10-31,-0.48
THA,Thailand,2020-11-30,10.04
THA,Thailand,2020-12-31,11.63
THA,Thailand,2021-01-31,9.01
THA,Thailand,2021-02-28,-0.23
TUN,Tunisia,2020-01-05,3.21
TUN,Tunisia,2020-01-12,-2.28
TUN,Tunisia,2020-01-19,5.49
TUN,Tunisia,2020-01-26,4.35
TUN,Tunisia,2020-02-02,6.08
TUN,Tunisia,2020-02-09,6.74
TUN,Tunisia,2020-02-16,4.82
TUN,Tunisia,2020-02-23,0.05
TUN,Tunisia,2020-03-01,-5.64
TUN,Tunisia,2020-03-08,-2.82
TUN,Tunisia,2020-03-15,-2.14
TUN,Tunisia,2020-03-22,-0.49
TUN,Tunisia,2020-03-29,1.0
TUN,Tunisia,2020-04-05,2.81
TUN,Tunisia,2020-04-12,0.59
TUN,Tunisia,2020-04-19,-4.77
TUN,Tunisia,2020-04-26,-7.16
TUN,Tunisia,2020-05-03,-3.51
TUN,Tunisia,2020-05-10,-4.24
TUN,Tunisia,2020-05-17,-0.9
TUN,Tunisia,2020-05-24,-1.15
TUN,Tunisia,2020-05-31,-6.69
TUN,Tunisia,2020-06-07,-1.15
TUN,Tunisia,2020-06-14,0.74
TUN,Tunisia,2020-06-21,1.19
TUN,Tunisia,2020-06-28,11.47
TUN,Tunisia,2020-07-05,-0.67
TUN,Tunisia,2020-07-12,-3.58
TUN,Tunisia,2020-07-19,-5.83
TUN,Tunisia,2020-07-26,-1.77
TUN,Tunisia,2020-08-02,14.59
TUN,Tunisia,2020-08-09,-7.84
TUN,Tunisia,2020-08-16,12.71
TUN,Tunisia,2020-08-23,18.36
TUN,Tunisia,2020-08-30,4.65
TUN,Tunisia,2020-09-06,5.0
TUN,Tunisia,2020-09-13,0.83
TUN,Tunisia,2020-09-20,21.04
TUN,Tunisia,2020-09-27,23.99
TUN,Tunisia,2020-10-04,34.14
TUN,Tunisia,2020-10-11,38.14
TUN,Tunisia,2020-10-18,56.91
TUN,Tunisia,2020-10-25,57.3
TUN,Tunisia,2020-11-01,54.73
TUN,Tunisia,2020-11-08,41.72
TUN,Tunisia,2020-11-15,31.99
TUN,Tunisia,2020-11-22,36.98
TUN,Tunisia,2020-11-29,30.69
TUN,Tunisia,2020-12-06,36.22
TUN,Tunisia,2020-12-13,30.5
TUN,Tunisia,2020-12-20,25.86
TUN,Tunisia,2020-12-27,29.07
TUN,Tunisia,2021-01-10,35.95
TUN,Tunisia,2021-01-17,34.68
TUN,Tunisia,2021-01-24,30.79
TUN,Tunisia,2021-01-31,28.41
TUN,Tunisia,2021-02-07,21.53
TUN,Tunisia,2021-02-14,4.74
TWN,Taiwan,2020-01-05,4.05
TWN,Taiwan,2020-01-12,3.48
TWN,Taiwan,2020-01-19,1.12
TWN,Taiwan,2020-01-26,2.14
TWN,Taiwan,2020-02-02,5.41
TWN,Taiwan,2020-02-09,6.57
TWN,Taiwan,2020-02-16,0.73
TWN,Taiwan,2020-02-23,-1.46
TWN,Taiwan,2020-03-01,-1.24
TWN,Taiwan,2020-03-08,1.51
TWN,Taiwan,2020-03-15,-8.13
TWN,Taiwan,2020-03-22,1.34
TWN,Taiwan,2020-03-29,-3.99
TWN,Taiwan,2020-04-05,-2.31
TWN,Taiwan,2020-04-12,1.65
TWN,Taiwan,2020-04-19,9.24
TWN,Taiwan,2020-04-26,0.55
TWN,Taiwan,2020-05-03,3.79
TWN,Taiwan,2020-05-10,5.89
TWN,Taiwan,2020-05-17,0.63
TWN,Taiwan,2020-05-24,-5.07
TWN,Taiwan,2020-05-31,-2.76
TWN,Taiwan,2020-06-07,0.25
TWN,Taiwan,2020-06-14,-1.06
TWN,Taiwan,2020-06-21,-2.91
TWN,Taiwan,2020-06-28,0.07
TWN,Taiwan,2020-07-05,-1.68
TWN,Taiwan,2020-07-12,-5.85
TWN,Taiwan,2020-07-19,-0.22
TWN,Taiwan,2020-07-26,-1.3
TWN,Taiwan,2020-08-02,-3.7
TWN,Taiwan,2020-08-09,-5.13
TWN,Taiwan,2020-08-16,-2.03
TWN,Taiwan,2020-08-23,0.33
TWN,Taiwan,2020-08-30,-3.54
TWN,Taiwan,2020-09-06,-1.01
TWN,Taiwan,2020-09-13,-2.37
TWN,Taiwan,2020-09-20,-0.35
TWN,Taiwan,2020-09-27,0.77
TWN,Taiwan,2020-10-04,-1.63
TWN,Taiwan,2020-10-11,0.98
TWN,Taiwan,2020-10-18,-0.01
TWN,Taiwan,2020-10-25,1.8
TWN,Taiwan,2020-11-01,4.35
TWN,Taiwan,2020-11-08,0.64
TWN,Taiwan,2020-11-15,4.38
TWN,Taiwan,2020-11-22,6.22
TWN,Taiwan,2020-11-29,1.93
TWN,Taiwan,2020-12-06,0.09
TWN,Taiwan,2020-12-13,0.71
TWN,Taiwan,2020-12-20,1.97
TWN,Taiwan,2020-12-27,2.98
UKR,Ukraine,2020-01-31,-6.18
UKR,Ukraine,2020-02-29,-2.45
UKR,Ukraine,2020-03-31,-7.22
UKR,Ukraine,2020-04-30,-5.87
UKR,Ukraine,2020-05-31,-12.56
UKR,Ukraine,2020-06-30,4.64
UKR,Ukraine,2020-07-31,2.99
UKR,Ukraine,2020-08-31,-0.5
UKR,Ukraine,2020-09-30,14.0
UKR,Ukraine,2020-10-31,18.47
UKR,Ukraine,2020-11-30,30.6
UKR,Ukraine,2020-12-31,33.82
UKR,Ukraine,2021-01-31,1.01
USA,United States,2020-01-05,0.01
USA,United States,2020-01-12,-0.41
USA,United States,2020-01-19,-0.82
USA,United States,2020-01-26,0.73
USA,United States,2020-02-02,1.29
USA,United States,2020-02-09,1.91
USA,United States,2020-02-16,1.68
USA,United States,2020-02-23,2.97
USA,United States,2020-03-01,4.3
USA,United States,2020-03-08,4.35
USA,United States,2020-03-15,4.3
USA,United States,2020-03-22,5.91
USA,United States,2020-03-29,14.53
USA,United States,2020-04-05,31.55
USA,United States,2020-04-12,45.17
USA,United States,2020-04-19,43.15
USA,United States,2020-04-26,40.01
USA,United States,2020-05-03,31.35
USA,United States,2020-05-10,28.06
USA,United States,2020-05-17,24.75
USA,United States,2020-05-24,20.31
USA,United States,2020-05-31,16.95
USA,United States,2020-06-07,14.92
USA,United States,2020-06-14,13.69
USA,United States,2020-06-21,14.14
USA,United States,2020-06-28,15.49
USA,United States,2020-07-05,17.41
USA,United States,2020-07-12,22.66
USA,United States,2020-07-19,25.5
USA,United States,2020-07-26,28.29
USA,United States,2020-08-02,27.87
USA,United States,2020-08-09,26.59
USA,United States,2020-08-16,27.24
USA,United States,2020-08-23,25.22
USA,United States,2020-08-30,21.42
USA,United States,2020-09-06,19.12
USA,United States,2020-09-13,17.37
USA,United States,2020-09-20,17.41
USA,United States,2020-09-27,18.58
USA,United States,2020-10-04,15.58
USA,United States,2020-10-11,18.08
USA,United States,2020-10-18,14.87
USA,United States,2020-10-25,16.83
USA,United States,2020-11-01,18.87
USA,United States,2020-11-08,24.69
USA,United States,2020-11-15,25.98
USA,United States,2020-11-22,29.93
USA,United States,2020-11-29,32.09
USA,United States,2020-12-06,36.03
USA,United States,2020-12-13,40.68
USA,United States,2020-12-20,41.25
USA,United States,2020-12-27,41.07
USA,United States,2021-01-03,44.75
USA,United States,2021-01-10,36.74
USA,United States,2021-01-17,33.91
USA,United States,2021-01-24,29.53
USA,United States,2021-01-31,24.53
USA,United States,2021-02-07,20.08
UZB,Uzbekistan,2020-01-31,9.4
UZB,Uzbekistan,2020-02-29,2.44
UZB,Uzbekistan,2020-03-31,-6.15
UZB,Uzbekistan,2020-04-30,-10.79
UZB,Uzbekistan,2020-05-31,-8.54
UZB,Uzbekistan,2020-06-30,13.36
UZB,Uzbekistan,2020-07-31,26.31
UZB,Uzbekistan,2020-08-31,68.99
UZB,Uzbekistan,2020-09-30,21.22
UZB,Uzbekistan,2020-10-31,31.14
UZB,Uzbekistan,2020-11-30,10.71
UZB,Uzbekistan,2020-12-31,6.41
