iso_code,country,date,owid_weekly_deaths_2015
ABW,Aruba,2020-01-31,51.0
ABW,Aruba,2020-02-29,55.0
ABW,Aruba,2020-03-31,57.0
ABW,Aruba,2020-04-30,63.0
ABW,Aruba,2020-05-31,62.0
ABW,Aruba,2020-06-30,47.0
ABW,Aruba,2020-07-31,42.0
ABW,Aruba,2020-08-31,55.0
ABW,Aruba,2020-09-30,53.0
ABW,Aruba,2020-10-31,48.0
ABW,Aruba,2020-11-30,68.0
ABW,Aruba,2020-12-31,78.0
ALB,Albania,2020-01-31,2490.0
ALB,Albania,2020-02-29,2139.0
ALB,Albania,2020-03-31,2051.0
ALB,Albania,2020-04-30,1906.0
ALB,Albania,2020-05-31,1709.0
ALB,Albania,2020-06-30,1561.0
ALB,Albania,2020-07-31,2008.0
ALB,Albania,2020-08-31,1687.0
ALB,Albania,2020-09-30,1569.0
ALB,Albania,2020-10-31,1560.0
ALB,Albania,2020-11-30,1728.0
ALB,Albania,2020-12-31,2010.0
AND,Andorra,2020-01-31,22.0
AND,Andorra,2020-02-29,25.0
AND,Andorra,2020-03-31,29.0
AND,Andorra,2020-04-30,26.0
AND,Andorra,2020-05-31,26.0
AND,Andorra,2020-06-30,16.0
AND,Andorra,2020-07-31,27.0
AND,Andorra,2020-08-31,18.0
AND,Andorra,2020-09-30,25.0
AND,Andorra,2020-10-31,25.0
AND,Andorra,2020-11-30,16.0
AND,Andorra,2020-12-31,27.0
ARM,Armenia,2020-01-31,2582.0
ARM,Armenia,2020-02-29,2363.0
ARM,Armenia,2020-03-31,2763.0
ARM,Armenia,2020-04-30,2442.0
ARM,Armenia,2020-05-31,2197.0
ARM,Armenia,2020-06-30,2288.0
ARM,Armenia,2020-07-31,2176.0
ARM,Armenia,2020-08-31,2149.0
ARM,Armenia,2020-09-30,1949.0
ARM,Armenia,2020-10-31,2101.0
ARM,Armenia,2020-11-30,2349.0
ARM,Armenia,2020-12-31,2485.0
AUS,Australia,2020-01-05,2513.0
AUS,Australia,2020-01-12,2369.0
AUS,Australia,2020-01-19,2368.0
AUS,Australia,2020-01-26,2355.0
AUS,Australia,2020-02-02,2270.0
AUS,Australia,2020-02-09,2460.0
AUS,Australia,2020-02-16,2387.0
AUS,Australia,2020-02-23,2322.0
AUS,Australia,2020-03-01,2417.0
AUS,Australia,2020-03-08,2451.0
AUS,Australia,2020-03-15,2346.0
AUS,Australia,2020-03-22,2451.0
AUS,Australia,2020-03-29,2432.0
AUS,Australia,2020-04-05,2441.0
AUS,Australia,2020-04-12,2518.0
AUS,Australia,2020-04-19,2483.0
AUS,Australia,2020-04-26,2588.0
AUS,Australia,2020-05-03,2644.0
AUS,Australia,2020-05-10,2729.0
AUS,Australia,2020-05-17,2695.0
AUS,Australia,2020-05-24,2668.0
AUS,Australia,2020-05-31,2658.0
AUS,Australia,2020-06-07,2740.0
AUS,Australia,2020-06-14,2766.0
AUS,Australia,2020-06-21,2694.0
AUS,Australia,2020-06-28,2777.0
AUS,Australia,2020-07-05,2847.0
AUS,Australia,2020-07-12,2948.0
AUS,Australia,2020-07-19,2930.0
AUS,Australia,2020-07-26,2966.0
AUS,Australia,2020-08-02,2977.0
AUS,Australia,2020-08-09,3010.0
AUS,Australia,2020-08-16,3040.0
AUS,Australia,2020-08-23,3109.0
AUS,Australia,2020-08-30,2994.0
AUS,Australia,2020-09-06,3060.0
AUS,Australia,2020-09-13,2996.0
AUS,Australia,2020-09-20,2933.0
AUS,Australia,2020-09-27,2767.0
AUS,Australia,2020-10-04,2745.0
AUS,Australia,2020-10-11,2693.0
AUS,Australia,2020-10-18,2622.0
AUS,Australia,2020-10-25,2550.0
AUS,Australia,2020-11-01,2518.0
AUS,Australia,2020-11-08,2523.0
AUS,Australia,2020-11-15,2402.0
AUS,Australia,2020-11-22,2512.0
AUS,Australia,2020-11-29,2507.0
AUS,Australia,2020-12-06,2450.0
AUS,Australia,2020-12-13,2523.0
AUS,Australia,2020-12-20,2443.0
AUS,Australia,2020-12-27,2345.0
AUT,Austria,2020-01-05,1704.0
AUT,Austria,2020-01-12,1768.0
AUT,Austria,2020-01-19,1837.0
AUT,Austria,2020-01-26,1792.0
AUT,Austria,2020-02-02,1837.0
AUT,Austria,2020-02-09,1926.0
AUT,Austria,2020-02-16,1992.0
AUT,Austria,2020-02-23,2020.0
AUT,Austria,2020-03-01,1883.0
AUT,Austria,2020-03-08,1846.0
AUT,Austria,2020-03-15,1763.0
AUT,Austria,2020-03-22,1696.0
AUT,Austria,2020-03-29,1725.0
AUT,Austria,2020-04-05,1604.0
AUT,Austria,2020-04-12,1563.0
AUT,Austria,2020-04-19,1614.0
AUT,Austria,2020-04-26,1547.0
AUT,Austria,2020-05-03,1453.0
AUT,Austria,2020-05-10,1452.0
AUT,Austria,2020-05-17,1461.0
AUT,Austria,2020-05-24,1396.0
AUT,Austria,2020-05-31,1304.0
AUT,Austria,2020-06-07,1437.0
AUT,Austria,2020-06-14,1502.0
AUT,Austria,2020-06-21,1285.0
AUT,Austria,2020-06-28,1374.0
AUT,Austria,2020-07-05,1487.0
AUT,Austria,2020-07-12,1476.0
AUT,Austria,2020-07-19,1475.0
AUT,Austria,2020-07-26,1633.0
AUT,Austria,2020-08-02,1446.0
AUT,Austria,2020-08-09,1500.0
AUT,Austria,2020-08-16,1692.0
AUT,Austria,2020-08-23,1376.0
AUT,Austria,2020-08-30,1476.0
AUT,Austria,2020-09-06,1389.0
AUT,Austria,2020-09-13,1447.0
AUT,Austria,2020-09-20,1459.0
AUT,Austria,2020-09-27,1410.0
AUT,Austria,2020-10-04,1494.0
AUT,Austria,2020-10-11,1409.0
AUT,Austria,2020-10-18,1481.0
AUT,Austria,2020-10-25,1498.0
AUT,Austria,2020-11-01,1433.0
AUT,Austria,2020-11-08,1460.0
AUT,Austria,2020-11-15,1527.0
AUT,Austria,2020-11-22,1486.0
AUT,Austria,2020-11-29,1488.0
AUT,Austria,2020-12-06,1509.0
AUT,Austria,2020-12-13,1517.0
AUT,Austria,2020-12-20,1538.0
AUT,Austria,2020-12-27,1545.0
AZE,Azerbaijan,2020-01-31,5146.0
AZE,Azerbaijan,2020-02-29,5227.0
AZE,Azerbaijan,2020-03-31,4824.0
AZE,Azerbaijan,2020-04-30,4664.0
AZE,Azerbaijan,2020-05-31,5066.0
AZE,Azerbaijan,2020-06-30,4824.0
AZE,Azerbaijan,2020-07-31,4744.0
AZE,Azerbaijan,2020-08-31,4744.0
AZE,Azerbaijan,2020-09-30,4664.0
AZE,Azerbaijan,2020-10-31,4583.0
AZE,Azerbaijan,2020-11-30,4583.0
AZE,Azerbaijan,2020-12-31,4664.0
BEL,Belgium,2020-01-05,2461.0
BEL,Belgium,2020-01-12,2525.0
BEL,Belgium,2020-01-19,2526.0
BEL,Belgium,2020-01-26,2510.0
BEL,Belgium,2020-02-02,2644.0
BEL,Belgium,2020-02-09,2727.0
BEL,Belgium,2020-02-16,2892.0
BEL,Belgium,2020-02-23,2774.0
BEL,Belgium,2020-03-01,2643.0
BEL,Belgium,2020-03-08,2457.0
BEL,Belgium,2020-03-15,2380.0
BEL,Belgium,2020-03-22,2380.0
BEL,Belgium,2020-03-29,2270.0
BEL,Belgium,2020-04-05,2163.0
BEL,Belgium,2020-04-12,2218.0
BEL,Belgium,2020-04-19,2152.0
BEL,Belgium,2020-04-26,2087.0
BEL,Belgium,2020-05-03,2005.0
BEL,Belgium,2020-05-10,2063.0
BEL,Belgium,2020-05-17,1976.0
BEL,Belgium,2020-05-24,1950.0
BEL,Belgium,2020-05-31,1905.0
BEL,Belgium,2020-06-07,1942.0
BEL,Belgium,2020-06-14,2003.0
BEL,Belgium,2020-06-21,1900.0
BEL,Belgium,2020-06-28,1888.0
BEL,Belgium,2020-07-05,2301.0
BEL,Belgium,2020-07-12,1908.0
BEL,Belgium,2020-07-19,1797.0
BEL,Belgium,2020-07-26,1740.0
BEL,Belgium,2020-08-02,1777.0
BEL,Belgium,2020-08-09,1997.0
BEL,Belgium,2020-08-16,1852.0
BEL,Belgium,2020-08-23,1755.0
BEL,Belgium,2020-08-30,1919.0
BEL,Belgium,2020-09-06,1775.0
BEL,Belgium,2020-09-13,1917.0
BEL,Belgium,2020-09-20,1844.0
BEL,Belgium,2020-09-27,1932.0
BEL,Belgium,2020-10-04,1973.0
BEL,Belgium,2020-10-11,2019.0
BEL,Belgium,2020-10-18,2059.0
BEL,Belgium,2020-10-25,2038.0
BEL,Belgium,2020-11-01,2095.0
BEL,Belgium,2020-11-08,1951.0
BEL,Belgium,2020-11-15,1934.0
BEL,Belgium,2020-11-22,2020.0
BEL,Belgium,2020-11-29,2021.0
BEL,Belgium,2020-12-06,1992.0
BEL,Belgium,2020-12-13,2113.0
BEL,Belgium,2020-12-20,2085.0
BEL,Belgium,2020-12-27,2031.0
BGR,Bulgaria,2020-01-05,2502.0
BGR,Bulgaria,2020-01-12,2511.0
BGR,Bulgaria,2020-01-19,2423.0
BGR,Bulgaria,2020-01-26,2339.0
BGR,Bulgaria,2020-02-02,2338.0
BGR,Bulgaria,2020-02-09,2296.0
BGR,Bulgaria,2020-02-16,2341.0
BGR,Bulgaria,2020-02-23,2538.0
BGR,Bulgaria,2020-03-01,2559.0
BGR,Bulgaria,2020-03-08,2472.0
BGR,Bulgaria,2020-03-15,2441.0
BGR,Bulgaria,2020-03-22,2363.0
BGR,Bulgaria,2020-03-29,2377.0
BGR,Bulgaria,2020-04-05,2266.0
BGR,Bulgaria,2020-04-12,2268.0
BGR,Bulgaria,2020-04-19,2243.0
BGR,Bulgaria,2020-04-26,2138.0
BGR,Bulgaria,2020-05-03,2163.0
BGR,Bulgaria,2020-05-10,2113.0
BGR,Bulgaria,2020-05-17,1987.0
BGR,Bulgaria,2020-05-24,1984.0
BGR,Bulgaria,2020-05-31,1839.0
BGR,Bulgaria,2020-06-07,1972.0
BGR,Bulgaria,2020-06-14,1986.0
BGR,Bulgaria,2020-06-21,1906.0
BGR,Bulgaria,2020-06-28,1839.0
BGR,Bulgaria,2020-07-05,1826.0
BGR,Bulgaria,2020-07-12,2031.0
BGR,Bulgaria,2020-07-19,1899.0
BGR,Bulgaria,2020-07-26,2105.0
BGR,Bulgaria,2020-08-02,2139.0
BGR,Bulgaria,2020-08-09,2003.0
BGR,Bulgaria,2020-08-16,1942.0
BGR,Bulgaria,2020-08-23,1787.0
BGR,Bulgaria,2020-08-30,1840.0
BGR,Bulgaria,2020-09-06,1975.0
BGR,Bulgaria,2020-09-13,1730.0
BGR,Bulgaria,2020-09-20,1888.0
BGR,Bulgaria,2020-09-27,1735.0
BGR,Bulgaria,2020-10-04,1837.0
BGR,Bulgaria,2020-10-11,1934.0
BGR,Bulgaria,2020-10-18,2018.0
BGR,Bulgaria,2020-10-25,2071.0
BGR,Bulgaria,2020-11-01,2192.0
BGR,Bulgaria,2020-11-08,2099.0
BGR,Bulgaria,2020-11-15,2229.0
BGR,Bulgaria,2020-11-22,2126.0
BGR,Bulgaria,2020-11-29,2027.0
BGR,Bulgaria,2020-12-06,2014.0
BGR,Bulgaria,2020-12-13,2131.0
BGR,Bulgaria,2020-12-20,2184.0
BGR,Bulgaria,2020-12-27,2171.0
BIH,Bosnia and Herzegovina,2020-01-31,4082.0
BIH,Bosnia and Herzegovina,2020-02-29,3464.0
BIH,Bosnia and Herzegovina,2020-03-31,3657.0
BIH,Bosnia and Herzegovina,2020-04-30,3257.0
BIH,Bosnia and Herzegovina,2020-05-31,3059.0
BIH,Bosnia and Herzegovina,2020-06-30,2831.0
BIH,Bosnia and Herzegovina,2020-07-31,3150.0
BIH,Bosnia and Herzegovina,2020-08-31,2823.0
BIH,Bosnia and Herzegovina,2020-09-30,2767.0
BIH,Bosnia and Herzegovina,2020-10-31,3015.0
BIH,Bosnia and Herzegovina,2020-11-30,3001.0
BIH,Bosnia and Herzegovina,2020-12-31,3044.0
BLR,Belarus,2020-01-31,11366.0
BLR,Belarus,2020-02-29,10005.0
BLR,Belarus,2020-03-31,11148.0
BLR,Belarus,2020-04-30,10410.0
BLR,Belarus,2020-05-31,10210.0
BLR,Belarus,2020-06-30,9399.0
BLR,Belarus,2020-07-31,9342.0
BLR,Belarus,2020-08-31,9678.0
BLR,Belarus,2020-09-30,8964.0
BLR,Belarus,2020-10-31,10202.0
BLR,Belarus,2020-11-30,9286.0
BLR,Belarus,2020-12-31,10015.0
BOL,Bolivia,2020-01-31,4096.0
BOL,Bolivia,2020-02-29,3584.0
BOL,Bolivia,2020-03-31,4086.0
BOL,Bolivia,2020-04-30,3906.0
BOL,Bolivia,2020-05-31,4183.0
BOL,Bolivia,2020-06-30,4217.0
BOL,Bolivia,2020-07-31,4391.0
BOL,Bolivia,2020-08-31,4178.0
BOL,Bolivia,2020-09-30,4019.0
BOL,Bolivia,2020-10-31,4189.0
BOL,Bolivia,2020-11-30,3932.0
BOL,Bolivia,2020-12-31,4154.0
BRA,Brazil,2020-01-31,106695.0
BRA,Brazil,2020-02-29,90612.0
BRA,Brazil,2020-03-31,102473.0
BRA,Brazil,2020-04-30,105114.0
BRA,Brazil,2020-05-31,114042.0
BRA,Brazil,2020-06-30,109240.0
BRA,Brazil,2020-07-31,112975.0
BRA,Brazil,2020-08-31,107510.0
BRA,Brazil,2020-09-30,103152.0
BRA,Brazil,2020-10-31,104756.0
BRA,Brazil,2020-11-30,100873.0
BRA,Brazil,2020-12-31,106733.0
CAN,Canada,2020-01-05,6255.0
CAN,Canada,2020-01-12,6190.0
CAN,Canada,2020-01-19,6045.0
CAN,Canada,2020-01-26,5685.0
CAN,Canada,2020-02-02,5745.0
CAN,Canada,2020-02-09,5655.0
CAN,Canada,2020-02-16,5535.0
CAN,Canada,2020-02-23,5535.0
CAN,Canada,2020-03-01,5555.0
CAN,Canada,2020-03-08,5415.0
CAN,Canada,2020-03-15,5330.0
CAN,Canada,2020-03-22,5255.0
CAN,Canada,2020-03-29,5260.0
CAN,Canada,2020-04-05,5055.0
CAN,Canada,2020-04-12,5265.0
CAN,Canada,2020-04-19,5120.0
CAN,Canada,2020-04-26,5050.0
CAN,Canada,2020-05-03,5070.0
CAN,Canada,2020-05-10,4955.0
CAN,Canada,2020-05-17,4830.0
CAN,Canada,2020-05-24,4865.0
CAN,Canada,2020-05-31,4625.0
CAN,Canada,2020-06-07,4685.0
CAN,Canada,2020-06-14,4625.0
CAN,Canada,2020-06-21,4660.0
CAN,Canada,2020-06-28,4610.0
CAN,Canada,2020-07-05,4625.0
CAN,Canada,2020-07-12,4575.0
CAN,Canada,2020-07-19,4550.0
CAN,Canada,2020-07-26,4730.0
CAN,Canada,2020-08-02,4520.0
CAN,Canada,2020-08-09,4515.0
CAN,Canada,2020-08-16,4635.0
CAN,Canada,2020-08-23,4600.0
CAN,Canada,2020-08-30,4665.0
CAN,Canada,2020-09-06,4600.0
CAN,Canada,2020-09-13,4735.0
CAN,Canada,2020-09-20,4785.0
CAN,Canada,2020-09-27,4880.0
CAN,Canada,2020-10-04,5025.0
CAN,Canada,2020-10-11,5080.0
CAN,Canada,2020-10-18,5045.0
CAN,Canada,2020-10-25,5025.0
CAN,Canada,2020-11-01,4955.0
CAN,Canada,2020-11-08,5040.0
CAN,Canada,2020-11-15,5050.0
CAN,Canada,2020-11-22,4970.0
CAN,Canada,2020-11-29,5175.0
CAN,Canada,2020-12-06,5270.0
CAN,Canada,2020-12-13,5035.0
CAN,Canada,2020-12-20,5035.0
CAN,Canada,2020-12-27,5225.0
CHE,Switzerland,2020-01-05,1423.0
CHE,Switzerland,2020-01-12,1494.0
CHE,Switzerland,2020-01-19,1524.0
CHE,Switzerland,2020-01-26,1480.0
CHE,Switzerland,2020-02-02,1590.0
CHE,Switzerland,2020-02-09,1656.0
CHE,Switzerland,2020-02-16,1805.0
CHE,Switzerland,2020-02-23,1772.0
CHE,Switzerland,2020-03-01,1729.0
CHE,Switzerland,2020-03-08,1549.0
CHE,Switzerland,2020-03-15,1541.0
CHE,Switzerland,2020-03-22,1435.0
CHE,Switzerland,2020-03-29,1293.0
CHE,Switzerland,2020-04-05,1302.0
CHE,Switzerland,2020-04-12,1229.0
CHE,Switzerland,2020-04-19,1284.0
CHE,Switzerland,2020-04-26,1215.0
CHE,Switzerland,2020-05-03,1275.0
CHE,Switzerland,2020-05-10,1161.0
CHE,Switzerland,2020-05-17,1152.0
CHE,Switzerland,2020-05-24,1129.0
CHE,Switzerland,2020-05-31,1099.0
CHE,Switzerland,2020-06-07,1171.0
CHE,Switzerland,2020-06-14,1169.0
CHE,Switzerland,2020-06-21,1100.0
CHE,Switzerland,2020-06-28,1197.0
CHE,Switzerland,2020-07-05,1295.0
CHE,Switzerland,2020-07-12,1358.0
CHE,Switzerland,2020-07-19,1295.0
CHE,Switzerland,2020-07-26,1174.0
CHE,Switzerland,2020-08-02,1140.0
CHE,Switzerland,2020-08-09,1215.0
CHE,Switzerland,2020-08-16,1195.0
CHE,Switzerland,2020-08-23,1152.0
CHE,Switzerland,2020-08-30,1172.0
CHE,Switzerland,2020-09-06,1151.0
CHE,Switzerland,2020-09-13,1188.0
CHE,Switzerland,2020-09-20,1130.0
CHE,Switzerland,2020-09-27,1188.0
CHE,Switzerland,2020-10-04,1235.0
CHE,Switzerland,2020-10-11,1168.0
CHE,Switzerland,2020-10-18,1220.0
CHE,Switzerland,2020-10-25,1203.0
CHE,Switzerland,2020-11-01,1286.0
CHE,Switzerland,2020-11-08,1169.0
CHE,Switzerland,2020-11-15,1199.0
CHE,Switzerland,2020-11-22,1257.0
CHE,Switzerland,2020-11-29,1255.0
CHE,Switzerland,2020-12-06,1307.0
CHE,Switzerland,2020-12-13,1240.0
CHE,Switzerland,2020-12-20,1208.0
CHE,Switzerland,2020-12-27,1294.0
COL,Colombia,2020-01-05,4746.0
COL,Colombia,2020-01-12,4588.0
COL,Colombia,2020-01-19,4525.0
COL,Colombia,2020-01-26,4280.0
COL,Colombia,2020-02-02,4185.0
COL,Colombia,2020-02-09,4090.0
COL,Colombia,2020-02-16,4070.0
COL,Colombia,2020-02-23,4104.0
COL,Colombia,2020-03-01,4137.0
COL,Colombia,2020-03-08,4109.0
COL,Colombia,2020-03-15,4265.0
COL,Colombia,2020-03-22,4071.0
COL,Colombia,2020-03-29,4192.0
COL,Colombia,2020-04-05,4067.0
COL,Colombia,2020-04-12,4059.0
COL,Colombia,2020-04-19,4063.0
COL,Colombia,2020-04-26,4042.0
COL,Colombia,2020-05-03,4186.0
COL,Colombia,2020-05-10,4241.0
COL,Colombia,2020-05-17,4277.0
COL,Colombia,2020-05-24,4165.0
COL,Colombia,2020-05-31,4024.0
COL,Colombia,2020-06-07,4102.0
COL,Colombia,2020-06-14,4142.0
COL,Colombia,2020-06-21,4284.0
COL,Colombia,2020-06-28,4343.0
COL,Colombia,2020-07-05,4369.0
COL,Colombia,2020-07-12,4334.0
COL,Colombia,2020-07-19,4139.0
COL,Colombia,2020-07-26,3970.0
COL,Colombia,2020-08-02,4069.0
COL,Colombia,2020-08-09,4296.0
COL,Colombia,2020-08-16,4101.0
COL,Colombia,2020-08-23,4000.0
COL,Colombia,2020-08-30,4083.0
COL,Colombia,2020-09-06,4233.0
COL,Colombia,2020-09-13,4135.0
COL,Colombia,2020-09-20,4203.0
COL,Colombia,2020-09-27,4217.0
COL,Colombia,2020-10-04,4232.0
COL,Colombia,2020-10-11,4162.0
COL,Colombia,2020-10-18,4045.0
COL,Colombia,2020-10-25,4027.0
COL,Colombia,2020-11-01,4238.0
COL,Colombia,2020-11-08,4174.0
COL,Colombia,2020-11-15,4363.0
COL,Colombia,2020-11-22,4303.0
COL,Colombia,2020-11-29,4289.0
COL,Colombia,2020-12-06,4368.0
COL,Colombia,2020-12-13,4324.0
COL,Colombia,2020-12-20,4301.0
COL,Colombia,2020-12-27,4553.0
CRI,Costa Rica,2020-01-31,1926.0
CRI,Costa Rica,2020-02-29,1544.0
CRI,Costa Rica,2020-03-31,1764.0
CRI,Costa Rica,2020-04-30,1669.0
CRI,Costa Rica,2020-05-31,1711.0
CRI,Costa Rica,2020-06-30,1680.0
CRI,Costa Rica,2020-07-31,1694.0
CRI,Costa Rica,2020-08-31,1760.0
CRI,Costa Rica,2020-09-30,1660.0
CRI,Costa Rica,2020-10-31,1762.0
CRI,Costa Rica,2020-11-30,1791.0
CRI,Costa Rica,2020-12-31,2077.0
CUB,Cuba,2020-01-31,8543.0
CUB,Cuba,2020-02-29,8692.0
CUB,Cuba,2020-03-31,7986.0
CUB,Cuba,2020-04-30,8019.0
CUB,Cuba,2020-05-31,7953.0
CUB,Cuba,2020-06-30,7821.0
CUB,Cuba,2020-07-31,8631.0
CUB,Cuba,2020-08-31,8312.0
CUB,Cuba,2020-09-30,7946.0
CUB,Cuba,2020-10-31,8717.0
CUB,Cuba,2020-11-30,8277.0
CUB,Cuba,2020-12-31,8794.0
CYP,Cyprus,2020-01-05,126.0
CYP,Cyprus,2020-01-12,137.0
CYP,Cyprus,2020-01-19,155.0
CYP,Cyprus,2020-01-26,154.0
CYP,Cyprus,2020-02-02,145.0
CYP,Cyprus,2020-02-09,157.0
CYP,Cyprus,2020-02-16,134.0
CYP,Cyprus,2020-02-23,129.0
CYP,Cyprus,2020-03-01,143.0
CYP,Cyprus,2020-03-08,141.0
CYP,Cyprus,2020-03-15,151.0
CYP,Cyprus,2020-03-22,119.0
CYP,Cyprus,2020-03-29,108.0
CYP,Cyprus,2020-04-05,112.0
CYP,Cyprus,2020-04-12,122.0
CYP,Cyprus,2020-04-19,113.0
CYP,Cyprus,2020-04-26,128.0
CYP,Cyprus,2020-05-03,118.0
CYP,Cyprus,2020-05-10,106.0
CYP,Cyprus,2020-05-17,92.0
CYP,Cyprus,2020-05-24,95.0
CYP,Cyprus,2020-05-31,86.0
CYP,Cyprus,2020-06-07,93.0
CYP,Cyprus,2020-06-14,103.0
CYP,Cyprus,2020-06-21,98.0
CYP,Cyprus,2020-06-28,117.0
CYP,Cyprus,2020-07-05,81.0
CYP,Cyprus,2020-07-12,101.0
CYP,Cyprus,2020-07-19,112.0
CYP,Cyprus,2020-07-26,116.0
CYP,Cyprus,2020-08-02,111.0
CYP,Cyprus,2020-08-09,109.0
CYP,Cyprus,2020-08-16,93.0
CYP,Cyprus,2020-08-23,105.0
CYP,Cyprus,2020-08-30,92.0
CYP,Cyprus,2020-09-06,121.0
CYP,Cyprus,2020-09-13,100.0
CYP,Cyprus,2020-09-20,102.0
CYP,Cyprus,2020-09-27,97.0
CYP,Cyprus,2020-10-04,84.0
CYP,Cyprus,2020-10-11,73.0
CYP,Cyprus,2020-10-18,95.0
CYP,Cyprus,2020-10-25,99.0
CYP,Cyprus,2020-11-01,103.0
CYP,Cyprus,2020-11-08,88.0
CYP,Cyprus,2020-11-15,111.0
CYP,Cyprus,2020-11-22,106.0
CYP,Cyprus,2020-11-29,123.0
CYP,Cyprus,2020-12-06,109.0
CYP,Cyprus,2020-12-13,113.0
CYP,Cyprus,2020-12-20,124.0
CYP,Cyprus,2020-12-27,118.0
CZE,Czech Republic,2020-01-05,2378.0
CZE,Czech Republic,2020-01-12,2432.0
CZE,Czech Republic,2020-01-19,2396.0
CZE,Czech Republic,2020-01-26,2499.0
CZE,Czech Republic,2020-02-02,2580.0
CZE,Czech Republic,2020-02-09,2598.0
CZE,Czech Republic,2020-02-16,2732.0
CZE,Czech Republic,2020-02-23,2684.0
CZE,Czech Republic,2020-03-01,2609.0
CZE,Czech Republic,2020-03-08,2357.0
CZE,Czech Republic,2020-03-15,2291.0
CZE,Czech Republic,2020-03-22,2273.0
CZE,Czech Republic,2020-03-29,2222.0
CZE,Czech Republic,2020-04-05,2209.0
CZE,Czech Republic,2020-04-12,2111.0
CZE,Czech Republic,2020-04-19,2183.0
CZE,Czech Republic,2020-04-26,2193.0
CZE,Czech Republic,2020-05-03,2041.0
CZE,Czech Republic,2020-05-10,1988.0
CZE,Czech Republic,2020-05-17,1983.0
CZE,Czech Republic,2020-05-24,1993.0
CZE,Czech Republic,2020-05-31,2029.0
CZE,Czech Republic,2020-06-07,1995.0
CZE,Czech Republic,2020-06-14,1886.0
CZE,Czech Republic,2020-06-21,1761.0
CZE,Czech Republic,2020-06-28,1890.0
CZE,Czech Republic,2020-07-05,2050.0
CZE,Czech Republic,2020-07-12,2139.0
CZE,Czech Republic,2020-07-19,1943.0
CZE,Czech Republic,2020-07-26,2109.0
CZE,Czech Republic,2020-08-02,1886.0
CZE,Czech Republic,2020-08-09,2156.0
CZE,Czech Republic,2020-08-16,2521.0
CZE,Czech Republic,2020-08-23,1813.0
CZE,Czech Republic,2020-08-30,1963.0
CZE,Czech Republic,2020-09-06,1989.0
CZE,Czech Republic,2020-09-13,1922.0
CZE,Czech Republic,2020-09-20,1961.0
CZE,Czech Republic,2020-09-27,1915.0
CZE,Czech Republic,2020-10-04,2007.0
CZE,Czech Republic,2020-10-11,2035.0
CZE,Czech Republic,2020-10-18,2080.0
CZE,Czech Republic,2020-10-25,2098.0
CZE,Czech Republic,2020-11-01,2016.0
CZE,Czech Republic,2020-11-08,2020.0
CZE,Czech Republic,2020-11-15,2023.0
CZE,Czech Republic,2020-11-22,1975.0
CZE,Czech Republic,2020-11-29,1979.0
CZE,Czech Republic,2020-12-06,2019.0
CZE,Czech Republic,2020-12-13,2048.0
CZE,Czech Republic,2020-12-20,2009.0
CZE,Czech Republic,2020-12-27,2029.0
DNK,Denmark,2020-01-05,1127.0
DNK,Denmark,2020-01-12,1108.0
DNK,Denmark,2020-01-19,1093.0
DNK,Denmark,2020-01-26,1068.0
DNK,Denmark,2020-02-02,1086.0
DNK,Denmark,2020-02-09,1118.0
DNK,Denmark,2020-02-16,1106.0
DNK,Denmark,2020-02-23,1131.0
DNK,Denmark,2020-03-01,1177.0
DNK,Denmark,2020-03-08,1210.0
DNK,Denmark,2020-03-15,1184.0
DNK,Denmark,2020-03-22,1086.0
DNK,Denmark,2020-03-29,1093.0
DNK,Denmark,2020-04-05,1044.0
DNK,Denmark,2020-04-12,1081.0
DNK,Denmark,2020-04-19,1052.0
DNK,Denmark,2020-04-26,934.0
DNK,Denmark,2020-05-03,996.0
DNK,Denmark,2020-05-10,978.0
DNK,Denmark,2020-05-17,921.0
DNK,Denmark,2020-05-24,974.0
DNK,Denmark,2020-05-31,977.0
DNK,Denmark,2020-06-07,959.0
DNK,Denmark,2020-06-14,1017.0
DNK,Denmark,2020-06-21,913.0
DNK,Denmark,2020-06-28,897.0
DNK,Denmark,2020-07-05,942.0
DNK,Denmark,2020-07-12,951.0
DNK,Denmark,2020-07-19,917.0
DNK,Denmark,2020-07-26,951.0
DNK,Denmark,2020-08-02,947.0
DNK,Denmark,2020-08-09,929.0
DNK,Denmark,2020-08-16,953.0
DNK,Denmark,2020-08-23,926.0
DNK,Denmark,2020-08-30,901.0
DNK,Denmark,2020-09-06,879.0
DNK,Denmark,2020-09-13,913.0
DNK,Denmark,2020-09-20,942.0
DNK,Denmark,2020-09-27,963.0
DNK,Denmark,2020-10-04,959.0
DNK,Denmark,2020-10-11,927.0
DNK,Denmark,2020-10-18,948.0
DNK,Denmark,2020-10-25,997.0
DNK,Denmark,2020-11-01,993.0
DNK,Denmark,2020-11-08,971.0
DNK,Denmark,2020-11-15,985.0
DNK,Denmark,2020-11-22,986.0
DNK,Denmark,2020-11-29,1083.0
DNK,Denmark,2020-12-06,1105.0
DNK,Denmark,2020-12-13,1033.0
DNK,Denmark,2020-12-20,1024.0
DNK,Denmark,2020-12-27,994.0
ECU,Ecuador,2020-01-05,1327.0
ECU,Ecuador,2020-01-12,1234.0
ECU,Ecuador,2020-01-19,1305.0
ECU,Ecuador,2020-01-26,1176.0
ECU,Ecuador,2020-02-02,1184.0
ECU,Ecuador,2020-02-09,1208.0
ECU,Ecuador,2020-02-16,1301.0
ECU,Ecuador,2020-02-23,1272.0
ECU,Ecuador,2020-03-01,1238.0
ECU,Ecuador,2020-03-08,1332.0
ECU,Ecuador,2020-03-15,1286.0
ECU,Ecuador,2020-03-22,1231.0
ECU,Ecuador,2020-03-29,1180.0
ECU,Ecuador,2020-04-05,1330.0
ECU,Ecuador,2020-04-12,1321.0
ECU,Ecuador,2020-04-19,1253.0
ECU,Ecuador,2020-04-26,1310.0
ECU,Ecuador,2020-05-03,1287.0
ECU,Ecuador,2020-05-10,1288.0
ECU,Ecuador,2020-05-17,1335.0
ECU,Ecuador,2020-05-24,1340.0
ECU,Ecuador,2020-05-31,1366.0
ECU,Ecuador,2020-06-07,1345.0
ECU,Ecuador,2020-06-14,1238.0
ECU,Ecuador,2020-06-21,1322.0
ECU,Ecuador,2020-06-28,1318.0
ECU,Ecuador,2020-07-05,1291.0
ECU,Ecuador,2020-07-12,1243.0
ECU,Ecuador,2020-07-19,1285.0
ECU,Ecuador,2020-07-26,1213.0
ECU,Ecuador,2020-08-02,1236.0
ECU,Ecuador,2020-08-09,1235.0
ECU,Ecuador,2020-08-16,1221.0
ECU,Ecuador,2020-08-23,1252.0
ECU,Ecuador,2020-08-30,1252.0
ECU,Ecuador,2020-09-06,1209.0
ECU,Ecuador,2020-09-13,1166.0
ECU,Ecuador,2020-09-20,1196.0
ECU,Ecuador,2020-09-27,1240.0
ECU,Ecuador,2020-10-04,1252.0
ECU,Ecuador,2020-10-11,1234.0
ECU,Ecuador,2020-10-18,1226.0
ECU,Ecuador,2020-10-25,1278.0
ECU,Ecuador,2020-11-01,1210.0
ECU,Ecuador,2020-11-08,1201.0
ECU,Ecuador,2020-11-15,1229.0
ECU,Ecuador,2020-11-22,1180.0
ECU,Ecuador,2020-11-29,1224.0
ECU,Ecuador,2020-12-06,1248.0
ECU,Ecuador,2020-12-13,1260.0
ECU,Ecuador,2020-12-20,1257.0
ECU,Ecuador,2020-12-27,1242.0
EGY,"Egypt, Arab Rep.",2020-01-31,59713.0
EGY,"Egypt, Arab Rep.",2020-02-29,47678.0
EGY,"Egypt, Arab Rep.",2020-03-31,46524.0
EGY,"Egypt, Arab Rep.",2020-04-30,41648.0
EGY,"Egypt, Arab Rep.",2020-05-31,42771.0
EGY,"Egypt, Arab Rep.",2020-06-30,40798.0
EGY,"Egypt, Arab Rep.",2020-07-31,46374.0
EGY,"Egypt, Arab Rep.",2020-08-31,65363.0
EGY,"Egypt, Arab Rep.",2020-09-30,44519.0
EGY,"Egypt, Arab Rep.",2020-10-31,42403.0
EGY,"Egypt, Arab Rep.",2020-11-30,43253.0
EGY,"Egypt, Arab Rep.",2020-12-31,52835.0
ESP,Spain,2020-01-05,9605.0
ESP,Spain,2020-01-12,10415.0
ESP,Spain,2020-01-19,10738.0
ESP,Spain,2020-01-26,10625.0
ESP,Spain,2020-02-02,11046.0
ESP,Spain,2020-02-09,10682.0
ESP,Spain,2020-02-16,10857.0
ESP,Spain,2020-02-23,10580.0
ESP,Spain,2020-03-01,10058.0
ESP,Spain,2020-03-08,9421.0
ESP,Spain,2020-03-15,8785.0
ESP,Spain,2020-03-22,8379.0
ESP,Spain,2020-03-29,8366.0
ESP,Spain,2020-04-05,8282.0
ESP,Spain,2020-04-12,7894.0
ESP,Spain,2020-04-19,7855.0
ESP,Spain,2020-04-26,7802.0
ESP,Spain,2020-05-03,7365.0
ESP,Spain,2020-05-10,7464.0
ESP,Spain,2020-05-17,7543.0
ESP,Spain,2020-05-24,7234.0
ESP,Spain,2020-05-31,7096.0
ESP,Spain,2020-06-07,7364.0
ESP,Spain,2020-06-14,7152.0
ESP,Spain,2020-06-21,6956.0
ESP,Spain,2020-06-28,7111.0
ESP,Spain,2020-07-05,8146.0
ESP,Spain,2020-07-12,8351.0
ESP,Spain,2020-07-19,8164.0
ESP,Spain,2020-07-26,7798.0
ESP,Spain,2020-08-02,7349.0
ESP,Spain,2020-08-09,7219.0
ESP,Spain,2020-08-16,7075.0
ESP,Spain,2020-08-23,6801.0
ESP,Spain,2020-08-30,6954.0
ESP,Spain,2020-09-06,6603.0
ESP,Spain,2020-09-13,6660.0
ESP,Spain,2020-09-20,6617.0
ESP,Spain,2020-09-27,6898.0
ESP,Spain,2020-10-04,6813.0
ESP,Spain,2020-10-11,7055.0
ESP,Spain,2020-10-18,7119.0
ESP,Spain,2020-10-25,7267.0
ESP,Spain,2020-11-01,7392.0
ESP,Spain,2020-11-08,7412.0
ESP,Spain,2020-11-15,7325.0
ESP,Spain,2020-11-22,7397.0
ESP,Spain,2020-11-29,7849.0
ESP,Spain,2020-12-06,8080.0
ESP,Spain,2020-12-13,8032.0
ESP,Spain,2020-12-20,8342.0
ESP,Spain,2020-12-27,8031.0
EST,Estonia,2020-01-05,354.0
EST,Estonia,2020-01-12,340.0
EST,Estonia,2020-01-19,294.0
EST,Estonia,2020-01-26,321.0
EST,Estonia,2020-02-02,329.0
EST,Estonia,2020-02-09,332.0
EST,Estonia,2020-02-16,324.0
EST,Estonia,2020-02-23,332.0
EST,Estonia,2020-03-01,324.0
EST,Estonia,2020-03-08,355.0
EST,Estonia,2020-03-15,341.0
EST,Estonia,2020-03-22,331.0
EST,Estonia,2020-03-29,317.0
EST,Estonia,2020-04-05,304.0
EST,Estonia,2020-04-12,311.0
EST,Estonia,2020-04-19,297.0
EST,Estonia,2020-04-26,302.0
EST,Estonia,2020-05-03,265.0
EST,Estonia,2020-05-10,278.0
EST,Estonia,2020-05-17,333.0
EST,Estonia,2020-05-24,283.0
EST,Estonia,2020-05-31,285.0
EST,Estonia,2020-06-07,289.0
EST,Estonia,2020-06-14,267.0
EST,Estonia,2020-06-21,285.0
EST,Estonia,2020-06-28,239.0
EST,Estonia,2020-07-05,277.0
EST,Estonia,2020-07-12,250.0
EST,Estonia,2020-07-19,236.0
EST,Estonia,2020-07-26,238.0
EST,Estonia,2020-08-02,259.0
EST,Estonia,2020-08-09,276.0
EST,Estonia,2020-08-16,289.0
EST,Estonia,2020-08-23,261.0
EST,Estonia,2020-08-30,259.0
EST,Estonia,2020-09-06,248.0
EST,Estonia,2020-09-13,301.0
EST,Estonia,2020-09-20,285.0
EST,Estonia,2020-09-27,292.0
EST,Estonia,2020-10-04,301.0
EST,Estonia,2020-10-11,316.0
EST,Estonia,2020-10-18,296.0
EST,Estonia,2020-10-25,279.0
EST,Estonia,2020-11-01,270.0
EST,Estonia,2020-11-08,277.0
EST,Estonia,2020-11-15,285.0
EST,Estonia,2020-11-22,256.0
EST,Estonia,2020-11-29,282.0
EST,Estonia,2020-12-06,258.0
EST,Estonia,2020-12-13,305.0
EST,Estonia,2020-12-20,318.0
EST,Estonia,2020-12-27,267.0
FIN,Finland,2020-01-05,1084.0
FIN,Finland,2020-01-12,1159.0
FIN,Finland,2020-01-19,1151.0
FIN,Finland,2020-01-26,1040.0
FIN,Finland,2020-02-02,1062.0
FIN,Finland,2020-02-09,1062.0
FIN,Finland,2020-02-16,1093.0
FIN,Finland,2020-02-23,1075.0
FIN,Finland,2020-03-01,1126.0
FIN,Finland,2020-03-08,1134.0
FIN,Finland,2020-03-15,1047.0
FIN,Finland,2020-03-22,1015.0
FIN,Finland,2020-03-29,1012.0
FIN,Finland,2020-04-05,1070.0
FIN,Finland,2020-04-12,1075.0
FIN,Finland,2020-04-19,1040.0
FIN,Finland,2020-04-26,1075.0
FIN,Finland,2020-05-03,1021.0
FIN,Finland,2020-05-10,1009.0
FIN,Finland,2020-05-17,926.0
FIN,Finland,2020-05-24,939.0
FIN,Finland,2020-05-31,947.0
FIN,Finland,2020-06-07,907.0
FIN,Finland,2020-06-14,927.0
FIN,Finland,2020-06-21,987.0
FIN,Finland,2020-06-28,924.0
FIN,Finland,2020-07-05,1016.0
FIN,Finland,2020-07-12,885.0
FIN,Finland,2020-07-19,902.0
FIN,Finland,2020-07-26,902.0
FIN,Finland,2020-08-02,883.0
FIN,Finland,2020-08-09,874.0
FIN,Finland,2020-08-16,956.0
FIN,Finland,2020-08-23,946.0
FIN,Finland,2020-08-30,957.0
FIN,Finland,2020-09-06,917.0
FIN,Finland,2020-09-13,966.0
FIN,Finland,2020-09-20,977.0
FIN,Finland,2020-09-27,938.0
FIN,Finland,2020-10-04,957.0
FIN,Finland,2020-10-11,982.0
FIN,Finland,2020-10-18,1025.0
FIN,Finland,2020-10-25,1045.0
FIN,Finland,2020-11-01,967.0
FIN,Finland,2020-11-08,967.0
FIN,Finland,2020-11-15,1005.0
FIN,Finland,2020-11-22,1054.0
FIN,Finland,2020-11-29,1069.0
FIN,Finland,2020-12-06,1082.0
FIN,Finland,2020-12-13,1060.0
FIN,Finland,2020-12-20,1019.0
FIN,Finland,2020-12-27,1106.0
FRA,France,2020-01-05,12804.0
FRA,France,2020-01-12,13142.0
FRA,France,2020-01-19,12803.0
FRA,France,2020-01-26,12617.0
FRA,France,2020-02-02,13281.0
FRA,France,2020-02-09,13963.0
FRA,France,2020-02-16,14666.0
FRA,France,2020-02-23,14326.0
FRA,France,2020-03-01,13592.0
FRA,France,2020-03-08,12930.0
FRA,France,2020-03-15,12264.0
FRA,France,2020-03-22,11901.0
FRA,France,2020-03-29,11684.0
FRA,France,2020-04-05,11130.0
FRA,France,2020-04-12,11239.0
FRA,France,2020-04-19,10884.0
FRA,France,2020-04-26,10790.0
FRA,France,2020-05-03,10593.0
FRA,France,2020-05-10,10480.0
FRA,France,2020-05-17,10110.0
FRA,France,2020-05-24,10026.0
FRA,France,2020-05-31,10137.0
FRA,France,2020-06-07,10416.0
FRA,France,2020-06-14,10172.0
FRA,France,2020-06-21,9862.0
FRA,France,2020-06-28,10160.0
FRA,France,2020-07-05,11190.0
FRA,France,2020-07-12,10315.0
FRA,France,2020-07-19,10181.0
FRA,France,2020-07-26,9911.0
FRA,France,2020-08-02,9698.0
FRA,France,2020-08-09,10478.0
FRA,France,2020-08-16,9935.0
FRA,France,2020-08-23,9851.0
FRA,France,2020-08-30,10094.0
FRA,France,2020-09-06,9829.0
FRA,France,2020-09-13,10157.0
FRA,France,2020-09-20,10320.0
FRA,France,2020-09-27,10408.0
FRA,France,2020-10-04,10758.0
FRA,France,2020-10-11,11100.0
FRA,France,2020-10-18,10906.0
FRA,France,2020-10-25,11293.0
FRA,France,2020-11-01,11121.0
FRA,France,2020-11-08,10762.0
FRA,France,2020-11-15,10395.0
FRA,France,2020-11-22,10489.0
FRA,France,2020-11-29,10952.0
FRA,France,2020-12-06,11125.0
FRA,France,2020-12-13,11185.0
FRA,France,2020-12-20,11207.0
FRA,France,2020-12-27,11096.0
GBR,United Kingdom,2020-01-05,13430.0
GBR,United Kingdom,2020-01-12,18317.0
GBR,United Kingdom,2020-01-19,16735.0
GBR,United Kingdom,2020-01-26,15710.0
GBR,United Kingdom,2020-02-02,14559.0
GBR,United Kingdom,2020-02-09,13728.0
GBR,United Kingdom,2020-02-16,13510.0
GBR,United Kingdom,2020-02-23,13069.0
GBR,United Kingdom,2020-03-01,13179.0
GBR,United Kingdom,2020-03-08,13003.0
GBR,United Kingdom,2020-03-15,12472.0
GBR,United Kingdom,2020-03-22,12026.0
GBR,United Kingdom,2020-03-29,11985.0
GBR,United Kingdom,2020-04-05,10321.0
GBR,United Kingdom,2020-04-12,11572.0
GBR,United Kingdom,2020-04-19,13058.0
GBR,United Kingdom,2020-04-26,12020.0
GBR,United Kingdom,2020-05-03,11559.0
GBR,United Kingdom,2020-05-10,10137.0
GBR,United Kingdom,2020-05-17,11692.0
GBR,United Kingdom,2020-05-24,11323.0
GBR,United Kingdom,2020-05-31,9513.0
GBR,United Kingdom,2020-06-07,11590.0
GBR,United Kingdom,2020-06-14,10856.0
GBR,United Kingdom,2020-06-21,10625.0
GBR,United Kingdom,2020-06-28,10516.0
GBR,United Kingdom,2020-07-05,10539.0
GBR,United Kingdom,2020-07-12,10277.0
GBR,United Kingdom,2020-07-19,10022.0
GBR,United Kingdom,2020-07-26,10019.0
GBR,United Kingdom,2020-08-02,9891.0
GBR,United Kingdom,2020-08-09,10150.0
GBR,United Kingdom,2020-08-16,10346.0
GBR,United Kingdom,2020-08-23,10354.0
GBR,United Kingdom,2020-08-30,10235.0
GBR,United Kingdom,2020-09-06,9092.0
GBR,United Kingdom,2020-09-13,10567.0
GBR,United Kingdom,2020-09-20,10381.0
GBR,United Kingdom,2020-09-27,10819.0
GBR,United Kingdom,2020-10-04,10697.0
GBR,United Kingdom,2020-10-11,11106.0
GBR,United Kingdom,2020-10-18,10793.0
GBR,United Kingdom,2020-10-25,10965.0
GBR,United Kingdom,2020-11-01,10999.0
GBR,United Kingdom,2020-11-08,11301.0
GBR,United Kingdom,2020-11-15,11335.0
GBR,United Kingdom,2020-11-22,11174.0
GBR,United Kingdom,2020-11-29,11212.0
GBR,United Kingdom,2020-12-06,11743.0
GBR,United Kingdom,2020-12-13,11699.0
GBR,United Kingdom,2020-12-20,12133.0
GBR,United Kingdom,2020-12-27,9805.0
GEO,Georgia,2020-01-31,4575.0
GEO,Georgia,2020-02-29,4177.0
GEO,Georgia,2020-03-31,4725.0
GEO,Georgia,2020-04-30,4325.0
GEO,Georgia,2020-05-31,4270.0
GEO,Georgia,2020-06-30,3687.0
GEO,Georgia,2020-07-31,3762.0
GEO,Georgia,2020-08-31,3836.0
GEO,Georgia,2020-09-30,3444.0
GEO,Georgia,2020-10-31,3852.0
GEO,Georgia,2020-11-30,4118.0
GEO,Georgia,2020-12-31,4350.0
GIB,Gibraltar,2020-01-31,25.0
GIB,Gibraltar,2020-02-29,26.0
GIB,Gibraltar,2020-03-31,22.0
GIB,Gibraltar,2020-04-30,21.0
GIB,Gibraltar,2020-05-31,19.0
GIB,Gibraltar,2020-06-30,19.0
GIB,Gibraltar,2020-07-31,15.0
GIB,Gibraltar,2020-08-31,22.0
GIB,Gibraltar,2020-09-30,16.0
GIB,Gibraltar,2020-10-31,19.0
GIB,Gibraltar,2020-11-30,12.0
GIB,Gibraltar,2020-12-31,25.0
GLP,Guadeloupe,2020-01-05,56.0
GLP,Guadeloupe,2020-01-12,43.0
GLP,Guadeloupe,2020-01-19,51.0
GLP,Guadeloupe,2020-01-26,50.0
GLP,Guadeloupe,2020-02-02,59.0
GLP,Guadeloupe,2020-02-09,59.0
GLP,Guadeloupe,2020-02-16,57.0
GLP,Guadeloupe,2020-02-23,56.0
GLP,Guadeloupe,2020-03-01,70.0
GLP,Guadeloupe,2020-03-08,48.0
GLP,Guadeloupe,2020-03-15,61.0
GLP,Guadeloupe,2020-03-22,67.0
GLP,Guadeloupe,2020-03-29,59.0
GLP,Guadeloupe,2020-04-05,54.0
GLP,Guadeloupe,2020-04-12,37.0
GLP,Guadeloupe,2020-04-19,46.0
GLP,Guadeloupe,2020-04-26,48.0
GLP,Guadeloupe,2020-05-03,52.0
GLP,Guadeloupe,2020-05-10,54.0
GLP,Guadeloupe,2020-05-17,51.0
GLP,Guadeloupe,2020-05-24,38.0
GLP,Guadeloupe,2020-05-31,55.0
GLP,Guadeloupe,2020-06-07,45.0
GLP,Guadeloupe,2020-06-14,61.0
GLP,Guadeloupe,2020-06-21,67.0
GLP,Guadeloupe,2020-06-28,54.0
GLP,Guadeloupe,2020-07-05,50.0
GLP,Guadeloupe,2020-07-12,54.0
GLP,Guadeloupe,2020-07-19,69.0
GLP,Guadeloupe,2020-07-26,60.0
GLP,Guadeloupe,2020-08-02,66.0
GLP,Guadeloupe,2020-08-09,64.0
GLP,Guadeloupe,2020-08-16,55.0
GLP,Guadeloupe,2020-08-23,68.0
GLP,Guadeloupe,2020-08-30,44.0
GLP,Guadeloupe,2020-09-06,56.0
GLP,Guadeloupe,2020-09-13,62.0
GLP,Guadeloupe,2020-09-20,47.0
GLP,Guadeloupe,2020-09-27,66.0
GLP,Guadeloupe,2020-10-04,67.0
GLP,Guadeloupe,2020-10-11,72.0
GLP,Guadeloupe,2020-10-18,50.0
GLP,Guadeloupe,2020-10-25,50.0
GLP,Guadeloupe,2020-11-01,46.0
GLP,Guadeloupe,2020-11-08,49.0
GLP,Guadeloupe,2020-11-15,60.0
GLP,Guadeloupe,2020-11-22,44.0
GLP,Guadeloupe,2020-11-29,46.0
GLP,Guadeloupe,2020-12-06,56.0
GLP,Guadeloupe,2020-12-13,62.0
GLP,Guadeloupe,2020-12-20,65.0
GLP,Guadeloupe,2020-12-27,57.0
GRL,Greenland,2020-01-31,44.0
GRL,Greenland,2020-02-29,33.0
GRL,Greenland,2020-03-31,45.0
GRL,Greenland,2020-04-30,39.0
GRL,Greenland,2020-05-31,41.0
GRL,Greenland,2020-06-30,41.0
GRL,Greenland,2020-07-31,39.0
GRL,Greenland,2020-08-31,39.0
GRL,Greenland,2020-09-30,34.0
GRL,Greenland,2020-10-31,29.0
GRL,Greenland,2020-11-30,35.0
GRL,Greenland,2020-12-31,53.0
GTM,Guatemala,2020-01-05,1690.0
GTM,Guatemala,2020-01-12,1616.0
GTM,Guatemala,2020-01-19,1604.0
GTM,Guatemala,2020-01-26,1480.0
GTM,Guatemala,2020-02-02,1441.0
GTM,Guatemala,2020-02-09,1512.0
GTM,Guatemala,2020-02-16,1549.0
GTM,Guatemala,2020-02-23,1623.0
GTM,Guatemala,2020-03-01,1511.0
GTM,Guatemala,2020-03-08,1537.0
GTM,Guatemala,2020-03-15,1543.0
GTM,Guatemala,2020-03-22,1458.0
GTM,Guatemala,2020-03-29,1502.0
GTM,Guatemala,2020-04-05,1523.0
GTM,Guatemala,2020-04-12,1493.0
GTM,Guatemala,2020-04-19,1579.0
GTM,Guatemala,2020-04-26,1636.0
GTM,Guatemala,2020-05-03,1550.0
GTM,Guatemala,2020-05-10,1610.0
GTM,Guatemala,2020-05-17,1550.0
GTM,Guatemala,2020-05-24,1528.0
GTM,Guatemala,2020-05-31,1542.0
GTM,Guatemala,2020-06-07,1541.0
GTM,Guatemala,2020-06-14,1496.0
GTM,Guatemala,2020-06-21,1558.0
GTM,Guatemala,2020-06-28,1549.0
GTM,Guatemala,2020-07-05,1538.0
GTM,Guatemala,2020-07-12,1516.0
GTM,Guatemala,2020-07-19,1577.0
GTM,Guatemala,2020-07-26,1585.0
GTM,Guatemala,2020-08-02,1574.0
GTM,Guatemala,2020-08-09,1580.0
GTM,Guatemala,2020-08-16,1491.0
GTM,Guatemala,2020-08-23,1548.0
GTM,Guatemala,2020-08-30,1615.0
GTM,Guatemala,2020-09-06,1498.0
GTM,Guatemala,2020-09-13,1522.0
GTM,Guatemala,2020-09-20,1629.0
GTM,Guatemala,2020-09-27,1524.0
GTM,Guatemala,2020-10-04,1767.0
GTM,Guatemala,2020-10-11,1641.0
GTM,Guatemala,2020-10-18,1470.0
GTM,Guatemala,2020-10-25,1492.0
GTM,Guatemala,2020-11-01,1625.0
GTM,Guatemala,2020-11-08,1580.0
GTM,Guatemala,2020-11-15,1564.0
GTM,Guatemala,2020-11-22,1480.0
GTM,Guatemala,2020-11-29,1445.0
GTM,Guatemala,2020-12-06,1549.0
GTM,Guatemala,2020-12-13,1543.0
GTM,Guatemala,2020-12-20,1491.0
GTM,Guatemala,2020-12-27,1595.0
GUF,French Guiana,2020-01-05,14.0
GUF,French Guiana,2020-01-12,17.0
GUF,French Guiana,2020-01-19,18.0
GUF,French Guiana,2020-01-26,26.0
GUF,French Guiana,2020-02-02,14.0
GUF,French Guiana,2020-02-09,17.0
GUF,French Guiana,2020-02-16,11.0
GUF,French Guiana,2020-02-23,17.0
GUF,French Guiana,2020-03-01,12.0
GUF,French Guiana,2020-03-08,12.0
GUF,French Guiana,2020-03-15,15.0
GUF,French Guiana,2020-03-22,11.0
GUF,French Guiana,2020-03-29,10.0
GUF,French Guiana,2020-04-05,21.0
GUF,French Guiana,2020-04-12,19.0
GUF,French Guiana,2020-04-19,20.0
GUF,French Guiana,2020-04-26,17.0
GUF,French Guiana,2020-05-03,18.0
GUF,French Guiana,2020-05-10,10.0
GUF,French Guiana,2020-05-17,15.0
GUF,French Guiana,2020-05-24,18.0
GUF,French Guiana,2020-05-31,10.0
GUF,French Guiana,2020-06-07,13.0
GUF,French Guiana,2020-06-14,11.0
GUF,French Guiana,2020-06-21,9.0
GUF,French Guiana,2020-06-28,15.0
GUF,French Guiana,2020-07-05,21.0
GUF,French Guiana,2020-07-12,20.0
GUF,French Guiana,2020-07-19,12.0
GUF,French Guiana,2020-07-26,16.0
GUF,French Guiana,2020-08-02,17.0
GUF,French Guiana,2020-08-09,22.0
GUF,French Guiana,2020-08-16,21.0
GUF,French Guiana,2020-08-23,12.0
GUF,French Guiana,2020-08-30,9.0
GUF,French Guiana,2020-09-06,19.0
GUF,French Guiana,2020-09-13,20.0
GUF,French Guiana,2020-09-20,6.0
GUF,French Guiana,2020-09-27,19.0
GUF,French Guiana,2020-10-04,14.0
GUF,French Guiana,2020-10-11,12.0
GUF,French Guiana,2020-10-18,11.0
GUF,French Guiana,2020-10-25,12.0
GUF,French Guiana,2020-11-01,15.0
GUF,French Guiana,2020-11-08,18.0
GUF,French Guiana,2020-11-15,16.0
GUF,French Guiana,2020-11-22,14.0
GUF,French Guiana,2020-11-29,20.0
GUF,French Guiana,2020-12-06,15.0
GUF,French Guiana,2020-12-13,17.0
GUF,French Guiana,2020-12-20,16.0
GUF,French Guiana,2020-12-27,15.0
HKG,Hong Kong SAR China,2020-01-31,4838.0
HKG,Hong Kong SAR China,2020-02-29,4329.0
HKG,Hong Kong SAR China,2020-03-31,4197.0
HKG,Hong Kong SAR China,2020-04-30,3720.0
HKG,Hong Kong SAR China,2020-05-31,3792.0
HKG,Hong Kong SAR China,2020-06-30,3684.0
HKG,Hong Kong SAR China,2020-07-31,3665.0
HKG,Hong Kong SAR China,2020-08-31,3519.0
HKG,Hong Kong SAR China,2020-09-30,3418.0
HKG,Hong Kong SAR China,2020-10-31,3678.0
HKG,Hong Kong SAR China,2020-11-30,3302.0
HKG,Hong Kong SAR China,2020-12-31,3966.0
HRV,Croatia,2020-01-05,1177.0
HRV,Croatia,2020-01-12,1254.0
HRV,Croatia,2020-01-19,1276.0
HRV,Croatia,2020-01-26,1231.0
HRV,Croatia,2020-02-02,1215.0
HRV,Croatia,2020-02-09,1287.0
HRV,Croatia,2020-02-16,1306.0
HRV,Croatia,2020-02-23,1301.0
HRV,Croatia,2020-03-01,1239.0
HRV,Croatia,2020-03-08,1215.0
HRV,Croatia,2020-03-15,1208.0
HRV,Croatia,2020-03-22,1232.0
HRV,Croatia,2020-03-29,1085.0
HRV,Croatia,2020-04-05,1137.0
HRV,Croatia,2020-04-12,1078.0
HRV,Croatia,2020-04-19,1026.0
HRV,Croatia,2020-04-26,1041.0
HRV,Croatia,2020-05-03,1019.0
HRV,Croatia,2020-05-10,1011.0
HRV,Croatia,2020-05-17,926.0
HRV,Croatia,2020-05-24,947.0
HRV,Croatia,2020-05-31,855.0
HRV,Croatia,2020-06-07,998.0
HRV,Croatia,2020-06-14,1000.0
HRV,Croatia,2020-06-21,875.0
HRV,Croatia,2020-06-28,880.0
HRV,Croatia,2020-07-05,996.0
HRV,Croatia,2020-07-12,1010.0
HRV,Croatia,2020-07-19,1049.0
HRV,Croatia,2020-07-26,1230.0
HRV,Croatia,2020-08-02,918.0
HRV,Croatia,2020-08-09,1040.0
HRV,Croatia,2020-08-16,1066.0
HRV,Croatia,2020-08-23,827.0
HRV,Croatia,2020-08-30,929.0
HRV,Croatia,2020-09-06,911.0
HRV,Croatia,2020-09-13,909.0
HRV,Croatia,2020-09-20,1057.0
HRV,Croatia,2020-09-27,891.0
HRV,Croatia,2020-10-04,927.0
HRV,Croatia,2020-10-11,914.0
HRV,Croatia,2020-10-18,945.0
HRV,Croatia,2020-10-25,949.0
HRV,Croatia,2020-11-01,953.0
HRV,Croatia,2020-11-08,1004.0
HRV,Croatia,2020-11-15,951.0
HRV,Croatia,2020-11-22,938.0
HRV,Croatia,2020-11-29,955.0
HRV,Croatia,2020-12-06,982.0
HRV,Croatia,2020-12-13,953.0
HRV,Croatia,2020-12-20,938.0
HRV,Croatia,2020-12-27,1033.0
HUN,Hungary,2020-01-05,2800.0
HUN,Hungary,2020-01-12,3005.0
HUN,Hungary,2020-01-19,2900.0
HUN,Hungary,2020-01-26,3005.0
HUN,Hungary,2020-02-02,3067.0
HUN,Hungary,2020-02-09,3350.0
HUN,Hungary,2020-02-16,3280.0
HUN,Hungary,2020-02-23,3349.0
HUN,Hungary,2020-03-01,3120.0
HUN,Hungary,2020-03-08,2962.0
HUN,Hungary,2020-03-15,2777.0
HUN,Hungary,2020-03-22,2764.0
HUN,Hungary,2020-03-29,2690.0
HUN,Hungary,2020-04-05,2639.0
HUN,Hungary,2020-04-12,2612.0
HUN,Hungary,2020-04-19,2612.0
HUN,Hungary,2020-04-26,2598.0
HUN,Hungary,2020-05-03,2467.0
HUN,Hungary,2020-05-10,2420.0
HUN,Hungary,2020-05-17,2293.0
HUN,Hungary,2020-05-24,2274.0
HUN,Hungary,2020-05-31,2177.0
HUN,Hungary,2020-06-07,2434.0
HUN,Hungary,2020-06-14,2298.0
HUN,Hungary,2020-06-21,2067.0
HUN,Hungary,2020-06-28,2141.0
HUN,Hungary,2020-07-05,2383.0
HUN,Hungary,2020-07-12,2491.0
HUN,Hungary,2020-07-19,2358.0
HUN,Hungary,2020-07-26,2625.0
HUN,Hungary,2020-08-02,2020.0
HUN,Hungary,2020-08-09,2378.0
HUN,Hungary,2020-08-16,2747.0
HUN,Hungary,2020-08-23,2002.0
HUN,Hungary,2020-08-30,2282.0
HUN,Hungary,2020-09-06,2220.0
HUN,Hungary,2020-09-13,2192.0
HUN,Hungary,2020-09-20,2379.0
HUN,Hungary,2020-09-27,2147.0
HUN,Hungary,2020-10-04,2192.0
HUN,Hungary,2020-10-11,2332.0
HUN,Hungary,2020-10-18,2463.0
HUN,Hungary,2020-10-25,2437.0
HUN,Hungary,2020-11-01,2418.0
HUN,Hungary,2020-11-08,2425.0
HUN,Hungary,2020-11-15,2315.0
HUN,Hungary,2020-11-22,2440.0
HUN,Hungary,2020-11-29,2389.0
HUN,Hungary,2020-12-06,2385.0
HUN,Hungary,2020-12-13,2418.0
HUN,Hungary,2020-12-20,2406.0
HUN,Hungary,2020-12-27,2514.0
IRL,Ireland,2020-01-31,2967.0
IRL,Ireland,2020-02-29,2756.0
IRL,Ireland,2020-03-31,2875.0
IRL,Ireland,2020-04-30,2478.0
IRL,Ireland,2020-05-31,2539.0
IRL,Ireland,2020-06-30,2241.0
IRL,Ireland,2020-07-31,2160.0
IRL,Ireland,2020-08-31,2286.0
IRL,Ireland,2020-09-30,2333.0
IRL,Ireland,2020-10-31,2527.0
IRL,Ireland,2020-11-30,2314.0
IRL,Ireland,2020-12-31,2651.0
ISL,Iceland,2020-01-05,49.0
ISL,Iceland,2020-01-12,42.0
ISL,Iceland,2020-01-19,44.0
ISL,Iceland,2020-01-26,48.0
ISL,Iceland,2020-02-02,44.0
ISL,Iceland,2020-02-09,57.0
ISL,Iceland,2020-02-16,50.0
ISL,Iceland,2020-02-23,47.0
ISL,Iceland,2020-03-01,47.0
ISL,Iceland,2020-03-08,41.0
ISL,Iceland,2020-03-15,46.0
ISL,Iceland,2020-03-22,45.0
ISL,Iceland,2020-03-29,42.0
ISL,Iceland,2020-04-05,41.0
ISL,Iceland,2020-04-12,39.0
ISL,Iceland,2020-04-19,47.0
ISL,Iceland,2020-04-26,41.0
ISL,Iceland,2020-05-03,41.0
ISL,Iceland,2020-05-10,37.0
ISL,Iceland,2020-05-17,53.0
ISL,Iceland,2020-05-24,50.0
ISL,Iceland,2020-05-31,39.0
ISL,Iceland,2020-06-07,37.0
ISL,Iceland,2020-06-14,41.0
ISL,Iceland,2020-06-21,32.0
ISL,Iceland,2020-06-28,32.0
ISL,Iceland,2020-07-05,42.0
ISL,Iceland,2020-07-12,35.0
ISL,Iceland,2020-07-19,33.0
ISL,Iceland,2020-07-26,56.0
ISL,Iceland,2020-08-02,42.0
ISL,Iceland,2020-08-09,32.0
ISL,Iceland,2020-08-16,49.0
ISL,Iceland,2020-08-23,46.0
ISL,Iceland,2020-08-30,25.0
ISL,Iceland,2020-09-06,48.0
ISL,Iceland,2020-09-13,38.0
ISL,Iceland,2020-09-20,38.0
ISL,Iceland,2020-09-27,45.0
ISL,Iceland,2020-10-04,32.0
ISL,Iceland,2020-10-11,27.0
ISL,Iceland,2020-10-18,39.0
ISL,Iceland,2020-10-25,52.0
ISL,Iceland,2020-11-01,38.0
ISL,Iceland,2020-11-08,30.0
ISL,Iceland,2020-11-15,45.0
ISL,Iceland,2020-11-22,43.0
ISL,Iceland,2020-11-29,53.0
ISL,Iceland,2020-12-06,35.0
ISL,Iceland,2020-12-13,40.0
ISL,Iceland,2020-12-20,45.0
ISL,Iceland,2020-12-27,33.0
ISR,Israel,2020-01-05,936.0
ISR,Israel,2020-01-12,1020.0
ISR,Israel,2020-01-19,988.0
ISR,Israel,2020-01-26,1068.0
ISR,Israel,2020-02-02,1071.0
ISR,Israel,2020-02-09,1049.0
ISR,Israel,2020-02-16,1040.0
ISR,Israel,2020-02-23,1019.0
ISR,Israel,2020-03-01,984.0
ISR,Israel,2020-03-08,1023.0
ISR,Israel,2020-03-15,955.0
ISR,Israel,2020-03-22,830.0
ISR,Israel,2020-03-29,935.0
ISR,Israel,2020-04-05,883.0
ISR,Israel,2020-04-12,811.0
ISR,Israel,2020-04-19,754.0
ISR,Israel,2020-04-26,822.0
ISR,Israel,2020-05-03,773.0
ISR,Israel,2020-05-10,848.0
ISR,Israel,2020-05-17,777.0
ISR,Israel,2020-05-24,822.0
ISR,Israel,2020-05-31,757.0
ISR,Israel,2020-06-07,725.0
ISR,Israel,2020-06-14,718.0
ISR,Israel,2020-06-21,751.0
ISR,Israel,2020-06-28,767.0
ISR,Israel,2020-07-05,770.0
ISR,Israel,2020-07-12,743.0
ISR,Israel,2020-07-19,733.0
ISR,Israel,2020-07-26,782.0
ISR,Israel,2020-08-02,723.0
ISR,Israel,2020-08-09,864.0
ISR,Israel,2020-08-16,742.0
ISR,Israel,2020-08-23,816.0
ISR,Israel,2020-08-30,747.0
ISR,Israel,2020-09-06,763.0
ISR,Israel,2020-09-13,761.0
ISR,Israel,2020-09-20,800.0
ISR,Israel,2020-09-27,749.0
ISR,Israel,2020-10-04,784.0
ISR,Israel,2020-10-11,798.0
ISR,Israel,2020-10-18,831.0
ISR,Israel,2020-10-25,788.0
ISR,Israel,2020-11-01,795.0
ISR,Israel,2020-11-08,812.0
ISR,Israel,2020-11-15,863.0
ISR,Israel,2020-11-22,832.0
ISR,Israel,2020-11-29,852.0
ISR,Israel,2020-12-06,791.0
ISR,Israel,2020-12-13,946.0
ISR,Israel,2020-12-20,898.0
ISR,Israel,2020-12-27,954.0
ITA,Italy,2020-01-05,15178.0
ITA,Italy,2020-01-12,15811.0
ITA,Italy,2020-01-19,15480.0
ITA,Italy,2020-01-26,14922.0
ITA,Italy,2020-02-02,15228.0
ITA,Italy,2020-02-09,15640.0
ITA,Italy,2020-02-16,15510.0
ITA,Italy,2020-02-23,15149.0
ITA,Italy,2020-03-01,14544.0
ITA,Italy,2020-03-08,14211.0
ITA,Italy,2020-03-15,13846.0
ITA,Italy,2020-03-22,13455.0
ITA,Italy,2020-03-29,13126.0
ITA,Italy,2020-04-05,12832.0
ITA,Italy,2020-04-12,12811.0
ITA,Italy,2020-04-19,12781.0
ITA,Italy,2020-04-26,12046.0
ITA,Italy,2020-05-03,11946.0
ITA,Italy,2020-05-10,12177.0
ITA,Italy,2020-05-17,11518.0
ITA,Italy,2020-05-24,11058.0
ITA,Italy,2020-05-31,10848.0
ITA,Italy,2020-06-07,12060.0
ITA,Italy,2020-06-14,11447.0
ITA,Italy,2020-06-21,10591.0
ITA,Italy,2020-06-28,10808.0
ITA,Italy,2020-07-05,11819.0
ITA,Italy,2020-07-12,13269.0
ITA,Italy,2020-07-19,13303.0
ITA,Italy,2020-07-26,14555.0
ITA,Italy,2020-08-02,12009.0
ITA,Italy,2020-08-09,12595.0
ITA,Italy,2020-08-16,11716.0
ITA,Italy,2020-08-23,10619.0
ITA,Italy,2020-08-30,11116.0
ITA,Italy,2020-09-06,11352.0
ITA,Italy,2020-09-13,10629.0
ITA,Italy,2020-09-20,11358.0
ITA,Italy,2020-09-27,10687.0
ITA,Italy,2020-10-04,11228.0
ITA,Italy,2020-10-11,11624.0
ITA,Italy,2020-10-18,11389.0
ITA,Italy,2020-10-25,11834.0
ITA,Italy,2020-11-01,11722.0
ITA,Italy,2020-11-08,11850.0
ITA,Italy,2020-11-15,11629.0
ITA,Italy,2020-11-22,11689.0
ITA,Italy,2020-11-29,11738.0
ITA,Italy,2020-12-06,12501.0
ITA,Italy,2020-12-13,12491.0
ITA,Italy,2020-12-20,12463.0
ITA,Italy,2020-12-27,12560.0
JAM,Jamaica,2020-01-31,1735.0
JAM,Jamaica,2020-02-29,1511.0
JAM,Jamaica,2020-03-31,1517.0
JAM,Jamaica,2020-04-30,1435.0
JAM,Jamaica,2020-05-31,1409.0
JAM,Jamaica,2020-06-30,1489.0
JAM,Jamaica,2020-07-31,1483.0
JAM,Jamaica,2020-08-31,1464.0
JAM,Jamaica,2020-09-30,1467.0
JAM,Jamaica,2020-10-31,1438.0
JAM,Jamaica,2020-11-30,1387.0
JAM,Jamaica,2020-12-31,1568.0
JPN,Japan,2020-01-31,134256.0
JPN,Japan,2020-02-29,110042.0
JPN,Japan,2020-03-31,113860.0
JPN,Japan,2020-04-30,104886.0
JPN,Japan,2020-05-31,102731.0
JPN,Japan,2020-06-30,94569.0
JPN,Japan,2020-07-31,99448.0
JPN,Japan,2020-08-31,101081.0
JPN,Japan,2020-09-30,98242.0
JPN,Japan,2020-10-31,107928.0
JPN,Japan,2020-11-30,106616.0
JPN,Japan,2020-12-31,116851.0
KAZ,Kazakhstan,2020-01-31,11759.0
KAZ,Kazakhstan,2020-02-29,9504.0
KAZ,Kazakhstan,2020-03-31,10587.0
KAZ,Kazakhstan,2020-04-30,12051.0
KAZ,Kazakhstan,2020-05-31,10282.0
KAZ,Kazakhstan,2020-06-30,11336.0
KAZ,Kazakhstan,2020-07-31,12977.0
KAZ,Kazakhstan,2020-08-31,10127.0
KAZ,Kazakhstan,2020-09-30,10880.0
KAZ,Kazakhstan,2020-10-31,10473.0
KAZ,Kazakhstan,2020-11-30,10442.0
KAZ,Kazakhstan,2020-12-31,10434.0
KGZ,Kyrgyz Republic,2020-01-31,3051.0
KGZ,Kyrgyz Republic,2020-02-29,2840.0
KGZ,Kyrgyz Republic,2020-03-31,3041.0
KGZ,Kyrgyz Republic,2020-04-30,2727.0
KGZ,Kyrgyz Republic,2020-05-31,2890.0
KGZ,Kyrgyz Republic,2020-06-30,2915.0
KGZ,Kyrgyz Republic,2020-07-31,3086.0
KGZ,Kyrgyz Republic,2020-08-31,2847.0
KGZ,Kyrgyz Republic,2020-09-30,2694.0
KGZ,Kyrgyz Republic,2020-10-31,2867.0
KGZ,Kyrgyz Republic,2020-11-30,2878.0
KGZ,Kyrgyz Republic,2020-12-31,2969.0
KOR,"Korea, Rep.",2020-01-05,5699.0
KOR,"Korea, Rep.",2020-01-12,5622.0
KOR,"Korea, Rep.",2020-01-19,5551.0
KOR,"Korea, Rep.",2020-01-26,5601.0
KOR,"Korea, Rep.",2020-02-02,5588.0
KOR,"Korea, Rep.",2020-02-09,5617.0
KOR,"Korea, Rep.",2020-02-16,5738.0
KOR,"Korea, Rep.",2020-02-23,5784.0
KOR,"Korea, Rep.",2020-03-01,6070.0
KOR,"Korea, Rep.",2020-03-08,6090.0
KOR,"Korea, Rep.",2020-03-15,6050.0
KOR,"Korea, Rep.",2020-03-22,6040.0
KOR,"Korea, Rep.",2020-03-29,5778.0
KOR,"Korea, Rep.",2020-04-05,5801.0
KOR,"Korea, Rep.",2020-04-12,5545.0
KOR,"Korea, Rep.",2020-04-19,5380.0
KOR,"Korea, Rep.",2020-04-26,5453.0
KOR,"Korea, Rep.",2020-05-03,5481.0
KOR,"Korea, Rep.",2020-05-10,5129.0
KOR,"Korea, Rep.",2020-05-17,5202.0
KOR,"Korea, Rep.",2020-05-24,5069.0
KOR,"Korea, Rep.",2020-05-31,5242.0
KOR,"Korea, Rep.",2020-06-07,5129.0
KOR,"Korea, Rep.",2020-06-14,4942.0
KOR,"Korea, Rep.",2020-06-21,5067.0
KOR,"Korea, Rep.",2020-06-28,4868.0
KOR,"Korea, Rep.",2020-07-05,4947.0
KOR,"Korea, Rep.",2020-07-12,4943.0
KOR,"Korea, Rep.",2020-07-19,4809.0
KOR,"Korea, Rep.",2020-07-26,4732.0
KOR,"Korea, Rep.",2020-08-02,5005.0
KOR,"Korea, Rep.",2020-08-09,4916.0
KOR,"Korea, Rep.",2020-08-16,4733.0
KOR,"Korea, Rep.",2020-08-23,4874.0
KOR,"Korea, Rep.",2020-08-30,4737.0
KOR,"Korea, Rep.",2020-09-06,4935.0
KOR,"Korea, Rep.",2020-09-13,4948.0
KOR,"Korea, Rep.",2020-09-20,5007.0
KOR,"Korea, Rep.",2020-09-27,4987.0
KOR,"Korea, Rep.",2020-10-04,5180.0
KOR,"Korea, Rep.",2020-10-11,5102.0
KOR,"Korea, Rep.",2020-10-18,5387.0
KOR,"Korea, Rep.",2020-10-25,5248.0
KOR,"Korea, Rep.",2020-11-01,5082.0
KOR,"Korea, Rep.",2020-11-08,5403.0
KOR,"Korea, Rep.",2020-11-15,5229.0
KOR,"Korea, Rep.",2020-11-22,5196.0
KOR,"Korea, Rep.",2020-11-29,5293.0
KOR,"Korea, Rep.",2020-12-06,5356.0
KOR,"Korea, Rep.",2020-12-13,5361.0
KOR,"Korea, Rep.",2020-12-20,5222.0
KOR,"Korea, Rep.",2020-12-27,5232.0
LIE,Liechtenstein,2020-01-31,25.0
LIE,Liechtenstein,2020-02-29,22.0
LIE,Liechtenstein,2020-03-31,30.0
LIE,Liechtenstein,2020-04-30,17.0
LIE,Liechtenstein,2020-05-31,14.0
LIE,Liechtenstein,2020-06-30,19.0
LIE,Liechtenstein,2020-07-31,25.0
LIE,Liechtenstein,2020-08-31,22.0
LIE,Liechtenstein,2020-09-30,24.0
LIE,Liechtenstein,2020-10-31,18.0
LIE,Liechtenstein,2020-11-30,21.0
LIE,Liechtenstein,2020-12-31,15.0
LTU,Lithuania,2020-01-05,844.0
LTU,Lithuania,2020-01-12,827.0
LTU,Lithuania,2020-01-19,905.0
LTU,Lithuania,2020-01-26,853.0
LTU,Lithuania,2020-02-02,881.0
LTU,Lithuania,2020-02-09,873.0
LTU,Lithuania,2020-02-16,921.0
LTU,Lithuania,2020-02-23,918.0
LTU,Lithuania,2020-03-01,922.0
LTU,Lithuania,2020-03-08,911.0
LTU,Lithuania,2020-03-15,896.0
LTU,Lithuania,2020-03-22,909.0
LTU,Lithuania,2020-03-29,859.0
LTU,Lithuania,2020-04-05,849.0
LTU,Lithuania,2020-04-12,867.0
LTU,Lithuania,2020-04-19,890.0
LTU,Lithuania,2020-04-26,791.0
LTU,Lithuania,2020-05-03,783.0
LTU,Lithuania,2020-05-10,796.0
LTU,Lithuania,2020-05-17,763.0
LTU,Lithuania,2020-05-24,802.0
LTU,Lithuania,2020-05-31,780.0
LTU,Lithuania,2020-06-07,850.0
LTU,Lithuania,2020-06-14,740.0
LTU,Lithuania,2020-06-21,749.0
LTU,Lithuania,2020-06-28,691.0
LTU,Lithuania,2020-07-05,827.0
LTU,Lithuania,2020-07-12,762.0
LTU,Lithuania,2020-07-19,689.0
LTU,Lithuania,2020-07-26,723.0
LTU,Lithuania,2020-08-02,727.0
LTU,Lithuania,2020-08-09,822.0
LTU,Lithuania,2020-08-16,753.0
LTU,Lithuania,2020-08-23,657.0
LTU,Lithuania,2020-08-30,704.0
LTU,Lithuania,2020-09-06,697.0
LTU,Lithuania,2020-09-13,654.0
LTU,Lithuania,2020-09-20,733.0
LTU,Lithuania,2020-09-27,726.0
LTU,Lithuania,2020-10-04,741.0
LTU,Lithuania,2020-10-11,738.0
LTU,Lithuania,2020-10-18,859.0
LTU,Lithuania,2020-10-25,857.0
LTU,Lithuania,2020-11-01,806.0
LTU,Lithuania,2020-11-08,739.0
LTU,Lithuania,2020-11-15,815.0
LTU,Lithuania,2020-11-22,757.0
LTU,Lithuania,2020-11-29,761.0
LTU,Lithuania,2020-12-06,786.0
LTU,Lithuania,2020-12-13,773.0
LTU,Lithuania,2020-12-20,786.0
LTU,Lithuania,2020-12-27,870.0
LUX,Luxembourg,2020-01-05,81.0
LUX,Luxembourg,2020-01-12,87.0
LUX,Luxembourg,2020-01-19,80.0
LUX,Luxembourg,2020-01-26,94.0
LUX,Luxembourg,2020-02-02,100.0
LUX,Luxembourg,2020-02-09,100.0
LUX,Luxembourg,2020-02-16,92.0
LUX,Luxembourg,2020-02-23,115.0
LUX,Luxembourg,2020-03-01,88.0
LUX,Luxembourg,2020-03-08,112.0
LUX,Luxembourg,2020-03-15,84.0
LUX,Luxembourg,2020-03-22,73.0
LUX,Luxembourg,2020-03-29,88.0
LUX,Luxembourg,2020-04-05,91.0
LUX,Luxembourg,2020-04-12,75.0
LUX,Luxembourg,2020-04-19,80.0
LUX,Luxembourg,2020-04-26,72.0
LUX,Luxembourg,2020-05-03,61.0
LUX,Luxembourg,2020-05-10,68.0
LUX,Luxembourg,2020-05-17,65.0
LUX,Luxembourg,2020-05-24,62.0
LUX,Luxembourg,2020-05-31,77.0
LUX,Luxembourg,2020-06-07,71.0
LUX,Luxembourg,2020-06-14,65.0
LUX,Luxembourg,2020-06-21,76.0
LUX,Luxembourg,2020-06-28,54.0
LUX,Luxembourg,2020-07-05,87.0
LUX,Luxembourg,2020-07-12,88.0
LUX,Luxembourg,2020-07-19,69.0
LUX,Luxembourg,2020-07-26,57.0
LUX,Luxembourg,2020-08-02,73.0
LUX,Luxembourg,2020-08-09,68.0
LUX,Luxembourg,2020-08-16,71.0
LUX,Luxembourg,2020-08-23,73.0
LUX,Luxembourg,2020-08-30,70.0
LUX,Luxembourg,2020-09-06,73.0
LUX,Luxembourg,2020-09-13,80.0
LUX,Luxembourg,2020-09-20,65.0
LUX,Luxembourg,2020-09-27,70.0
LUX,Luxembourg,2020-10-04,65.0
LUX,Luxembourg,2020-10-11,68.0
LUX,Luxembourg,2020-10-18,66.0
LUX,Luxembourg,2020-10-25,73.0
LUX,Luxembourg,2020-11-01,84.0
LUX,Luxembourg,2020-11-08,74.0
LUX,Luxembourg,2020-11-15,67.0
LUX,Luxembourg,2020-11-22,78.0
LUX,Luxembourg,2020-11-29,61.0
LUX,Luxembourg,2020-12-06,59.0
LUX,Luxembourg,2020-12-13,76.0
LUX,Luxembourg,2020-12-20,83.0
LUX,Luxembourg,2020-12-27,56.0
LVA,Latvia,2020-01-05,617.0
LVA,Latvia,2020-01-12,608.0
LVA,Latvia,2020-01-19,622.0
LVA,Latvia,2020-01-26,618.0
LVA,Latvia,2020-02-02,624.0
LVA,Latvia,2020-02-09,573.0
LVA,Latvia,2020-02-16,623.0
LVA,Latvia,2020-02-23,596.0
LVA,Latvia,2020-03-01,607.0
LVA,Latvia,2020-03-08,605.0
LVA,Latvia,2020-03-15,600.0
LVA,Latvia,2020-03-22,565.0
LVA,Latvia,2020-03-29,555.0
LVA,Latvia,2020-04-05,565.0
LVA,Latvia,2020-04-12,600.0
LVA,Latvia,2020-04-19,570.0
LVA,Latvia,2020-04-26,580.0
LVA,Latvia,2020-05-03,516.0
LVA,Latvia,2020-05-10,513.0
LVA,Latvia,2020-05-17,547.0
LVA,Latvia,2020-05-24,535.0
LVA,Latvia,2020-05-31,535.0
LVA,Latvia,2020-06-07,521.0
LVA,Latvia,2020-06-14,459.0
LVA,Latvia,2020-06-21,549.0
LVA,Latvia,2020-06-28,523.0
LVA,Latvia,2020-07-05,584.0
LVA,Latvia,2020-07-12,487.0
LVA,Latvia,2020-07-19,525.0
LVA,Latvia,2020-07-26,508.0
LVA,Latvia,2020-08-02,494.0
LVA,Latvia,2020-08-09,523.0
LVA,Latvia,2020-08-16,520.0
LVA,Latvia,2020-08-23,520.0
LVA,Latvia,2020-08-30,470.0
LVA,Latvia,2020-09-06,438.0
LVA,Latvia,2020-09-13,478.0
LVA,Latvia,2020-09-20,505.0
LVA,Latvia,2020-09-27,528.0
LVA,Latvia,2020-10-04,488.0
LVA,Latvia,2020-10-11,514.0
LVA,Latvia,2020-10-18,555.0
LVA,Latvia,2020-10-25,572.0
LVA,Latvia,2020-11-01,550.0
LVA,Latvia,2020-11-08,500.0
LVA,Latvia,2020-11-15,544.0
LVA,Latvia,2020-11-22,520.0
LVA,Latvia,2020-11-29,518.0
LVA,Latvia,2020-12-06,537.0
LVA,Latvia,2020-12-13,523.0
LVA,Latvia,2020-12-20,567.0
LVA,Latvia,2020-12-27,597.0
MAC,Macao SAR China,2020-01-31,193.0
MAC,Macao SAR China,2020-02-29,163.0
MAC,Macao SAR China,2020-03-31,186.0
MAC,Macao SAR China,2020-04-30,167.0
MAC,Macao SAR China,2020-05-31,132.0
MAC,Macao SAR China,2020-06-30,181.0
MAC,Macao SAR China,2020-07-31,170.0
MAC,Macao SAR China,2020-08-31,163.0
MAC,Macao SAR China,2020-09-30,162.0
MAC,Macao SAR China,2020-10-31,158.0
MAC,Macao SAR China,2020-11-30,141.0
MAC,Macao SAR China,2020-12-31,186.0
MCO,Monaco,2020-01-31,60.0
MCO,Monaco,2020-02-29,70.0
MCO,Monaco,2020-03-31,50.0
MCO,Monaco,2020-04-30,42.0
MCO,Monaco,2020-05-31,38.0
MCO,Monaco,2020-06-30,45.0
MCO,Monaco,2020-07-31,54.0
MCO,Monaco,2020-08-31,38.0
MCO,Monaco,2020-09-30,48.0
MCO,Monaco,2020-10-31,43.0
MCO,Monaco,2020-11-30,66.0
MCO,Monaco,2020-12-31,38.0
MDA,Moldova,2020-01-31,4013.0
MDA,Moldova,2020-02-29,3476.0
MDA,Moldova,2020-03-31,3681.0
MDA,Moldova,2020-04-30,3578.0
MDA,Moldova,2020-05-31,3282.0
MDA,Moldova,2020-06-30,3023.0
MDA,Moldova,2020-07-31,3070.0
MDA,Moldova,2020-08-31,2682.0
MDA,Moldova,2020-09-30,2898.0
MDA,Moldova,2020-10-31,3320.0
MDA,Moldova,2020-11-30,3391.0
MDA,Moldova,2020-12-31,3469.0
MEX,Mexico,2020-01-05,15101.0
MEX,Mexico,2020-01-12,15449.0
MEX,Mexico,2020-01-19,14820.0
MEX,Mexico,2020-01-26,14172.0
MEX,Mexico,2020-02-02,13628.0
MEX,Mexico,2020-02-09,13914.0
MEX,Mexico,2020-02-16,13550.0
MEX,Mexico,2020-02-23,13799.0
MEX,Mexico,2020-03-01,13054.0
MEX,Mexico,2020-03-08,12979.0
MEX,Mexico,2020-03-15,12498.0
MEX,Mexico,2020-03-22,13133.0
MEX,Mexico,2020-03-29,12066.0
MEX,Mexico,2020-04-05,12477.0
MEX,Mexico,2020-04-12,12202.0
MEX,Mexico,2020-04-19,11796.0
MEX,Mexico,2020-04-26,12403.0
MEX,Mexico,2020-05-03,11763.0
MEX,Mexico,2020-05-10,12059.0
MEX,Mexico,2020-05-17,11732.0
MEX,Mexico,2020-05-24,11856.0
MEX,Mexico,2020-05-31,11608.0
MEX,Mexico,2020-06-07,11876.0
MEX,Mexico,2020-06-14,11709.0
MEX,Mexico,2020-06-21,11510.0
MEX,Mexico,2020-06-28,11571.0
MEX,Mexico,2020-07-05,11583.0
MEX,Mexico,2020-07-12,11538.0
MEX,Mexico,2020-07-19,12003.0
MEX,Mexico,2020-07-26,11947.0
MEX,Mexico,2020-08-02,12083.0
MEX,Mexico,2020-08-09,12237.0
MEX,Mexico,2020-08-16,11739.0
MEX,Mexico,2020-08-23,11670.0
MEX,Mexico,2020-08-30,11680.0
MEX,Mexico,2020-09-06,11668.0
MEX,Mexico,2020-09-13,11814.0
MEX,Mexico,2020-09-20,11957.0
MEX,Mexico,2020-09-27,11560.0
MEX,Mexico,2020-10-04,12484.0
MEX,Mexico,2020-10-11,12397.0
MEX,Mexico,2020-10-18,12063.0
MEX,Mexico,2020-10-25,12221.0
MEX,Mexico,2020-11-01,12153.0
MEX,Mexico,2020-11-08,12543.0
MEX,Mexico,2020-11-15,12217.0
MEX,Mexico,2020-11-22,12542.0
MEX,Mexico,2020-11-29,12597.0
MEX,Mexico,2020-12-06,12830.0
MEX,Mexico,2020-12-13,13526.0
MEX,Mexico,2020-12-20,13542.0
MEX,Mexico,2020-12-27,14351.0
MKD,North Macedonia,2020-01-31,2105.0
MKD,North Macedonia,2020-02-29,1848.0
MKD,North Macedonia,2020-03-31,1909.0
MKD,North Macedonia,2020-04-30,1711.0
MKD,North Macedonia,2020-05-31,1687.0
MKD,North Macedonia,2020-06-30,1458.0
MKD,North Macedonia,2020-07-31,1611.0
MKD,North Macedonia,2020-08-31,1530.0
MKD,North Macedonia,2020-09-30,1400.0
MKD,North Macedonia,2020-10-31,1723.0
MKD,North Macedonia,2020-11-30,1658.0
MKD,North Macedonia,2020-12-31,1821.0
MLT,Malta,2020-01-05,85.0
MLT,Malta,2020-01-12,93.0
MLT,Malta,2020-01-19,93.0
MLT,Malta,2020-01-26,72.0
MLT,Malta,2020-02-02,84.0
MLT,Malta,2020-02-09,78.0
MLT,Malta,2020-02-16,93.0
MLT,Malta,2020-02-23,100.0
MLT,Malta,2020-03-01,95.0
MLT,Malta,2020-03-08,75.0
MLT,Malta,2020-03-15,95.0
MLT,Malta,2020-03-22,81.0
MLT,Malta,2020-03-29,76.0
MLT,Malta,2020-04-05,69.0
MLT,Malta,2020-04-12,74.0
MLT,Malta,2020-04-19,65.0
MLT,Malta,2020-04-26,56.0
MLT,Malta,2020-05-03,63.0
MLT,Malta,2020-05-10,54.0
MLT,Malta,2020-05-17,49.0
MLT,Malta,2020-05-24,69.0
MLT,Malta,2020-05-31,54.0
MLT,Malta,2020-06-07,61.0
MLT,Malta,2020-06-14,66.0
MLT,Malta,2020-06-21,50.0
MLT,Malta,2020-06-28,50.0
MLT,Malta,2020-07-05,53.0
MLT,Malta,2020-07-12,58.0
MLT,Malta,2020-07-19,48.0
MLT,Malta,2020-07-26,68.0
MLT,Malta,2020-08-02,65.0
MLT,Malta,2020-08-09,58.0
MLT,Malta,2020-08-16,55.0
MLT,Malta,2020-08-23,47.0
MLT,Malta,2020-08-30,63.0
MLT,Malta,2020-09-06,60.0
MLT,Malta,2020-09-13,61.0
MLT,Malta,2020-09-20,53.0
MLT,Malta,2020-09-27,54.0
MLT,Malta,2020-10-04,47.0
MLT,Malta,2020-10-11,54.0
MLT,Malta,2020-10-18,67.0
MLT,Malta,2020-10-25,63.0
MLT,Malta,2020-11-01,67.0
MLT,Malta,2020-11-08,37.0
MLT,Malta,2020-11-15,60.0
MLT,Malta,2020-11-22,62.0
MLT,Malta,2020-11-29,69.0
MLT,Malta,2020-12-06,68.0
MLT,Malta,2020-12-13,61.0
MLT,Malta,2020-12-20,61.0
MLT,Malta,2020-12-27,74.0
MNE,Montenegro,2020-01-05,142.0
MNE,Montenegro,2020-01-12,140.0
MNE,Montenegro,2020-01-19,148.0
MNE,Montenegro,2020-01-26,128.0
MNE,Montenegro,2020-02-02,134.0
MNE,Montenegro,2020-02-09,141.0
MNE,Montenegro,2020-02-16,126.0
MNE,Montenegro,2020-02-23,162.0
MNE,Montenegro,2020-03-01,155.0
MNE,Montenegro,2020-03-08,163.0
MNE,Montenegro,2020-03-15,122.0
MNE,Montenegro,2020-03-22,140.0
MNE,Montenegro,2020-03-29,106.0
MNE,Montenegro,2020-04-05,137.0
MNE,Montenegro,2020-04-12,114.0
MNE,Montenegro,2020-04-19,121.0
MNE,Montenegro,2020-04-26,138.0
MNE,Montenegro,2020-05-03,108.0
MNE,Montenegro,2020-05-10,98.0
MNE,Montenegro,2020-05-17,123.0
MNE,Montenegro,2020-05-24,98.0
MNE,Montenegro,2020-05-31,114.0
MNE,Montenegro,2020-06-07,125.0
MNE,Montenegro,2020-06-14,116.0
MNE,Montenegro,2020-06-21,89.0
MNE,Montenegro,2020-06-28,89.0
MNE,Montenegro,2020-07-05,102.0
MNE,Montenegro,2020-07-12,136.0
MNE,Montenegro,2020-07-19,118.0
MNE,Montenegro,2020-07-26,158.0
MNE,Montenegro,2020-08-02,114.0
MNE,Montenegro,2020-08-09,124.0
MNE,Montenegro,2020-08-16,97.0
MNE,Montenegro,2020-08-23,85.0
MNE,Montenegro,2020-08-30,87.0
MNE,Montenegro,2020-09-06,125.0
MNE,Montenegro,2020-09-13,96.0
MNE,Montenegro,2020-09-20,116.0
MNE,Montenegro,2020-09-27,92.0
MNE,Montenegro,2020-10-04,138.0
MNE,Montenegro,2020-10-11,125.0
MNE,Montenegro,2020-10-18,116.0
MNE,Montenegro,2020-10-25,117.0
MNE,Montenegro,2020-11-01,131.0
MNE,Montenegro,2020-11-08,121.0
MNE,Montenegro,2020-11-15,135.0
MNE,Montenegro,2020-11-22,130.0
MNE,Montenegro,2020-11-29,89.0
MNE,Montenegro,2020-12-06,124.0
MNE,Montenegro,2020-12-13,122.0
MNE,Montenegro,2020-12-20,123.0
MNE,Montenegro,2020-12-27,129.0
MNG,Mongolia,2020-01-31,1340.0
MNG,Mongolia,2020-02-29,1292.0
MNG,Mongolia,2020-03-31,1445.0
MNG,Mongolia,2020-04-30,1302.0
MNG,Mongolia,2020-05-31,1360.0
MNG,Mongolia,2020-06-30,1418.0
MNG,Mongolia,2020-07-31,1318.0
MNG,Mongolia,2020-08-31,1315.0
MNG,Mongolia,2020-09-30,1457.0
MNG,Mongolia,2020-10-31,1348.0
MNG,Mongolia,2020-11-30,1294.0
MNG,Mongolia,2020-12-31,1485.0
MTQ,Martinique,2020-01-05,61.0
MTQ,Martinique,2020-01-12,54.0
MTQ,Martinique,2020-01-19,58.0
MTQ,Martinique,2020-01-26,57.0
MTQ,Martinique,2020-02-02,49.0
MTQ,Martinique,2020-02-09,55.0
MTQ,Martinique,2020-02-16,78.0
MTQ,Martinique,2020-02-23,61.0
MTQ,Martinique,2020-03-01,68.0
MTQ,Martinique,2020-03-08,61.0
MTQ,Martinique,2020-03-15,64.0
MTQ,Martinique,2020-03-22,52.0
MTQ,Martinique,2020-03-29,55.0
MTQ,Martinique,2020-04-05,57.0
MTQ,Martinique,2020-04-12,71.0
MTQ,Martinique,2020-04-19,56.0
MTQ,Martinique,2020-04-26,47.0
MTQ,Martinique,2020-05-03,60.0
MTQ,Martinique,2020-05-10,47.0
MTQ,Martinique,2020-05-17,61.0
MTQ,Martinique,2020-05-24,54.0
MTQ,Martinique,2020-05-31,69.0
MTQ,Martinique,2020-06-07,62.0
MTQ,Martinique,2020-06-14,62.0
MTQ,Martinique,2020-06-21,61.0
MTQ,Martinique,2020-06-28,58.0
MTQ,Martinique,2020-07-05,58.0
MTQ,Martinique,2020-07-12,51.0
MTQ,Martinique,2020-07-19,58.0
MTQ,Martinique,2020-07-26,53.0
MTQ,Martinique,2020-08-02,58.0
MTQ,Martinique,2020-08-09,58.0
MTQ,Martinique,2020-08-16,60.0
MTQ,Martinique,2020-08-23,70.0
MTQ,Martinique,2020-08-30,48.0
MTQ,Martinique,2020-09-06,71.0
MTQ,Martinique,2020-09-13,67.0
MTQ,Martinique,2020-09-20,60.0
MTQ,Martinique,2020-09-27,59.0
MTQ,Martinique,2020-10-04,63.0
MTQ,Martinique,2020-10-11,40.0
MTQ,Martinique,2020-10-18,60.0
MTQ,Martinique,2020-10-25,51.0
MTQ,Martinique,2020-11-01,60.0
MTQ,Martinique,2020-11-08,56.0
MTQ,Martinique,2020-11-15,53.0
MTQ,Martinique,2020-11-22,43.0
MTQ,Martinique,2020-11-29,65.0
MTQ,Martinique,2020-12-06,63.0
MTQ,Martinique,2020-12-13,57.0
MTQ,Martinique,2020-12-20,60.0
MTQ,Martinique,2020-12-27,59.0
MUS,Mauritius,2020-01-31,845.0
MUS,Mauritius,2020-02-29,711.0
MUS,Mauritius,2020-03-31,773.0
MUS,Mauritius,2020-04-30,758.0
MUS,Mauritius,2020-05-31,771.0
MUS,Mauritius,2020-06-30,795.0
MUS,Mauritius,2020-07-31,847.0
MUS,Mauritius,2020-08-31,905.0
MUS,Mauritius,2020-09-30,829.0
MUS,Mauritius,2020-10-31,804.0
MUS,Mauritius,2020-11-30,840.0
MUS,Mauritius,2020-12-31,869.0
MYS,Malaysia,2020-01-31,14073.0
MYS,Malaysia,2020-02-29,12247.0
MYS,Malaysia,2020-03-31,13397.0
MYS,Malaysia,2020-04-30,12310.0
MYS,Malaysia,2020-05-31,13152.0
MYS,Malaysia,2020-06-30,12824.0
MYS,Malaysia,2020-07-31,13497.0
MYS,Malaysia,2020-08-31,13312.0
MYS,Malaysia,2020-09-30,12299.0
MYS,Malaysia,2020-10-31,12969.0
MYS,Malaysia,2020-11-30,12529.0
MYS,Malaysia,2020-12-31,13177.0
MYT,Mayotte,2020-01-05,8.0
MYT,Mayotte,2020-01-12,12.0
MYT,Mayotte,2020-01-19,13.0
MYT,Mayotte,2020-01-26,15.0
MYT,Mayotte,2020-02-02,18.0
MYT,Mayotte,2020-02-09,13.0
MYT,Mayotte,2020-02-16,18.0
MYT,Mayotte,2020-02-23,9.0
MYT,Mayotte,2020-03-01,11.0
MYT,Mayotte,2020-03-08,13.0
MYT,Mayotte,2020-03-15,12.0
MYT,Mayotte,2020-03-22,5.0
MYT,Mayotte,2020-03-29,14.0
MYT,Mayotte,2020-04-05,8.0
MYT,Mayotte,2020-04-12,10.0
MYT,Mayotte,2020-04-19,12.0
MYT,Mayotte,2020-04-26,12.0
MYT,Mayotte,2020-05-03,5.0
MYT,Mayotte,2020-05-10,11.0
MYT,Mayotte,2020-05-17,14.0
MYT,Mayotte,2020-05-24,11.0
MYT,Mayotte,2020-05-31,6.0
MYT,Mayotte,2020-06-07,8.0
MYT,Mayotte,2020-06-14,12.0
MYT,Mayotte,2020-06-21,18.0
MYT,Mayotte,2020-06-28,9.0
MYT,Mayotte,2020-07-05,11.0
MYT,Mayotte,2020-07-12,10.0
MYT,Mayotte,2020-07-19,10.0
MYT,Mayotte,2020-07-26,17.0
MYT,Mayotte,2020-08-02,15.0
MYT,Mayotte,2020-08-09,10.0
MYT,Mayotte,2020-08-16,9.0
MYT,Mayotte,2020-08-23,8.0
MYT,Mayotte,2020-08-30,20.0
MYT,Mayotte,2020-09-06,22.0
MYT,Mayotte,2020-09-13,11.0
MYT,Mayotte,2020-09-20,11.0
MYT,Mayotte,2020-09-27,12.0
MYT,Mayotte,2020-10-04,17.0
MYT,Mayotte,2020-10-11,9.0
MYT,Mayotte,2020-10-18,8.0
MYT,Mayotte,2020-10-25,13.0
MYT,Mayotte,2020-11-01,17.0
MYT,Mayotte,2020-11-08,10.0
MYT,Mayotte,2020-11-15,14.0
MYT,Mayotte,2020-11-22,12.0
MYT,Mayotte,2020-11-29,4.0
MYT,Mayotte,2020-12-06,9.0
MYT,Mayotte,2020-12-13,13.0
MYT,Mayotte,2020-12-20,12.0
MYT,Mayotte,2020-12-27,10.0
NIC,Nicaragua,2020-01-31,2035.0
NIC,Nicaragua,2020-02-29,1709.0
NIC,Nicaragua,2020-03-31,1878.0
NIC,Nicaragua,2020-04-30,1853.0
NIC,Nicaragua,2020-05-31,1831.0
NIC,Nicaragua,2020-06-30,1914.0
NIC,Nicaragua,2020-07-31,2009.0
NIC,Nicaragua,2020-08-31,2030.0
NIC,Nicaragua,2020-09-30,1857.0
NIC,Nicaragua,2020-10-31,2037.0
NIC,Nicaragua,2020-11-30,2063.0
NIC,Nicaragua,2020-12-31,2324.0
NLD,Netherlands,2020-01-05,3259.0
NLD,Netherlands,2020-01-12,3430.0
NLD,Netherlands,2020-01-19,3378.0
NLD,Netherlands,2020-01-26,3353.0
NLD,Netherlands,2020-02-02,3324.0
NLD,Netherlands,2020-02-09,3271.0
NLD,Netherlands,2020-02-16,3309.0
NLD,Netherlands,2020-02-23,3383.0
NLD,Netherlands,2020-03-01,3210.0
NLD,Netherlands,2020-03-08,3222.0
NLD,Netherlands,2020-03-15,3090.0
NLD,Netherlands,2020-03-22,3052.0
NLD,Netherlands,2020-03-29,3085.0
NLD,Netherlands,2020-04-05,2844.0
NLD,Netherlands,2020-04-12,2888.0
NLD,Netherlands,2020-04-19,2896.0
NLD,Netherlands,2020-04-26,2835.0
NLD,Netherlands,2020-05-03,2678.0
NLD,Netherlands,2020-05-10,2742.0
NLD,Netherlands,2020-05-17,2720.0
NLD,Netherlands,2020-05-24,2568.0
NLD,Netherlands,2020-05-31,2661.0
NLD,Netherlands,2020-06-07,2598.0
NLD,Netherlands,2020-06-14,2681.0
NLD,Netherlands,2020-06-21,2561.0
NLD,Netherlands,2020-06-28,2548.0
NLD,Netherlands,2020-07-05,2849.0
NLD,Netherlands,2020-07-12,2588.0
NLD,Netherlands,2020-07-19,2568.0
NLD,Netherlands,2020-07-26,2551.0
NLD,Netherlands,2020-08-02,2493.0
NLD,Netherlands,2020-08-09,2546.0
NLD,Netherlands,2020-08-16,2531.0
NLD,Netherlands,2020-08-23,2524.0
NLD,Netherlands,2020-08-30,2530.0
NLD,Netherlands,2020-09-06,2513.0
NLD,Netherlands,2020-09-13,2602.0
NLD,Netherlands,2020-09-20,2631.0
NLD,Netherlands,2020-09-27,2687.0
NLD,Netherlands,2020-10-04,2744.0
NLD,Netherlands,2020-10-11,2698.0
NLD,Netherlands,2020-10-18,2712.0
NLD,Netherlands,2020-10-25,2833.0
NLD,Netherlands,2020-11-01,2828.0
NLD,Netherlands,2020-11-08,2697.0
NLD,Netherlands,2020-11-15,2606.0
NLD,Netherlands,2020-11-22,2809.0
NLD,Netherlands,2020-11-29,2721.0
NLD,Netherlands,2020-12-06,2762.0
NLD,Netherlands,2020-12-13,2852.0
NLD,Netherlands,2020-12-20,2881.0
NLD,Netherlands,2020-12-27,2593.0
NOR,Norway,2020-01-05,937.0
NOR,Norway,2020-01-12,977.0
NOR,Norway,2020-01-19,913.0
NOR,Norway,2020-01-26,930.0
NOR,Norway,2020-02-02,911.0
NOR,Norway,2020-02-09,898.0
NOR,Norway,2020-02-16,866.0
NOR,Norway,2020-02-23,931.0
NOR,Norway,2020-03-01,925.0
NOR,Norway,2020-03-08,975.0
NOR,Norway,2020-03-15,836.0
NOR,Norway,2020-03-22,785.0
NOR,Norway,2020-03-29,795.0
NOR,Norway,2020-04-05,786.0
NOR,Norway,2020-04-12,795.0
NOR,Norway,2020-04-19,777.0
NOR,Norway,2020-04-26,749.0
NOR,Norway,2020-05-03,686.0
NOR,Norway,2020-05-10,728.0
NOR,Norway,2020-05-17,707.0
NOR,Norway,2020-05-24,780.0
NOR,Norway,2020-05-31,716.0
NOR,Norway,2020-06-07,758.0
NOR,Norway,2020-06-14,746.0
NOR,Norway,2020-06-21,712.0
NOR,Norway,2020-06-28,752.0
NOR,Norway,2020-07-05,721.0
NOR,Norway,2020-07-12,693.0
NOR,Norway,2020-07-19,722.0
NOR,Norway,2020-07-26,669.0
NOR,Norway,2020-08-02,663.0
NOR,Norway,2020-08-09,700.0
NOR,Norway,2020-08-16,698.0
NOR,Norway,2020-08-23,732.0
NOR,Norway,2020-08-30,720.0
NOR,Norway,2020-09-06,745.0
NOR,Norway,2020-09-13,712.0
NOR,Norway,2020-09-20,750.0
NOR,Norway,2020-09-27,709.0
NOR,Norway,2020-10-04,766.0
NOR,Norway,2020-10-11,752.0
NOR,Norway,2020-10-18,741.0
NOR,Norway,2020-10-25,752.0
NOR,Norway,2020-11-01,745.0
NOR,Norway,2020-11-08,748.0
NOR,Norway,2020-11-15,753.0
NOR,Norway,2020-11-22,745.0
NOR,Norway,2020-11-29,831.0
NOR,Norway,2020-12-06,804.0
NOR,Norway,2020-12-13,816.0
NOR,Norway,2020-12-20,786.0
NOR,Norway,2020-12-27,833.0
NZL,New Zealand,2020-01-05,564.0
NZL,New Zealand,2020-01-12,566.0
NZL,New Zealand,2020-01-19,595.0
NZL,New Zealand,2020-01-26,531.0
NZL,New Zealand,2020-02-02,587.0
NZL,New Zealand,2020-02-09,567.0
NZL,New Zealand,2020-02-16,577.0
NZL,New Zealand,2020-02-23,542.0
NZL,New Zealand,2020-03-01,586.0
NZL,New Zealand,2020-03-08,550.0
NZL,New Zealand,2020-03-15,552.0
NZL,New Zealand,2020-03-22,567.0
NZL,New Zealand,2020-03-29,575.0
NZL,New Zealand,2020-04-05,586.0
NZL,New Zealand,2020-04-12,565.0
NZL,New Zealand,2020-04-19,554.0
NZL,New Zealand,2020-04-26,576.0
NZL,New Zealand,2020-05-03,579.0
NZL,New Zealand,2020-05-10,620.0
NZL,New Zealand,2020-05-17,583.0
NZL,New Zealand,2020-05-24,565.0
NZL,New Zealand,2020-05-31,593.0
NZL,New Zealand,2020-06-07,632.0
NZL,New Zealand,2020-06-14,626.0
NZL,New Zealand,2020-06-21,640.0
NZL,New Zealand,2020-06-28,625.0
NZL,New Zealand,2020-07-05,646.0
NZL,New Zealand,2020-07-12,669.0
NZL,New Zealand,2020-07-19,680.0
NZL,New Zealand,2020-07-26,710.0
NZL,New Zealand,2020-08-02,727.0
NZL,New Zealand,2020-08-09,719.0
NZL,New Zealand,2020-08-16,723.0
NZL,New Zealand,2020-08-23,663.0
NZL,New Zealand,2020-08-30,672.0
NZL,New Zealand,2020-09-06,666.0
NZL,New Zealand,2020-09-13,665.0
NZL,New Zealand,2020-09-20,686.0
NZL,New Zealand,2020-09-27,655.0
NZL,New Zealand,2020-10-04,595.0
NZL,New Zealand,2020-10-11,638.0
NZL,New Zealand,2020-10-18,596.0
NZL,New Zealand,2020-10-25,596.0
NZL,New Zealand,2020-11-01,606.0
NZL,New Zealand,2020-11-08,624.0
NZL,New Zealand,2020-11-15,545.0
NZL,New Zealand,2020-11-22,613.0
NZL,New Zealand,2020-11-29,546.0
NZL,New Zealand,2020-12-06,603.0
NZL,New Zealand,2020-12-13,575.0
NZL,New Zealand,2020-12-20,537.0
NZL,New Zealand,2020-12-27,567.0
OMN,Oman,2020-01-31,732.0
OMN,Oman,2020-02-29,550.0
OMN,Oman,2020-03-31,602.0
OMN,Oman,2020-04-30,587.0
OMN,Oman,2020-05-31,611.0
OMN,Oman,2020-06-30,574.0
OMN,Oman,2020-07-31,660.0
OMN,Oman,2020-08-31,651.0
OMN,Oman,2020-09-30,561.0
OMN,Oman,2020-10-31,551.0
OMN,Oman,2020-11-30,586.0
OMN,Oman,2020-12-31,678.0
PAN,Panama,2020-01-31,1602.0
PAN,Panama,2020-02-29,1377.0
PAN,Panama,2020-03-31,1557.0
PAN,Panama,2020-04-30,1424.0
PAN,Panama,2020-05-31,1421.0
PAN,Panama,2020-06-30,1508.0
PAN,Panama,2020-07-31,1509.0
PAN,Panama,2020-08-31,1549.0
PAN,Panama,2020-09-30,1588.0
PAN,Panama,2020-10-31,1567.0
PAN,Panama,2020-11-30,1489.0
PAN,Panama,2020-12-31,1591.0
PHL,Philippines,2020-01-31,50381.0
PHL,Philippines,2020-02-29,44540.0
PHL,Philippines,2020-03-31,46452.0
PHL,Philippines,2020-04-30,44421.0
PHL,Philippines,2020-05-31,46953.0
PHL,Philippines,2020-06-30,44172.0
PHL,Philippines,2020-07-31,47618.0
PHL,Philippines,2020-08-31,48511.0
PHL,Philippines,2020-09-30,45777.0
PHL,Philippines,2020-10-31,48404.0
PHL,Philippines,2020-11-30,45610.0
PHL,Philippines,2020-12-31,47766.0
POL,Poland,2020-01-05,7984.0
POL,Poland,2020-01-12,7754.0
POL,Poland,2020-01-19,7800.0
POL,Poland,2020-01-26,7559.0
POL,Poland,2020-02-02,7963.0
POL,Poland,2020-02-09,8166.0
POL,Poland,2020-02-16,8873.0
POL,Poland,2020-02-23,8985.0
POL,Poland,2020-03-01,9068.0
POL,Poland,2020-03-08,8839.0
POL,Poland,2020-03-15,8850.0
POL,Poland,2020-03-22,8640.0
POL,Poland,2020-03-29,8535.0
POL,Poland,2020-04-05,8449.0
POL,Poland,2020-04-12,8154.0
POL,Poland,2020-04-19,7974.0
POL,Poland,2020-04-26,7797.0
POL,Poland,2020-05-03,7483.0
POL,Poland,2020-05-10,7324.0
POL,Poland,2020-05-17,7266.0
POL,Poland,2020-05-24,7102.0
POL,Poland,2020-05-31,7015.0
POL,Poland,2020-06-07,7387.0
POL,Poland,2020-06-14,7076.0
POL,Poland,2020-06-21,6737.0
POL,Poland,2020-06-28,6781.0
POL,Poland,2020-07-05,7360.0
POL,Poland,2020-07-12,7029.0
POL,Poland,2020-07-19,6858.0
POL,Poland,2020-07-26,7016.0
POL,Poland,2020-08-02,6554.0
POL,Poland,2020-08-09,7753.0
POL,Poland,2020-08-16,7574.0
POL,Poland,2020-08-23,6698.0
POL,Poland,2020-08-30,6924.0
POL,Poland,2020-09-06,6922.0
POL,Poland,2020-09-13,6664.0
POL,Poland,2020-09-20,7130.0
POL,Poland,2020-09-27,6831.0
POL,Poland,2020-10-04,7163.0
POL,Poland,2020-10-11,7206.0
POL,Poland,2020-10-18,7868.0
POL,Poland,2020-10-25,7571.0
POL,Poland,2020-11-01,7348.0
POL,Poland,2020-11-08,7423.0
POL,Poland,2020-11-15,7505.0
POL,Poland,2020-11-22,7442.0
POL,Poland,2020-11-29,7409.0
POL,Poland,2020-12-06,7588.0
POL,Poland,2020-12-13,7563.0
POL,Poland,2020-12-20,7472.0
POL,Poland,2020-12-27,7604.0
PRT,Portugal,2020-01-05,2813.0
PRT,Portugal,2020-01-12,3054.0
PRT,Portugal,2020-01-19,3167.0
PRT,Portugal,2020-01-26,3088.0
PRT,Portugal,2020-02-02,2909.0
PRT,Portugal,2020-02-09,2869.0
PRT,Portugal,2020-02-16,2977.0
PRT,Portugal,2020-02-23,2684.0
PRT,Portugal,2020-03-01,2699.0
PRT,Portugal,2020-03-08,2447.0
PRT,Portugal,2020-03-15,2314.0
PRT,Portugal,2020-03-22,2284.0
PRT,Portugal,2020-03-29,2083.0
PRT,Portugal,2020-04-05,2179.0
PRT,Portugal,2020-04-12,1933.0
PRT,Portugal,2020-04-19,1937.0
PRT,Portugal,2020-04-26,1816.0
PRT,Portugal,2020-05-03,1819.0
PRT,Portugal,2020-05-10,1941.0
PRT,Portugal,2020-05-17,1911.0
PRT,Portugal,2020-05-24,1791.0
PRT,Portugal,2020-05-31,1950.0
PRT,Portugal,2020-06-07,1847.0
PRT,Portugal,2020-06-14,1799.0
PRT,Portugal,2020-06-21,1845.0
PRT,Portugal,2020-06-28,1727.0
PRT,Portugal,2020-07-05,1697.0
PRT,Portugal,2020-07-12,1805.0
PRT,Portugal,2020-07-19,1790.0
PRT,Portugal,2020-07-26,1751.0
PRT,Portugal,2020-08-02,1792.0
PRT,Portugal,2020-08-09,1811.0
PRT,Portugal,2020-08-16,1738.0
PRT,Portugal,2020-08-23,1787.0
PRT,Portugal,2020-08-30,1722.0
PRT,Portugal,2020-09-06,1803.0
PRT,Portugal,2020-09-13,1821.0
PRT,Portugal,2020-09-20,1699.0
PRT,Portugal,2020-09-27,1856.0
PRT,Portugal,2020-10-04,1914.0
PRT,Portugal,2020-10-11,1792.0
PRT,Portugal,2020-10-18,1809.0
PRT,Portugal,2020-10-25,1882.0
PRT,Portugal,2020-11-01,1883.0
PRT,Portugal,2020-11-08,1970.0
PRT,Portugal,2020-11-15,1854.0
PRT,Portugal,2020-11-22,1912.0
PRT,Portugal,2020-11-29,2040.0
PRT,Portugal,2020-12-06,2088.0
PRT,Portugal,2020-12-13,2002.0
PRT,Portugal,2020-12-20,2131.0
PRT,Portugal,2020-12-27,2102.0
PRY,Paraguay,2020-01-31,2456.0
PRY,Paraguay,2020-02-29,2071.0
PRY,Paraguay,2020-03-31,2393.0
PRY,Paraguay,2020-04-30,2357.0
PRY,Paraguay,2020-05-31,2628.0
PRY,Paraguay,2020-06-30,2805.0
PRY,Paraguay,2020-07-31,3023.0
PRY,Paraguay,2020-08-31,2608.0
PRY,Paraguay,2020-09-30,2436.0
PRY,Paraguay,2020-10-31,2314.0
PRY,Paraguay,2020-11-30,2242.0
PRY,Paraguay,2020-12-31,2469.0
QAT,Qatar,2020-01-31,210.0
QAT,Qatar,2020-02-29,196.0
QAT,Qatar,2020-03-31,191.0
QAT,Qatar,2020-04-30,183.0
QAT,Qatar,2020-05-31,218.0
QAT,Qatar,2020-06-30,174.0
QAT,Qatar,2020-07-31,176.0
QAT,Qatar,2020-08-31,166.0
QAT,Qatar,2020-09-30,187.0
QAT,Qatar,2020-10-31,201.0
QAT,Qatar,2020-11-30,194.0
QAT,Qatar,2020-12-31,221.0
REU,Runion,2020-01-05,74.0
REU,Runion,2020-01-12,108.0
REU,Runion,2020-01-19,76.0
REU,Runion,2020-01-26,84.0
REU,Runion,2020-02-02,82.0
REU,Runion,2020-02-09,82.0
REU,Runion,2020-02-16,89.0
REU,Runion,2020-02-23,86.0
REU,Runion,2020-03-01,79.0
REU,Runion,2020-03-08,94.0
REU,Runion,2020-03-15,96.0
REU,Runion,2020-03-22,90.0
REU,Runion,2020-03-29,84.0
REU,Runion,2020-04-05,98.0
REU,Runion,2020-04-12,78.0
REU,Runion,2020-04-19,78.0
REU,Runion,2020-04-26,72.0
REU,Runion,2020-05-03,75.0
REU,Runion,2020-05-10,100.0
REU,Runion,2020-05-17,80.0
REU,Runion,2020-05-24,80.0
REU,Runion,2020-05-31,69.0
REU,Runion,2020-06-07,102.0
REU,Runion,2020-06-14,71.0
REU,Runion,2020-06-21,83.0
REU,Runion,2020-06-28,111.0
REU,Runion,2020-07-05,84.0
REU,Runion,2020-07-12,98.0
REU,Runion,2020-07-19,78.0
REU,Runion,2020-07-26,105.0
REU,Runion,2020-08-02,96.0
REU,Runion,2020-08-09,94.0
REU,Runion,2020-08-16,96.0
REU,Runion,2020-08-23,82.0
REU,Runion,2020-08-30,98.0
REU,Runion,2020-09-06,77.0
REU,Runion,2020-09-13,81.0
REU,Runion,2020-09-20,96.0
REU,Runion,2020-09-27,91.0
REU,Runion,2020-10-04,80.0
REU,Runion,2020-10-11,100.0
REU,Runion,2020-10-18,80.0
REU,Runion,2020-10-25,96.0
REU,Runion,2020-11-01,87.0
REU,Runion,2020-11-08,89.0
REU,Runion,2020-11-15,72.0
REU,Runion,2020-11-22,93.0
REU,Runion,2020-11-29,82.0
REU,Runion,2020-12-06,80.0
REU,Runion,2020-12-13,85.0
REU,Runion,2020-12-20,76.0
REU,Runion,2020-12-27,98.0
ROU,Romania,2020-01-05,5803.0
ROU,Romania,2020-01-12,5848.0
ROU,Romania,2020-01-19,5602.0
ROU,Romania,2020-01-26,5508.0
ROU,Romania,2020-02-02,5560.0
ROU,Romania,2020-02-09,5688.0
ROU,Romania,2020-02-16,5815.0
ROU,Romania,2020-02-23,6281.0
ROU,Romania,2020-03-01,6139.0
ROU,Romania,2020-03-08,5909.0
ROU,Romania,2020-03-15,5824.0
ROU,Romania,2020-03-22,5844.0
ROU,Romania,2020-03-29,5865.0
ROU,Romania,2020-04-05,5432.0
ROU,Romania,2020-04-12,5425.0
ROU,Romania,2020-04-19,5571.0
ROU,Romania,2020-04-26,5282.0
ROU,Romania,2020-05-03,5053.0
ROU,Romania,2020-05-10,4822.0
ROU,Romania,2020-05-17,4667.0
ROU,Romania,2020-05-24,4769.0
ROU,Romania,2020-05-31,4306.0
ROU,Romania,2020-06-07,4913.0
ROU,Romania,2020-06-14,4682.0
ROU,Romania,2020-06-21,4410.0
ROU,Romania,2020-06-28,4283.0
ROU,Romania,2020-07-05,4434.0
ROU,Romania,2020-07-12,4604.0
ROU,Romania,2020-07-19,4416.0
ROU,Romania,2020-07-26,4997.0
ROU,Romania,2020-08-02,4551.0
ROU,Romania,2020-08-09,4439.0
ROU,Romania,2020-08-16,4503.0
ROU,Romania,2020-08-23,4127.0
ROU,Romania,2020-08-30,4413.0
ROU,Romania,2020-09-06,4554.0
ROU,Romania,2020-09-13,4040.0
ROU,Romania,2020-09-20,4574.0
ROU,Romania,2020-09-27,4313.0
ROU,Romania,2020-10-04,4342.0
ROU,Romania,2020-10-11,4598.0
ROU,Romania,2020-10-18,4917.0
ROU,Romania,2020-10-25,4962.0
ROU,Romania,2020-11-01,4984.0
ROU,Romania,2020-11-08,5129.0
ROU,Romania,2020-11-15,5188.0
ROU,Romania,2020-11-22,5074.0
ROU,Romania,2020-11-29,4926.0
ROU,Romania,2020-12-06,5043.0
ROU,Romania,2020-12-13,4991.0
ROU,Romania,2020-12-20,5179.0
ROU,Romania,2020-12-27,5249.0
RUS,Russian Federation,2020-01-31,174723.0
RUS,Russian Federation,2020-02-29,156737.0
RUS,Russian Federation,2020-03-31,175810.0
RUS,Russian Federation,2020-04-30,164705.0
RUS,Russian Federation,2020-05-31,154855.0
RUS,Russian Federation,2020-06-30,161267.0
RUS,Russian Federation,2020-07-31,155922.0
RUS,Russian Federation,2020-08-31,145113.0
RUS,Russian Federation,2020-09-30,154600.0
RUS,Russian Federation,2020-10-31,156753.0
RUS,Russian Federation,2020-11-30,147626.0
RUS,Russian Federation,2020-12-31,163302.0
SGP,Singapore,2020-01-31,1701.0
SGP,Singapore,2020-02-29,1481.0
SGP,Singapore,2020-03-31,1680.0
SGP,Singapore,2020-04-30,1589.0
SGP,Singapore,2020-05-31,1725.0
SGP,Singapore,2020-06-30,1827.0
SGP,Singapore,2020-07-31,1781.0
SGP,Singapore,2020-08-31,1689.0
SGP,Singapore,2020-09-30,1554.0
SGP,Singapore,2020-10-31,1625.0
SGP,Singapore,2020-11-30,1589.0
SGP,Singapore,2020-12-31,1621.0
SLV,El Salvador,2020-01-31,4361.0
SLV,El Salvador,2020-02-29,2957.0
SLV,El Salvador,2020-03-31,3078.0
SLV,El Salvador,2020-04-30,3395.0
SLV,El Salvador,2020-05-31,3479.0
SLV,El Salvador,2020-06-30,3843.0
SLV,El Salvador,2020-07-31,4062.0
SLV,El Salvador,2020-08-31,3629.0
SLV,El Salvador,2020-09-30,3757.0
SLV,El Salvador,2020-10-31,3699.0
SLV,El Salvador,2020-11-30,3727.0
SLV,El Salvador,2020-12-31,3080.0
SMR,San Marino,2020-01-31,27.0
SMR,San Marino,2020-02-29,17.0
SMR,San Marino,2020-03-31,19.0
SMR,San Marino,2020-04-30,24.0
SMR,San Marino,2020-05-31,20.0
SMR,San Marino,2020-06-30,24.0
SMR,San Marino,2020-07-31,19.0
SMR,San Marino,2020-08-31,16.0
SMR,San Marino,2020-09-30,21.0
SMR,San Marino,2020-10-31,10.0
SMR,San Marino,2020-11-30,20.0
SMR,San Marino,2020-12-31,18.0
SRB,Serbia,2020-01-31,8259.0
SRB,Serbia,2020-02-29,9307.0
SRB,Serbia,2020-03-31,10149.0
SRB,Serbia,2020-04-30,9237.0
SRB,Serbia,2020-05-31,7948.0
SRB,Serbia,2020-06-30,8177.0
SRB,Serbia,2020-07-31,8752.0
SRB,Serbia,2020-08-31,7436.0
SRB,Serbia,2020-09-30,7811.0
SRB,Serbia,2020-10-31,8157.0
SRB,Serbia,2020-11-30,8643.0
SRB,Serbia,2020-12-31,10389.0
SVK,Slovak Republic,2020-01-05,1112.0
SVK,Slovak Republic,2020-01-12,1187.0
SVK,Slovak Republic,2020-01-19,1210.0
SVK,Slovak Republic,2020-01-26,1235.0
SVK,Slovak Republic,2020-02-02,1292.0
SVK,Slovak Republic,2020-02-09,1226.0
SVK,Slovak Republic,2020-02-16,1275.0
SVK,Slovak Republic,2020-02-23,1266.0
SVK,Slovak Republic,2020-03-01,1235.0
SVK,Slovak Republic,2020-03-08,1164.0
SVK,Slovak Republic,2020-03-15,1186.0
SVK,Slovak Republic,2020-03-22,1102.0
SVK,Slovak Republic,2020-03-29,1088.0
SVK,Slovak Republic,2020-04-05,1037.0
SVK,Slovak Republic,2020-04-12,1090.0
SVK,Slovak Republic,2020-04-19,1078.0
SVK,Slovak Republic,2020-04-26,1062.0
SVK,Slovak Republic,2020-05-03,980.0
SVK,Slovak Republic,2020-05-10,958.0
SVK,Slovak Republic,2020-05-17,915.0
SVK,Slovak Republic,2020-05-24,975.0
SVK,Slovak Republic,2020-05-31,926.0
SVK,Slovak Republic,2020-06-07,1017.0
SVK,Slovak Republic,2020-06-14,1004.0
SVK,Slovak Republic,2020-06-21,910.0
SVK,Slovak Republic,2020-06-28,911.0
SVK,Slovak Republic,2020-07-05,1007.0
SVK,Slovak Republic,2020-07-12,1006.0
SVK,Slovak Republic,2020-07-19,920.0
SVK,Slovak Republic,2020-07-26,1131.0
SVK,Slovak Republic,2020-08-02,861.0
SVK,Slovak Republic,2020-08-09,1025.0
SVK,Slovak Republic,2020-08-16,1120.0
SVK,Slovak Republic,2020-08-23,923.0
SVK,Slovak Republic,2020-08-30,934.0
SVK,Slovak Republic,2020-09-06,928.0
SVK,Slovak Republic,2020-09-13,909.0
SVK,Slovak Republic,2020-09-20,1004.0
SVK,Slovak Republic,2020-09-27,947.0
SVK,Slovak Republic,2020-10-04,904.0
SVK,Slovak Republic,2020-10-11,924.0
SVK,Slovak Republic,2020-10-18,975.0
SVK,Slovak Republic,2020-10-25,937.0
SVK,Slovak Republic,2020-11-01,1031.0
SVK,Slovak Republic,2020-11-08,1008.0
SVK,Slovak Republic,2020-11-15,970.0
SVK,Slovak Republic,2020-11-22,956.0
SVK,Slovak Republic,2020-11-29,929.0
SVK,Slovak Republic,2020-12-06,948.0
SVK,Slovak Republic,2020-12-13,952.0
SVK,Slovak Republic,2020-12-20,1002.0
SVK,Slovak Republic,2020-12-27,1021.0
SVN,Slovenia,2020-01-05,408.0
SVN,Slovenia,2020-01-12,407.0
SVN,Slovenia,2020-01-19,453.0
SVN,Slovenia,2020-01-26,449.0
SVN,Slovenia,2020-02-02,432.0
SVN,Slovenia,2020-02-09,420.0
SVN,Slovenia,2020-02-16,459.0
SVN,Slovenia,2020-02-23,446.0
SVN,Slovenia,2020-03-01,449.0
SVN,Slovenia,2020-03-08,384.0
SVN,Slovenia,2020-03-15,453.0
SVN,Slovenia,2020-03-22,417.0
SVN,Slovenia,2020-03-29,460.0
SVN,Slovenia,2020-04-05,444.0
SVN,Slovenia,2020-04-12,423.0
SVN,Slovenia,2020-04-19,420.0
SVN,Slovenia,2020-04-26,388.0
SVN,Slovenia,2020-05-03,387.0
SVN,Slovenia,2020-05-10,362.0
SVN,Slovenia,2020-05-17,327.0
SVN,Slovenia,2020-05-24,318.0
SVN,Slovenia,2020-05-31,333.0
SVN,Slovenia,2020-06-07,364.0
SVN,Slovenia,2020-06-14,325.0
SVN,Slovenia,2020-06-21,323.0
SVN,Slovenia,2020-06-28,310.0
SVN,Slovenia,2020-07-05,384.0
SVN,Slovenia,2020-07-12,377.0
SVN,Slovenia,2020-07-19,381.0
SVN,Slovenia,2020-07-26,393.0
SVN,Slovenia,2020-08-02,332.0
SVN,Slovenia,2020-08-09,333.0
SVN,Slovenia,2020-08-16,373.0
SVN,Slovenia,2020-08-23,337.0
SVN,Slovenia,2020-08-30,337.0
SVN,Slovenia,2020-09-06,315.0
SVN,Slovenia,2020-09-13,309.0
SVN,Slovenia,2020-09-20,360.0
SVN,Slovenia,2020-09-27,315.0
SVN,Slovenia,2020-10-04,341.0
SVN,Slovenia,2020-10-11,391.0
SVN,Slovenia,2020-10-18,354.0
SVN,Slovenia,2020-10-25,382.0
SVN,Slovenia,2020-11-01,408.0
SVN,Slovenia,2020-11-08,379.0
SVN,Slovenia,2020-11-15,376.0
SVN,Slovenia,2020-11-22,358.0
SVN,Slovenia,2020-11-29,378.0
SVN,Slovenia,2020-12-06,370.0
SVN,Slovenia,2020-12-13,433.0
SVN,Slovenia,2020-12-20,359.0
SVN,Slovenia,2020-12-27,347.0
SWE,Sweden,2020-01-05,1927.0
SWE,Sweden,2020-01-12,1966.0
SWE,Sweden,2020-01-19,1935.0
SWE,Sweden,2020-01-26,1946.0
SWE,Sweden,2020-02-02,1975.0
SWE,Sweden,2020-02-09,1868.0
SWE,Sweden,2020-02-16,2001.0
SWE,Sweden,2020-02-23,2107.0
SWE,Sweden,2020-03-01,2076.0
SWE,Sweden,2020-03-08,2041.0
SWE,Sweden,2020-03-15,1932.0
SWE,Sweden,2020-03-22,1874.0
SWE,Sweden,2020-03-29,1930.0
SWE,Sweden,2020-04-05,1834.0
SWE,Sweden,2020-04-12,1849.0
SWE,Sweden,2020-04-19,1844.0
SWE,Sweden,2020-04-26,1764.0
SWE,Sweden,2020-05-03,1656.0
SWE,Sweden,2020-05-10,1661.0
SWE,Sweden,2020-05-17,1668.0
SWE,Sweden,2020-05-24,1670.0
SWE,Sweden,2020-05-31,1627.0
SWE,Sweden,2020-06-07,1617.0
SWE,Sweden,2020-06-14,1609.0
SWE,Sweden,2020-06-21,1592.0
SWE,Sweden,2020-06-28,1525.0
SWE,Sweden,2020-07-05,1674.0
SWE,Sweden,2020-07-12,1560.0
SWE,Sweden,2020-07-19,1529.0
SWE,Sweden,2020-07-26,1538.0
SWE,Sweden,2020-08-02,1588.0
SWE,Sweden,2020-08-09,1524.0
SWE,Sweden,2020-08-16,1535.0
SWE,Sweden,2020-08-23,1563.0
SWE,Sweden,2020-08-30,1458.0
SWE,Sweden,2020-09-06,1648.0
SWE,Sweden,2020-09-13,1552.0
SWE,Sweden,2020-09-20,1566.0
SWE,Sweden,2020-09-27,1633.0
SWE,Sweden,2020-10-04,1651.0
SWE,Sweden,2020-10-11,1528.0
SWE,Sweden,2020-10-18,1574.0
SWE,Sweden,2020-10-25,1698.0
SWE,Sweden,2020-11-01,1658.0
SWE,Sweden,2020-11-08,1652.0
SWE,Sweden,2020-11-15,1710.0
SWE,Sweden,2020-11-22,1678.0
SWE,Sweden,2020-11-29,1691.0
SWE,Sweden,2020-12-06,1805.0
SWE,Sweden,2020-12-13,1669.0
SWE,Sweden,2020-12-20,1753.0
SWE,Sweden,2020-12-27,1737.0
SYC,Seychelles,2020-01-31,52.0
SYC,Seychelles,2020-02-29,50.0
SYC,Seychelles,2020-03-31,69.0
SYC,Seychelles,2020-04-30,63.0
SYC,Seychelles,2020-05-31,46.0
SYC,Seychelles,2020-06-30,78.0
SYC,Seychelles,2020-07-31,59.0
SYC,Seychelles,2020-08-31,60.0
SYC,Seychelles,2020-09-30,51.0
SYC,Seychelles,2020-10-31,55.0
SYC,Seychelles,2020-11-30,61.0
SYC,Seychelles,2020-12-31,59.0
THA,Thailand,2020-01-31,44867.0
THA,Thailand,2020-02-29,38000.0
THA,Thailand,2020-03-31,38987.0
THA,Thailand,2020-04-30,39660.0
THA,Thailand,2020-05-31,38708.0
THA,Thailand,2020-06-30,36867.0
THA,Thailand,2020-07-31,39105.0
THA,Thailand,2020-08-31,40663.0
THA,Thailand,2020-09-30,37147.0
THA,Thailand,2020-10-31,41876.0
THA,Thailand,2020-11-30,39332.0
THA,Thailand,2020-12-31,38329.0
TUN,Tunisia,2020-01-05,1835.0
TUN,Tunisia,2020-01-12,1684.0
TUN,Tunisia,2020-01-19,1560.0
TUN,Tunisia,2020-01-26,1600.0
TUN,Tunisia,2020-02-02,1666.0
TUN,Tunisia,2020-02-09,1618.0
TUN,Tunisia,2020-02-16,1816.0
TUN,Tunisia,2020-02-23,1758.0
TUN,Tunisia,2020-03-01,1721.0
TUN,Tunisia,2020-03-08,1527.0
TUN,Tunisia,2020-03-15,1497.0
TUN,Tunisia,2020-03-22,1457.0
TUN,Tunisia,2020-03-29,1376.0
TUN,Tunisia,2020-04-05,1292.0
TUN,Tunisia,2020-04-12,1252.0
TUN,Tunisia,2020-04-19,1168.0
TUN,Tunisia,2020-04-26,1157.0
TUN,Tunisia,2020-05-03,1087.0
TUN,Tunisia,2020-05-10,1058.0
TUN,Tunisia,2020-05-17,1058.0
TUN,Tunisia,2020-05-24,1069.0
TUN,Tunisia,2020-05-31,1105.0
TUN,Tunisia,2020-06-07,1065.0
TUN,Tunisia,2020-06-14,1065.0
TUN,Tunisia,2020-06-21,988.0
TUN,Tunisia,2020-06-28,962.0
TUN,Tunisia,2020-07-05,1050.0
TUN,Tunisia,2020-07-12,988.0
TUN,Tunisia,2020-07-19,1138.0
TUN,Tunisia,2020-07-26,1230.0
TUN,Tunisia,2020-08-02,1501.0
TUN,Tunisia,2020-08-09,1223.0
TUN,Tunisia,2020-08-16,1160.0
TUN,Tunisia,2020-08-23,1109.0
TUN,Tunisia,2020-08-30,1116.0
TUN,Tunisia,2020-09-06,1116.0
TUN,Tunisia,2020-09-13,1149.0
TUN,Tunisia,2020-09-20,1054.0
TUN,Tunisia,2020-09-27,1050.0
TUN,Tunisia,2020-10-04,1113.0
TUN,Tunisia,2020-10-11,1105.0
TUN,Tunisia,2020-10-18,1120.0
TUN,Tunisia,2020-10-25,1072.0
TUN,Tunisia,2020-11-01,1193.0
TUN,Tunisia,2020-11-08,1175.0
TUN,Tunisia,2020-11-15,1109.0
TUN,Tunisia,2020-11-22,1186.0
TUN,Tunisia,2020-11-29,1340.0
TUN,Tunisia,2020-12-06,1237.0
TUN,Tunisia,2020-12-13,1270.0
TUN,Tunisia,2020-12-20,1263.0
TUN,Tunisia,2020-12-27,1358.0
TWN,Taiwan,2020-01-05,3356.0
TWN,Taiwan,2020-01-12,3368.0
TWN,Taiwan,2020-01-19,3412.0
TWN,Taiwan,2020-01-26,3316.0
TWN,Taiwan,2020-02-02,3254.0
TWN,Taiwan,2020-02-09,3278.0
TWN,Taiwan,2020-02-16,3502.0
TWN,Taiwan,2020-02-23,3449.0
TWN,Taiwan,2020-03-01,3313.0
TWN,Taiwan,2020-03-08,3272.0
TWN,Taiwan,2020-03-15,3249.0
TWN,Taiwan,2020-03-22,3379.0
TWN,Taiwan,2020-03-29,3254.0
TWN,Taiwan,2020-04-05,3276.0
TWN,Taiwan,2020-04-12,3281.0
TWN,Taiwan,2020-04-19,3294.0
TWN,Taiwan,2020-04-26,3116.0
TWN,Taiwan,2020-05-03,3040.0
TWN,Taiwan,2020-05-10,3016.0
TWN,Taiwan,2020-05-17,3123.0
TWN,Taiwan,2020-05-24,2919.0
TWN,Taiwan,2020-05-31,3006.0
TWN,Taiwan,2020-06-07,2938.0
TWN,Taiwan,2020-06-14,3142.0
TWN,Taiwan,2020-06-21,3379.0
TWN,Taiwan,2020-06-28,3194.0
TWN,Taiwan,2020-07-05,3254.0
TWN,Taiwan,2020-07-12,3109.0
TWN,Taiwan,2020-07-19,3035.0
TWN,Taiwan,2020-07-26,3091.0
TWN,Taiwan,2020-08-02,2993.0
TWN,Taiwan,2020-08-09,2988.0
TWN,Taiwan,2020-08-16,2912.0
TWN,Taiwan,2020-08-23,2981.0
TWN,Taiwan,2020-08-30,2891.0
TWN,Taiwan,2020-09-06,2981.0
TWN,Taiwan,2020-09-13,3028.0
TWN,Taiwan,2020-09-20,3076.0
TWN,Taiwan,2020-09-27,3149.0
TWN,Taiwan,2020-10-04,3045.0
TWN,Taiwan,2020-10-11,3024.0
TWN,Taiwan,2020-10-18,3020.0
TWN,Taiwan,2020-10-25,3087.0
TWN,Taiwan,2020-11-01,3019.0
TWN,Taiwan,2020-11-08,3024.0
TWN,Taiwan,2020-11-15,2953.0
TWN,Taiwan,2020-11-22,3038.0
TWN,Taiwan,2020-11-29,3018.0
TWN,Taiwan,2020-12-06,3152.0
TWN,Taiwan,2020-12-13,3164.0
TWN,Taiwan,2020-12-20,3345.0
TWN,Taiwan,2020-12-27,3300.0
UKR,Ukraine,2020-01-31,55287.0
UKR,Ukraine,2020-02-29,50428.0
UKR,Ukraine,2020-03-31,57059.0
UKR,Ukraine,2020-04-30,54514.0
UKR,Ukraine,2020-05-31,50070.0
UKR,Ukraine,2020-06-30,45851.0
UKR,Ukraine,2020-07-31,48291.0
UKR,Ukraine,2020-08-31,42867.0
UKR,Ukraine,2020-09-30,43642.0
UKR,Ukraine,2020-10-31,48919.0
UKR,Ukraine,2020-11-30,47087.0
UKR,Ukraine,2020-12-31,50780.0
URY,Uruguay,2020-01-31,2514.0
URY,Uruguay,2020-02-29,2219.0
URY,Uruguay,2020-03-31,2474.0
URY,Uruguay,2020-04-30,2485.0
URY,Uruguay,2020-05-31,2736.0
URY,Uruguay,2020-06-30,2948.0
URY,Uruguay,2020-07-31,3545.0
URY,Uruguay,2020-08-31,3100.0
URY,Uruguay,2020-09-30,2940.0
URY,Uruguay,2020-10-31,2804.0
URY,Uruguay,2020-11-30,2544.0
URY,Uruguay,2020-12-31,2658.0
USA,United States,2020-01-12,61882.0
USA,United States,2020-01-19,61261.0
USA,United States,2020-01-26,58738.0
USA,United States,2020-02-02,57380.0
USA,United States,2020-02-09,57393.0
USA,United States,2020-02-16,56535.0
USA,United States,2020-02-23,56462.0
USA,United States,2020-03-01,56028.0
USA,United States,2020-03-08,56221.0
USA,United States,2020-03-15,55374.0
USA,United States,2020-03-22,54387.0
USA,United States,2020-03-29,53336.0
USA,United States,2020-04-05,53121.0
USA,United States,2020-04-12,52785.0
USA,United States,2020-04-19,52942.0
USA,United States,2020-04-26,51702.0
USA,United States,2020-05-03,51590.0
USA,United States,2020-05-10,51758.0
USA,United States,2020-05-17,50771.0
USA,United States,2020-05-24,49428.0
USA,United States,2020-05-31,49816.0
USA,United States,2020-06-07,49132.0
USA,United States,2020-06-14,49845.0
USA,United States,2020-06-21,49222.0
USA,United States,2020-06-28,49169.0
USA,United States,2020-07-05,49334.0
USA,United States,2020-07-12,49019.0
USA,United States,2020-07-19,49344.0
USA,United States,2020-07-26,48655.0
USA,United States,2020-08-02,48673.0
USA,United States,2020-08-09,48279.0
USA,United States,2020-08-16,48086.0
USA,United States,2020-08-23,48546.0
USA,United States,2020-08-30,48615.0
USA,United States,2020-09-06,48817.0
USA,United States,2020-09-13,48885.0
USA,United States,2020-09-20,48935.0
USA,United States,2020-09-27,49329.0
USA,United States,2020-10-04,48916.0
USA,United States,2020-10-11,51048.0
USA,United States,2020-10-18,49936.0
USA,United States,2020-10-25,50761.0
USA,United States,2020-11-01,50471.0
USA,United States,2020-11-08,51282.0
USA,United States,2020-11-15,50744.0
USA,United States,2020-11-22,51489.0
USA,United States,2020-11-29,51292.0
USA,United States,2020-12-06,52088.0
USA,United States,2020-12-13,53661.0
USA,United States,2020-12-20,51948.0
USA,United States,2020-12-27,52866.0
UZB,Uzbekistan,2020-01-31,9402.0
UZB,Uzbekistan,2020-02-29,13028.0
UZB,Uzbekistan,2020-03-31,12873.0
UZB,Uzbekistan,2020-04-30,13276.0
UZB,Uzbekistan,2020-05-31,11707.0
UZB,Uzbekistan,2020-06-30,12748.0
UZB,Uzbekistan,2020-07-31,13701.0
UZB,Uzbekistan,2020-08-31,11387.0
UZB,Uzbekistan,2020-09-30,10947.0
UZB,Uzbekistan,2020-10-31,11651.0
UZB,Uzbekistan,2020-11-30,12495.0
UZB,Uzbekistan,2020-12-31,18820.0
